run_id,profile,scope,config_id,design,varied_parameter,varied_value,n_bootstraps,possessions_per_bootstrap,samples_per_possession,source_possessions,status,elapsed_seconds,lambda_qut,lambda_max_obs,lambda_ci_low,lambda_ci_high,p_value,reject_qut,error,simulation_tag,run_seed
reference__full_game__config_00,reference,full_game,0,baseline,,,100,1000,200,920,ok,15.620965300000536,17.588889891636835,64.4977221913407,54.62192537328962,71.00266449614635,0.0,True,,games10_possessions92_source4370615271_grid20x10_trajectory142_outcome242_baseline0.00_mc100_alpha0.05_min100,142
reference__quarter_1__config_00,reference,quarter_1,0,baseline,,,100,1000,200,230,ok,15.93000640000173,15.885575240431317,75.64484459260206,66.97388872242063,86.97730936315939,0.0,True,,games10_possessions92_source4370615271_grid20x10_trajectory142_outcome242_baseline0.00_mc100_alpha0.05_min100,142
reference__quarter_2__config_00,reference,quarter_2,0,baseline,,,100,1000,200,230,ok,15.973264599997492,15.864944494337148,61.11045299612893,54.08543178437343,71.91567159429444,0.0,True,,games10_possessions92_source4370615271_grid20x10_trajectory142_outcome242_baseline0.00_mc100_alpha0.05_min100,142
reference__quarter_3__config_00,reference,quarter_3,0,baseline,,,100,1000,200,230,ok,15.81262659999993,16.74073459673318,61.8967145234708,46.65662052082198,67.67435570014274,0.0,True,,games10_possessions92_source4370615271_grid20x10_trajectory142_outcome242_baseline0.00_mc100_alpha0.05_min100,142
reference__quarter_4__config_00,reference,quarter_4,0,baseline,,,100,1000,200,230,ok,15.635067100000017,15.31688526648063,71.97616165650174,64.66108956429984,82.64450815754735,0.0,True,,games10_possessions92_source4370615271_grid20x10_trajectory142_outcome242_baseline0.00_mc100_alpha0.05_min100,142
reference__full_game__config_01,reference,full_game,1,one_factor_sweep,n_bootstraps,10.0,10,1000,200,920,ok,3.457209799998964,16.78435565610578,65.24748669785546,56.57746411179821,68.87646633889585,0.0,True,,games10_possessions92_source4370615271_grid20x10_trajectory142_outcome242_baseline0.00_mc100_alpha0.05_min100,143
reference__quarter_1__config_01,reference,quarter_1,1,one_factor_sweep,n_bootstraps,10.0,10,1000,200,230,ok,3.5043479000014486,16.18139147715355,80.80262828133748,66.53984136537939,87.45723653568695,0.0,True,,games10_possessions92_source4370615271_grid20x10_trajectory142_outcome242_baseline0.00_mc100_alpha0.05_min100,143
reference__quarter_2__config_01,reference,quarter_2,1,one_factor_sweep,n_bootstraps,10.0,10,1000,200,230,ok,3.5217823999992106,15.37099290606765,58.22991174690488,53.662620319832605,65.43180358614231,0.0,True,,games10_possessions92_source4370615271_grid20x10_trajectory142_outcome242_baseline0.00_mc100_alpha0.05_min100,143
reference__quarter_3__config_01,reference,quarter_3,1,one_factor_sweep,n_bootstraps,10.0,10,1000,200,230,ok,3.42654119999861,15.593021799753128,54.83268165268952,53.79290115730181,64.64103504329967,0.0,True,,games10_possessions92_source4370615271_grid20x10_trajectory142_outcome242_baseline0.00_mc100_alpha0.05_min100,143
reference__quarter_4__config_01,reference,quarter_4,1,one_factor_sweep,n_bootstraps,10.0,10,1000,200,230,ok,3.518339999998716,15.70665687526424,65.96272533155084,65.48148429018073,81.56695341302559,0.0,True,,games10_possessions92_source4370615271_grid20x10_trajectory142_outcome242_baseline0.00_mc100_alpha0.05_min100,143
reference__full_game__config_02,reference,full_game,2,one_factor_sweep,n_bootstraps,50.0,50,1000,200,920,ok,8.848008400000253,15.788400023616814,64.4713368364604,54.63644951726021,73.40711923147722,0.0,True,,games10_possessions92_source4370615271_grid20x10_trajectory142_outcome242_baseline0.00_mc100_alpha0.05_min100,144
reference__quarter_1__config_02,reference,quarter_1,2,one_factor_sweep,n_bootstraps,50.0,50,1000,200,230,ok,8.934743199999502,15.024659958761074,75.09536503320929,70.7172125810679,84.40848256571245,0.0,True,,games10_possessions92_source4370615271_grid20x10_trajectory142_outcome242_baseline0.00_mc100_alpha0.05_min100,144
reference__quarter_2__config_02,reference,quarter_2,2,one_factor_sweep,n_bootstraps,50.0,50,1000,200,230,ok,8.875244500002736,14.40065300510946,69.49351258469852,53.00438367669828,72.09329513392966,0.0,True,,games10_possessions92_source4370615271_grid20x10_trajectory142_outcome242_baseline0.00_mc100_alpha0.05_min100,144
reference__quarter_3__config_02,reference,quarter_3,2,one_factor_sweep,n_bootstraps,50.0,50,1000,200,230,ok,8.904595700001664,15.271780292587378,60.23348349401057,46.2799610874553,65.90810697114593,0.0,True,,games10_possessions92_source4370615271_grid20x10_trajectory142_outcome242_baseline0.00_mc100_alpha0.05_min100,144
reference__quarter_4__config_02,reference,quarter_4,2,one_factor_sweep,n_bootstraps,50.0,50,1000,200,230,ok,8.81998929999827,17.15579598054342,70.57808699207271,61.43536376394891,81.70135686244231,0.0,True,,games10_possessions92_source4370615271_grid20x10_trajectory142_outcome242_baseline0.00_mc100_alpha0.05_min100,144
reference__full_game__config_03,reference,full_game,3,one_factor_sweep,n_bootstraps,500.0,500,1000,200,920,ok,70.66578050000317,17.333078059475717,62.06243103511221,54.00793812755278,72.51280040863098,0.0,True,,games10_possessions92_source4370615271_grid20x10_trajectory142_outcome242_baseline0.00_mc100_alpha0.05_min100,145
reference__quarter_1__config_03,reference,quarter_1,3,one_factor_sweep,n_bootstraps,500.0,500,1000,200,230,ok,70.68206690000079,16.32106397239405,80.96772187469311,69.31610209097025,87.34602035621387,0.0,True,,games10_possessions92_source4370615271_grid20x10_trajectory142_outcome242_baseline0.00_mc100_alpha0.05_min100,145
reference__quarter_2__config_03,reference,quarter_2,3,one_factor_sweep,n_bootstraps,500.0,500,1000,200,230,ok,71.62125409999862,15.895195820355218,60.63255907942798,53.45701593761959,72.3211356738594,0.0,True,,games10_possessions92_source4370615271_grid20x10_trajectory142_outcome242_baseline0.00_mc100_alpha0.05_min100,145
reference__quarter_3__config_03,reference,quarter_3,3,one_factor_sweep,n_bootstraps,500.0,500,1000,200,230,ok,70.42256970000017,17.937586764480994,57.81432854918066,46.39477822229156,66.91021397999378,0.0,True,,games10_possessions92_source4370615271_grid20x10_trajectory142_outcome242_baseline0.00_mc100_alpha0.05_min100,145
reference__quarter_4__config_03,reference,quarter_4,3,one_factor_sweep,n_bootstraps,500.0,500,1000,200,230,ok,70.07452149999881,17.400171121904553,70.38336038655115,61.9726467135971,83.97381296326837,0.0,True,,games10_possessions92_source4370615271_grid20x10_trajectory142_outcome242_baseline0.00_mc100_alpha0.05_min100,145
reference__full_game__config_04,reference,full_game,4,one_factor_sweep,possessions_per_bootstrap,100.0,100,100,200,920,ok,5.109987200001342,5.227054966036525,7.161895381926632,4.756519765244784,9.843483092152496,0.0,True,,games10_possessions92_source4370615271_grid20x10_trajectory142_outcome242_baseline0.00_mc100_alpha0.05_min100,146
reference__quarter_1__config_04,reference,quarter_1,4,one_factor_sweep,possessions_per_bootstrap,100.0,100,100,200,230,ok,5.115020799999911,5.010819477706285,8.91647960638309,5.831444427457024,11.107150215553096,0.0,True,,games10_possessions92_source4370615271_grid20x10_trajectory142_outcome242_baseline0.00_mc100_alpha0.05_min100,146
reference__quarter_2__config_04,reference,quarter_2,4,one_factor_sweep,possessions_per_bootstrap,100.0,100,100,200,230,ok,5.170243799999298,4.77685222793689,4.937404951377428,4.642945232897602,9.30092510881145,0.04,True,,games10_possessions92_source4370615271_grid20x10_trajectory142_outcome242_baseline0.00_mc100_alpha0.05_min100,146
reference__quarter_3__config_04,reference,quarter_3,4,one_factor_sweep,possessions_per_bootstrap,100.0,100,100,200,230,ok,5.153226900001755,4.887543455263068,6.804447549381053,4.139547617607159,9.72881015078779,0.0,True,,games10_possessions92_source4370615271_grid20x10_trajectory142_outcome242_baseline0.00_mc100_alpha0.05_min100,146
reference__quarter_4__config_04,reference,quarter_4,4,one_factor_sweep,possessions_per_bootstrap,100.0,100,100,200,230,ok,5.248484899999312,5.282063778263594,8.868398595693048,4.943893973515726,11.666280224697507,0.0,True,,games10_possessions92_source4370615271_grid20x10_trajectory142_outcome242_baseline0.00_mc100_alpha0.05_min100,146
reference__full_game__config_05,reference,full_game,5,one_factor_sweep,possessions_per_bootstrap,10000.0,100,10000,200,920,ok,121.41800810000132,50.42993963104366,622.6270990242523,587.9989197291613,644.0591790317204,0.0,True,,games10_possessions92_source4370615271_grid20x10_trajectory142_outcome242_baseline0.00_mc100_alpha0.05_min100,147
reference__quarter_1__config_05,reference,quarter_1,5,one_factor_sweep,possessions_per_bootstrap,10000.0,100,10000,200,230,ok,122.09261129999868,52.46590729335713,801.9768024063335,761.8151820865094,813.6713906483926,0.0,True,,games10_possessions92_source4370615271_grid20x10_trajectory142_outcome242_baseline0.00_mc100_alpha0.05_min100,147
reference__quarter_2__config_05,reference,quarter_2,5,one_factor_sweep,possessions_per_bootstrap,10000.0,100,10000,200,230,ok,120.7937696000008,51.61404144062252,613.6652385952708,586.0762211292986,648.8076206635515,0.0,True,,games10_possessions92_source4370615271_grid20x10_trajectory142_outcome242_baseline0.00_mc100_alpha0.05_min100,147
reference__quarter_3__config_05,reference,quarter_3,5,one_factor_sweep,possessions_per_bootstrap,10000.0,100,10000,200,230,ok,121.71545139999944,55.3432816506722,556.4132583071226,539.2954999149497,597.4753280407925,0.0,True,,games10_possessions92_source4370615271_grid20x10_trajectory142_outcome242_baseline0.00_mc100_alpha0.05_min100,147
reference__quarter_4__config_05,reference,quarter_4,5,one_factor_sweep,possessions_per_bootstrap,10000.0,100,10000,200,230,ok,120.7795674000008,51.53165272409747,699.9534403045188,674.2960964094023,743.4579316157898,0.0,True,,games10_possessions92_source4370615271_grid20x10_trajectory142_outcome242_baseline0.00_mc100_alpha0.05_min100,147
reference__full_game__config_06,reference,full_game,6,one_factor_sweep,samples_per_possession,50.0,100,1000,50,920,ok,12.602273000000425,12.62163088612595,38.69193626092154,36.425145167095074,51.40687133886894,0.0,True,,games10_possessions92_source4370615271_grid20x10_trajectory142_outcome242_baseline0.00_mc100_alpha0.05_min100,148
reference__quarter_1__config_06,reference,quarter_1,6,one_factor_sweep,samples_per_possession,50.0,100,1000,50,230,ok,12.47738290000052,13.624382822050505,52.10178933866183,46.67108524802463,59.73342228502926,0.0,True,,games10_possessions92_source4370615271_grid20x10_trajectory142_outcome242_baseline0.00_mc100_alpha0.05_min100,148
reference__quarter_2__config_06,reference,quarter_2,6,one_factor_sweep,samples_per_possession,50.0,100,1000,50,230,ok,12.55678270000135,13.105307019533054,44.16658087918219,38.58760327542683,52.93124804494583,0.0,True,,games10_possessions92_source4370615271_grid20x10_trajectory142_outcome242_baseline0.00_mc100_alpha0.05_min100,148
reference__quarter_3__config_06,reference,quarter_3,6,one_factor_sweep,samples_per_possession,50.0,100,1000,50,230,ok,12.531227000003128,14.213974512370855,38.08590077728565,33.977827635286395,49.78284730654767,0.0,True,,games10_possessions92_source4370615271_grid20x10_trajectory142_outcome242_baseline0.00_mc100_alpha0.05_min100,148
reference__quarter_4__config_06,reference,quarter_4,6,one_factor_sweep,samples_per_possession,50.0,100,1000,50,230,ok,12.516033200001402,12.646264055454566,49.679551655239386,44.45079470175839,60.097543570619074,0.0,True,,games10_possessions92_source4370615271_grid20x10_trajectory142_outcome242_baseline0.00_mc100_alpha0.05_min100,148
reference__full_game__config_07,reference,full_game,7,one_factor_sweep,samples_per_possession,100.0,100,1000,100,920,ok,13.88675769999827,14.445216467342128,57.84470369937969,47.4031188813617,64.75487306527171,0.0,True,,games10_possessions92_source4370615271_grid20x10_trajectory142_outcome242_baseline0.00_mc100_alpha0.05_min100,149
reference__quarter_1__config_07,reference,quarter_1,7,one_factor_sweep,samples_per_possession,100.0,100,1000,100,230,ok,13.840418499999942,14.772374051862403,68.02802070500485,61.49447475498215,78.37103889951693,0.0,True,,games10_possessions92_source4370615271_grid20x10_trajectory142_outcome242_baseline0.00_mc100_alpha0.05_min100,149
reference__quarter_2__config_07,reference,quarter_2,7,one_factor_sweep,samples_per_possession,100.0,100,1000,100,230,ok,13.912989899999957,13.937473979848132,54.61508726316549,46.69506873707193,66.70369781695483,0.0,True,,games10_possessions92_source4370615271_grid20x10_trajectory142_outcome242_baseline0.00_mc100_alpha0.05_min100,149
reference__quarter_3__config_07,reference,quarter_3,7,one_factor_sweep,samples_per_possession,100.0,100,1000,100,230,ok,13.906792000001587,15.163887201333193,46.92428809376828,43.163122620227895,60.20559574179397,0.0,True,,games10_possessions92_source4370615271_grid20x10_trajectory142_outcome242_baseline0.00_mc100_alpha0.05_min100,149
reference__quarter_4__config_07,reference,quarter_4,7,one_factor_sweep,samples_per_possession,100.0,100,1000,100,230,ok,13.800363400001515,14.185634737654055,56.88343071590014,54.39272687189197,72.82287532058506,0.0,True,,games10_possessions92_source4370615271_grid20x10_trajectory142_outcome242_baseline0.00_mc100_alpha0.05_min100,149
reference__full_game__config_08,reference,full_game,8,one_factor_sweep,samples_per_possession,150.0,100,1000,150,920,ok,14.999737399997684,17.4575564237257,62.70237511946375,52.986102624332354,69.39196371819203,0.0,True,,games10_possessions92_source4370615271_grid20x10_trajectory142_outcome242_baseline0.00_mc100_alpha0.05_min100,150
reference__quarter_1__config_08,reference,quarter_1,8,one_factor_sweep,samples_per_possession,150.0,100,1000,150,230,ok,14.923399200000858,16.724095709457234,76.91498113759306,66.14823776137536,83.32307931962018,0.0,True,,games10_possessions92_source4370615271_grid20x10_trajectory142_outcome242_baseline0.00_mc100_alpha0.05_min100,150
reference__quarter_2__config_08,reference,quarter_2,8,one_factor_sweep,samples_per_possession,150.0,100,1000,150,230,ok,14.864319399999658,16.421132943362604,57.99639858105069,50.8641944761203,69.28746026618299,0.0,True,,games10_possessions92_source4370615271_grid20x10_trajectory142_outcome242_baseline0.00_mc100_alpha0.05_min100,150
reference__quarter_3__config_08,reference,quarter_3,8,one_factor_sweep,samples_per_possession,150.0,100,1000,150,230,ok,15.054217700002482,17.13013051970805,50.88540790236454,46.23522569332147,65.94478876861258,0.0,True,,games10_possessions92_source4370615271_grid20x10_trajectory142_outcome242_baseline0.00_mc100_alpha0.05_min100,150
reference__quarter_4__config_08,reference,quarter_4,8,one_factor_sweep,samples_per_possession,150.0,100,1000,150,230,ok,14.980617900000652,16.27879541204225,74.36793558067173,59.181203363263535,79.19161771813222,0.0,True,,games10_possessions92_source4370615271_grid20x10_trajectory142_outcome242_baseline0.00_mc100_alpha0.05_min100,150
reference__full_game__config_09,reference,full_game,9,one_factor_sweep,samples_per_possession,250.0,100,1000,250,920,ok,16.53024269999878,18.20811176552139,58.78141064000617,55.41049012448307,74.41977521206674,0.0,True,,games10_possessions92_source4370615271_grid20x10_trajectory142_outcome242_baseline0.00_mc100_alpha0.05_min100,151
reference__quarter_1__config_09,reference,quarter_1,9,one_factor_sweep,samples_per_possession,250.0,100,1000,250,230,ok,16.521353399999498,17.504145325769336,85.28232661551272,70.43815638385553,89.51840513228285,0.0,True,,games10_possessions92_source4370615271_grid20x10_trajectory142_outcome242_baseline0.00_mc100_alpha0.05_min100,151
reference__quarter_2__config_09,reference,quarter_2,9,one_factor_sweep,samples_per_possession,250.0,100,1000,250,230,ok,16.481107799998426,16.059169275176004,63.87114058087209,55.61596800659935,74.51890991615117,0.0,True,,games10_possessions92_source4370615271_grid20x10_trajectory142_outcome242_baseline0.00_mc100_alpha0.05_min100,151
reference__quarter_3__config_09,reference,quarter_3,9,one_factor_sweep,samples_per_possession,250.0,100,1000,250,230,ok,16.5111109999998,17.19154769793997,60.17020793018509,48.42921570547759,69.96578915962738,0.0,True,,games10_possessions92_source4370615271_grid20x10_trajectory142_outcome242_baseline0.00_mc100_alpha0.05_min100,151
reference__quarter_4__config_09,reference,quarter_4,9,one_factor_sweep,samples_per_possession,250.0,100,1000,250,230,ok,16.521684799998184,17.88832638509352,71.40617933949191,66.46413819492834,82.40110811850326,0.0,True,,games10_possessions92_source4370615271_grid20x10_trajectory142_outcome242_baseline0.00_mc100_alpha0.05_min100,151
reference__full_game__config_10,reference,full_game,10,individual_profile_like,,,100,10000,150,920,ok,200.3105756,45.701963372564336,597.0550069757187,564.9555128260298,622.8376639288388,0.0,True,,games10_possessions92_source4370615271_grid20x10_trajectory142_outcome242_baseline0.00_mc100_alpha0.05_min100,152
reference__quarter_1__config_10,reference,quarter_1,10,individual_profile_like,,,100,10000,150,230,ok,200.134043,49.90011112077611,748.2408963489739,714.651511972309,776.9996318332073,0.0,True,,games10_possessions92_source4370615271_grid20x10_trajectory142_outcome242_baseline0.00_mc100_alpha0.05_min100,152
reference__quarter_2__config_10,reference,quarter_2,10,individual_profile_like,,,100,10000,150,230,ok,129.30169650000016,46.60051690748725,593.4363664800248,564.9973267793855,615.0293513283613,0.0,True,,games10_possessions92_source4370615271_grid20x10_trajectory142_outcome242_baseline0.00_mc100_alpha0.05_min100,152
reference__quarter_3__config_10,reference,quarter_3,10,individual_profile_like,,,100,10000,150,230,ok,126.80623280000007,45.97920640488245,549.5932869377059,521.4727548441464,582.7235252656404,0.0,True,,games10_possessions92_source4370615271_grid20x10_trajectory142_outcome242_baseline0.00_mc100_alpha0.05_min100,152
reference__quarter_4__config_10,reference,quarter_4,10,individual_profile_like,,,100,10000,150,230,ok,126.8088359000003,48.28630960486761,655.2731629143236,641.9816740930243,702.8407365134657,0.0,True,,games10_possessions92_source4370615271_grid20x10_trajectory142_outcome242_baseline0.00_mc100_alpha0.05_min100,152
high_y_side__full_game__config_00,high_y_side,full_game,0,baseline,,,100,1000,200,920,ok,39.05840499999999,17.150627565280626,103.1207227369751,83.36468238487556,102.2967332103474,0.0,True,,games10_possessions92_source4370615271_grid20x10_trajectory142_outcome242_baseline0.00_mc100_alpha0.05_min100,142
high_y_side__quarter_1__config_00,high_y_side,quarter_1,0,baseline,,,100,1000,200,230,ok,42.1402463999998,16.714824929762415,109.8693426429875,94.33096052714788,111.84592615171763,0.0,True,,games10_possessions92_source4370615271_grid20x10_trajectory142_outcome242_baseline0.00_mc100_alpha0.05_min100,142
high_y_side__quarter_2__config_00,high_y_side,quarter_2,0,baseline,,,100,1000,200,230,ok,52.4173760000001,15.908479135558606,107.05272641559108,92.59880441249412,110.59451424932232,0.0,True,,games10_possessions92_source4370615271_grid20x10_trajectory142_outcome242_baseline0.00_mc100_alpha0.05_min100,142
high_y_side__quarter_3__config_00,high_y_side,quarter_3,0,baseline,,,100,1000,200,230,ok,53.63228449999997,17.352516962530842,81.88765572879848,68.07375249530246,87.12896339688092,0.0,True,,games10_possessions92_source4370615271_grid20x10_trajectory142_outcome242_baseline0.00_mc100_alpha0.05_min100,142
high_y_side__quarter_4__config_00,high_y_side,quarter_4,0,baseline,,,100,1000,200,230,ok,38.563188099999934,15.413344618426004,90.8071780303675,81.04420995288876,102.17708206900603,0.0,True,,games10_possessions92_source4370615271_grid20x10_trajectory142_outcome242_baseline0.00_mc100_alpha0.05_min100,142
high_y_side__full_game__config_01,high_y_side,full_game,1,one_factor_sweep,n_bootstraps,10.0,10,1000,200,920,ok,21.6536873,17.753616617430502,93.95595871759484,85.0924417942904,104.1596294333104,0.0,True,,games10_possessions92_source4370615271_grid20x10_trajectory142_outcome242_baseline0.00_mc100_alpha0.05_min100,143
high_y_side__quarter_1__config_01,high_y_side,quarter_1,1,one_factor_sweep,n_bootstraps,10.0,10,1000,200,230,ok,11.656440599999996,17.44412940307367,98.15544902646904,93.91251070588967,116.31100501920632,0.0,True,,games10_possessions92_source4370615271_grid20x10_trajectory142_outcome242_baseline0.00_mc100_alpha0.05_min100,143
high_y_side__quarter_2__config_01,high_y_side,quarter_2,1,one_factor_sweep,n_bootstraps,10.0,10,1000,200,230,ok,20.93699989999982,15.842005013390018,105.75871583273135,94.39560031542166,108.03807126099696,0.0,True,,games10_possessions92_source4370615271_grid20x10_trajectory142_outcome242_baseline0.00_mc100_alpha0.05_min100,143
high_y_side__quarter_3__config_01,high_y_side,quarter_3,1,one_factor_sweep,n_bootstraps,10.0,10,1000,200,230,ok,12.348043699999836,15.735832548483495,76.11887285799433,70.43412618888944,85.27679104074932,0.0,True,,games10_possessions92_source4370615271_grid20x10_trajectory142_outcome242_baseline0.00_mc100_alpha0.05_min100,143
high_y_side__quarter_4__config_01,high_y_side,quarter_4,1,one_factor_sweep,n_bootstraps,10.0,10,1000,200,230,ok,17.357299099999864,15.794248859382396,97.60055416517164,87.44980937731998,97.08118969053868,0.0,True,,games10_possessions92_source4370615271_grid20x10_trajectory142_outcome242_baseline0.00_mc100_alpha0.05_min100,143
high_y_side__full_game__config_02,high_y_side,full_game,2,one_factor_sweep,n_bootstraps,50.0,50,1000,200,920,ok,27.22065889999999,16.563079760731505,95.56581996712636,81.56714827224415,104.75688957210322,0.0,True,,games10_possessions92_source4370615271_grid20x10_trajectory142_outcome242_baseline0.00_mc100_alpha0.05_min100,144
high_y_side__quarter_1__config_02,high_y_side,quarter_1,2,one_factor_sweep,n_bootstraps,50.0,50,1000,200,230,ok,24.67959440000004,18.525285743762332,99.804340544272,95.86059236528295,110.96908429449704,0.0,True,,games10_possessions92_source4370615271_grid20x10_trajectory142_outcome242_baseline0.00_mc100_alpha0.05_min100,144
high_y_side__quarter_2__config_02,high_y_side,quarter_2,2,one_factor_sweep,n_bootstraps,50.0,50,1000,200,230,ok,21.102100800000017,17.6222698960217,101.94185151868145,90.74535189406468,111.17274186836416,0.0,True,,games10_possessions92_source4370615271_grid20x10_trajectory142_outcome242_baseline0.00_mc100_alpha0.05_min100,144
high_y_side__quarter_3__config_02,high_y_side,quarter_3,2,one_factor_sweep,n_bootstraps,50.0,50,1000,200,230,ok,17.923833699999932,15.808606006004414,68.36412681497217,65.95981809761162,86.42240713551426,0.0,True,,games10_possessions92_source4370615271_grid20x10_trajectory142_outcome242_baseline0.00_mc100_alpha0.05_min100,144
high_y_side__quarter_4__config_02,high_y_side,quarter_4,2,one_factor_sweep,n_bootstraps,50.0,50,1000,200,230,ok,15.543362099999968,17.016792985559217,90.47029429447296,81.05871174216557,101.46682627957938,0.0,True,,games10_possessions92_source4370615271_grid20x10_trajectory142_outcome242_baseline0.00_mc100_alpha0.05_min100,144
high_y_side__full_game__config_03,high_y_side,full_game,3,one_factor_sweep,n_bootstraps,500.0,500,1000,200,920,ok,124.13666220000005,16.626815807329056,99.34116213523424,83.12267042547457,102.2901584759684,0.0,True,,games10_possessions92_source4370615271_grid20x10_trajectory142_outcome242_baseline0.00_mc100_alpha0.05_min100,145
high_y_side__quarter_1__config_03,high_y_side,quarter_1,3,one_factor_sweep,n_bootstraps,500.0,500,1000,200,230,ok,137.27718890000006,16.318948332806453,101.77288761347523,93.42418953232604,113.0001213494088,0.0,True,,games10_possessions92_source4370615271_grid20x10_trajectory142_outcome242_baseline0.00_mc100_alpha0.05_min100,145
high_y_side__quarter_2__config_03,high_y_side,quarter_2,3,one_factor_sweep,n_bootstraps,500.0,500,1000,200,230,ok,122.27532470000006,16.96120713380788,97.15861081439722,92.76874114176591,111.752522836715,0.0,True,,games10_possessions92_source4370615271_grid20x10_trajectory142_outcome242_baseline0.00_mc100_alpha0.05_min100,145
high_y_side__quarter_3__config_03,high_y_side,quarter_3,3,one_factor_sweep,n_bootstraps,500.0,500,1000,200,230,ok,124.36369130000004,18.423261136841813,72.90387121347503,67.56389934244008,87.19407622088359,0.0,True,,games10_possessions92_source4370615271_grid20x10_trajectory142_outcome242_baseline0.00_mc100_alpha0.05_min100,145
high_y_side__quarter_4__config_03,high_y_side,quarter_4,3,one_factor_sweep,n_bootstraps,500.0,500,1000,200,230,ok,172.31059189999996,17.993442872257337,81.33452430276785,82.44753047523807,102.99190966793412,0.0,True,,games10_possessions92_source4370615271_grid20x10_trajectory142_outcome242_baseline0.00_mc100_alpha0.05_min100,145
high_y_side__full_game__config_04,high_y_side,full_game,4,one_factor_sweep,possessions_per_bootstrap,100.0,100,100,200,920,ok,19.055046200000103,5.652230003951274,10.676744594499183,6.83361021828047,12.232285210369191,0.0,True,,games10_possessions92_source4370615271_grid20x10_trajectory142_outcome242_baseline0.00_mc100_alpha0.05_min100,146
high_y_side__quarter_1__config_04,high_y_side,quarter_1,4,one_factor_sweep,possessions_per_bootstrap,100.0,100,100,200,230,ok,9.02718969999978,5.086299438828887,9.552633091239173,7.648490467304278,13.423233185597196,0.0,True,,games10_possessions92_source4370615271_grid20x10_trajectory142_outcome242_baseline0.00_mc100_alpha0.05_min100,146
high_y_side__quarter_2__config_04,high_y_side,quarter_2,4,one_factor_sweep,possessions_per_bootstrap,100.0,100,100,200,230,ok,9.04347000000007,5.520198446488188,9.86321085535695,7.681304423473511,12.863631943103046,0.0,True,,games10_possessions92_source4370615271_grid20x10_trajectory142_outcome242_baseline0.00_mc100_alpha0.05_min100,146
high_y_side__quarter_3__config_04,high_y_side,quarter_3,4,one_factor_sweep,possessions_per_bootstrap,100.0,100,100,200,230,ok,9.574349499999698,5.0034870277249786,7.018846115177658,5.4964286135081775,11.69239157036472,0.01,True,,games10_possessions92_source4370615271_grid20x10_trajectory142_outcome242_baseline0.00_mc100_alpha0.05_min100,146
high_y_side__quarter_4__config_04,high_y_side,quarter_4,4,one_factor_sweep,possessions_per_bootstrap,100.0,100,100,200,230,ok,12.40106569999989,5.151629085276867,12.389642508771429,6.037056714199593,13.089185033802837,0.0,True,,games10_possessions92_source4370615271_grid20x10_trajectory142_outcome242_baseline0.00_mc100_alpha0.05_min100,146
high_y_side__full_game__config_05,high_y_side,full_game,5,one_factor_sweep,possessions_per_bootstrap,10000.0,100,10000,200,920,ok,132.97487629999978,48.88483423395024,930.9642128432648,902.6691031865558,962.3385470716652,0.0,True,,games10_possessions92_source4370615271_grid20x10_trajectory142_outcome242_baseline0.00_mc100_alpha0.05_min100,147
high_y_side__quarter_1__config_05,high_y_side,quarter_1,5,one_factor_sweep,possessions_per_bootstrap,10000.0,100,10000,200,230,ok,131.87368509999988,58.51599740957057,1042.418147761981,997.6257790912292,1068.7909271125166,0.0,True,,games10_possessions92_source4370615271_grid20x10_trajectory142_outcome242_baseline0.00_mc100_alpha0.05_min100,147
high_y_side__quarter_2__config_05,high_y_side,quarter_2,5,one_factor_sweep,possessions_per_bootstrap,10000.0,100,10000,200,230,ok,130.3132585000003,51.46786555945911,1030.039428503514,996.885274413154,1046.391871336961,0.0,True,,games10_possessions92_source4370615271_grid20x10_trajectory142_outcome242_baseline0.00_mc100_alpha0.05_min100,147
high_y_side__quarter_3__config_05,high_y_side,quarter_3,5,one_factor_sweep,possessions_per_bootstrap,10000.0,100,10000,200,230,ok,132.99840249999988,56.00923432643516,749.3915902288846,743.8522100596383,799.175560007956,0.0,True,,games10_possessions92_source4370615271_grid20x10_trajectory142_outcome242_baseline0.00_mc100_alpha0.05_min100,147
high_y_side__quarter_4__config_05,high_y_side,quarter_4,5,one_factor_sweep,possessions_per_bootstrap,10000.0,100,10000,200,230,ok,143.3720303,52.34229655773453,923.4589747314992,901.2936874716164,963.0100624528026,0.0,True,,games10_possessions92_source4370615271_grid20x10_trajectory142_outcome242_baseline0.00_mc100_alpha0.05_min100,147
high_y_side__full_game__config_06,high_y_side,full_game,6,one_factor_sweep,samples_per_possession,50.0,100,1000,50,920,ok,33.21193869999979,13.346035922392204,54.57386449302373,56.25652596712053,69.39663423446464,0.0,True,,games10_possessions92_source4370615271_grid20x10_trajectory142_outcome242_baseline0.00_mc100_alpha0.05_min100,148
high_y_side__quarter_1__config_06,high_y_side,quarter_1,6,one_factor_sweep,samples_per_possession,50.0,100,1000,50,230,ok,34.23156599999993,13.498432429259314,69.23527241883353,62.21942857264283,76.32893508531515,0.0,True,,games10_possessions92_source4370615271_grid20x10_trajectory142_outcome242_baseline0.00_mc100_alpha0.05_min100,148
high_y_side__quarter_2__config_06,high_y_side,quarter_2,6,one_factor_sweep,samples_per_possession,50.0,100,1000,50,230,ok,29.977305299999895,13.411097571967153,67.85080967888902,61.574842886109984,75.22053396984701,0.0,True,,games10_possessions92_source4370615271_grid20x10_trajectory142_outcome242_baseline0.00_mc100_alpha0.05_min100,148
high_y_side__quarter_3__config_06,high_y_side,quarter_3,6,one_factor_sweep,samples_per_possession,50.0,100,1000,50,230,ok,30.97980349999989,14.372321822390443,55.94500150464409,44.76026402176637,58.9651790591948,0.0,True,,games10_possessions92_source4370615271_grid20x10_trajectory142_outcome242_baseline0.00_mc100_alpha0.05_min100,148
high_y_side__quarter_4__config_06,high_y_side,quarter_4,6,one_factor_sweep,samples_per_possession,50.0,100,1000,50,230,ok,33.62301830000024,14.277429209574832,62.04947541444,56.89614587617935,71.83269872316018,0.0,True,,games10_possessions92_source4370615271_grid20x10_trajectory142_outcome242_baseline0.00_mc100_alpha0.05_min100,148
high_y_side__full_game__config_07,high_y_side,full_game,7,one_factor_sweep,samples_per_possession,100.0,100,1000,100,920,ok,37.536778799999865,15.33091326414713,80.31686952632805,72.50836462077852,90.2357215914148,0.0,True,,games10_possessions92_source4370615271_grid20x10_trajectory142_outcome242_baseline0.00_mc100_alpha0.05_min100,149
high_y_side__quarter_1__config_07,high_y_side,quarter_1,7,one_factor_sweep,samples_per_possession,100.0,100,1000,100,230,ok,36.29098609999983,15.705048048122338,84.03693332108531,82.2555926009448,97.95761342815246,0.0,True,,games10_possessions92_source4370615271_grid20x10_trajectory142_outcome242_baseline0.00_mc100_alpha0.05_min100,149
high_y_side__quarter_2__config_07,high_y_side,quarter_2,7,one_factor_sweep,samples_per_possession,100.0,100,1000,100,230,ok,40.70452679999971,14.81842503669169,84.17491356931077,78.32076610649922,96.10776528612216,0.0,True,,games10_possessions92_source4370615271_grid20x10_trajectory142_outcome242_baseline0.00_mc100_alpha0.05_min100,149
high_y_side__quarter_3__config_07,high_y_side,quarter_3,7,one_factor_sweep,samples_per_possession,100.0,100,1000,100,230,ok,36.671054399999775,15.885403335910132,69.32947664043822,58.15092160329009,75.60110737118282,0.0,True,,games10_possessions92_source4370615271_grid20x10_trajectory142_outcome242_baseline0.00_mc100_alpha0.05_min100,149
high_y_side__quarter_4__config_07,high_y_side,quarter_4,7,one_factor_sweep,samples_per_possession,100.0,100,1000,100,230,ok,35.08716050000021,14.026700549758058,76.54533849048663,73.94337363379903,88.28897436902997,0.0,True,,games10_possessions92_source4370615271_grid20x10_trajectory142_outcome242_baseline0.00_mc100_alpha0.05_min100,149
high_y_side__full_game__config_08,high_y_side,full_game,8,one_factor_sweep,samples_per_possession,150.0,100,1000,150,920,ok,33.52548680000018,16.303474186709696,88.78782767432817,79.62124132494019,97.32468684909108,0.0,True,,games10_possessions92_source4370615271_grid20x10_trajectory142_outcome242_baseline0.00_mc100_alpha0.05_min100,150
high_y_side__quarter_1__config_08,high_y_side,quarter_1,8,one_factor_sweep,samples_per_possession,150.0,100,1000,150,230,ok,35.398103399999854,17.430435718623244,103.35395690137074,90.49682941954369,108.58761475532806,0.0,True,,games10_possessions92_source4370615271_grid20x10_trajectory142_outcome242_baseline0.00_mc100_alpha0.05_min100,150
high_y_side__quarter_2__config_08,high_y_side,quarter_2,8,one_factor_sweep,samples_per_possession,150.0,100,1000,150,230,ok,31.278193499999816,16.080129230885696,90.99319505627236,88.23060992387244,105.43699224561554,0.0,True,,games10_possessions92_source4370615271_grid20x10_trajectory142_outcome242_baseline0.00_mc100_alpha0.05_min100,150
high_y_side__quarter_3__config_08,high_y_side,quarter_3,8,one_factor_sweep,samples_per_possession,150.0,100,1000,150,230,ok,47.63555620000034,15.423065678055176,77.38543168783704,63.99851460428129,86.01605207518648,0.0,True,,games10_possessions92_source4370615271_grid20x10_trajectory142_outcome242_baseline0.00_mc100_alpha0.05_min100,150
high_y_side__quarter_4__config_08,high_y_side,quarter_4,8,one_factor_sweep,samples_per_possession,150.0,100,1000,150,230,ok,34.05954990000009,17.12170827823769,86.62269535085501,80.03509008926034,97.5944648700051,0.0,True,,games10_possessions92_source4370615271_grid20x10_trajectory142_outcome242_baseline0.00_mc100_alpha0.05_min100,150
high_y_side__full_game__config_09,high_y_side,full_game,9,one_factor_sweep,samples_per_possession,250.0,100,1000,250,920,ok,37.3971118999998,17.551746591288744,96.40888741724002,86.92675068606366,104.95016017251764,0.0,True,,games10_possessions92_source4370615271_grid20x10_trajectory142_outcome242_baseline0.00_mc100_alpha0.05_min100,151
high_y_side__quarter_1__config_09,high_y_side,quarter_1,9,one_factor_sweep,samples_per_possession,250.0,100,1000,250,230,ok,36.78049060000012,16.688855748151912,106.59725869387724,97.09470985467884,116.89685104662522,0.0,True,,games10_possessions92_source4370615271_grid20x10_trajectory142_outcome242_baseline0.00_mc100_alpha0.05_min100,151
high_y_side__quarter_2__config_09,high_y_side,quarter_2,9,one_factor_sweep,samples_per_possession,250.0,100,1000,250,230,ok,37.12439499999982,17.314466374717778,103.57587554095466,96.64667676928346,115.500693652977,0.0,True,,games10_possessions92_source4370615271_grid20x10_trajectory142_outcome242_baseline0.00_mc100_alpha0.05_min100,151
high_y_side__quarter_3__config_09,high_y_side,quarter_3,9,one_factor_sweep,samples_per_possession,250.0,100,1000,250,230,ok,24.57118739999987,16.985983740322034,72.92171177940959,70.28328781592981,92.30462948467031,0.0,True,,games10_possessions92_source4370615271_grid20x10_trajectory142_outcome242_baseline0.00_mc100_alpha0.05_min100,151
high_y_side__quarter_4__config_09,high_y_side,quarter_4,9,one_factor_sweep,samples_per_possession,250.0,100,1000,250,230,ok,22.23240269999997,17.940363725547332,92.3491731762214,86.05016219982822,107.55863473900796,0.0,True,,games10_possessions92_source4370615271_grid20x10_trajectory142_outcome242_baseline0.00_mc100_alpha0.05_min100,151
high_y_side__full_game__config_10,high_y_side,full_game,10,individual_profile_like,,,100,10000,150,920,ok,126.97839360000036,48.813354113500935,880.7502890038892,854.5880110699183,919.3182555859172,0.0,True,,games10_possessions92_source4370615271_grid20x10_trajectory142_outcome242_baseline0.00_mc100_alpha0.05_min100,152
high_y_side__quarter_1__config_10,high_y_side,quarter_1,10,individual_profile_like,,,100,10000,150,230,ok,127.57101310000009,58.66533120675364,1006.5955656049296,963.32287367127,1020.2472002698568,0.0,True,,games10_possessions92_source4370615271_grid20x10_trajectory142_outcome242_baseline0.00_mc100_alpha0.05_min100,152
high_y_side__quarter_2__config_10,high_y_side,quarter_2,10,individual_profile_like,,,100,10000,150,230,ok,125.25713749999976,46.96582933609978,966.2337870168552,931.6165482613704,991.1341551574636,0.0,True,,games10_possessions92_source4370615271_grid20x10_trajectory142_outcome242_baseline0.00_mc100_alpha0.05_min100,152
high_y_side__quarter_3__config_10,high_y_side,quarter_3,10,individual_profile_like,,,100,10000,150,230,ok,117.13156489999984,46.111003948042736,751.512665169631,708.7954532922278,762.1878593269206,0.0,True,,games10_possessions92_source4370615271_grid20x10_trajectory142_outcome242_baseline0.00_mc100_alpha0.05_min100,152
high_y_side__quarter_4__config_10,high_y_side,quarter_4,10,individual_profile_like,,,100,10000,150,230,ok,113.13946869999928,48.90865073811141,896.8044038922831,856.8446537000152,932.033263988906,0.0,True,,games10_possessions92_source4370615271_grid20x10_trajectory142_outcome242_baseline0.00_mc100_alpha0.05_min100,152
low_y_side__full_game__config_00,low_y_side,full_game,0,baseline,,,100,1000,200,920,ok,27.77203480000003,17.46267705455952,87.4237678664284,77.82836469352235,96.76662881950452,0.0,True,,games10_possessions92_source4370615271_grid20x10_trajectory142_outcome242_baseline0.00_mc100_alpha0.05_min100,142
low_y_side__quarter_1__config_00,low_y_side,quarter_1,0,baseline,,,100,1000,200,230,ok,26.9718398,17.568910833722295,94.6527797431648,81.29244248147072,98.60084153866944,0.0,True,,games10_possessions92_source4370615271_grid20x10_trajectory142_outcome242_baseline0.00_mc100_alpha0.05_min100,142
low_y_side__quarter_2__config_00,low_y_side,quarter_2,0,baseline,,,100,1000,200,230,ok,20.43492779999997,15.548839761880393,96.81549449072956,88.48729315753242,108.47893179692277,0.0,True,,games10_possessions92_source4370615271_grid20x10_trajectory142_outcome242_baseline0.00_mc100_alpha0.05_min100,142
low_y_side__quarter_3__config_00,low_y_side,quarter_3,0,baseline,,,100,1000,200,230,ok,39.087979700000005,17.801952704053303,84.27202043429936,83.44226770089473,103.5234037024703,0.0,True,,games10_possessions92_source4370615271_grid20x10_trajectory142_outcome242_baseline0.00_mc100_alpha0.05_min100,142
low_y_side__quarter_4__config_00,low_y_side,quarter_4,0,baseline,,,100,1000,200,230,ok,42.49671179999996,15.951481098056632,69.59587230562448,69.04727800130328,87.14184820680646,0.0,True,,games10_possessions92_source4370615271_grid20x10_trajectory142_outcome242_baseline0.00_mc100_alpha0.05_min100,142
low_y_side__full_game__config_01,low_y_side,full_game,1,one_factor_sweep,n_bootstraps,10.0,10,1000,200,920,ok,21.87730210000018,17.16045254538049,82.6175900524366,78.26717463781459,93.46724841608594,0.0,True,,games10_possessions92_source4370615271_grid20x10_trajectory142_outcome242_baseline0.00_mc100_alpha0.05_min100,143
low_y_side__quarter_1__config_01,low_y_side,quarter_1,1,one_factor_sweep,n_bootstraps,10.0,10,1000,200,230,ok,16.34551160000001,16.512098751815998,81.42288168396998,78.668685301244,97.46797664324365,0.0,True,,games10_possessions92_source4370615271_grid20x10_trajectory142_outcome242_baseline0.00_mc100_alpha0.05_min100,143
low_y_side__quarter_2__config_01,low_y_side,quarter_2,1,one_factor_sweep,n_bootstraps,10.0,10,1000,200,230,ok,16.075437199999897,15.1229725077805,91.26702021768742,91.56840415671992,105.81998410369634,0.0,True,,games10_possessions92_source4370615271_grid20x10_trajectory142_outcome242_baseline0.00_mc100_alpha0.05_min100,143
low_y_side__quarter_3__config_01,low_y_side,quarter_3,1,one_factor_sweep,n_bootstraps,10.0,10,1000,200,230,ok,24.481381400000146,15.46503082872108,101.9741553957079,84.80577663457022,101.91967483784669,0.0,True,,games10_possessions92_source4370615271_grid20x10_trajectory142_outcome242_baseline0.00_mc100_alpha0.05_min100,143
low_y_side__quarter_4__config_01,low_y_side,quarter_4,1,one_factor_sweep,n_bootstraps,10.0,10,1000,200,230,ok,11.461146999999984,15.767586169837465,80.05152070784304,71.60208734423573,88.17541304570288,0.0,True,,games10_possessions92_source4370615271_grid20x10_trajectory142_outcome242_baseline0.00_mc100_alpha0.05_min100,143
low_y_side__full_game__config_02,low_y_side,full_game,2,one_factor_sweep,n_bootstraps,50.0,50,1000,200,920,ok,25.20022590000008,15.932423883106368,86.03774524444923,77.80548429504124,96.02214701069389,0.0,True,,games10_possessions92_source4370615271_grid20x10_trajectory142_outcome242_baseline0.00_mc100_alpha0.05_min100,144
low_y_side__quarter_1__config_02,low_y_side,quarter_1,2,one_factor_sweep,n_bootstraps,50.0,50,1000,200,230,ok,27.211146999999983,18.707713683935577,87.5379455366465,80.97899985256872,99.68158450535024,0.0,True,,games10_possessions92_source4370615271_grid20x10_trajectory142_outcome242_baseline0.00_mc100_alpha0.05_min100,144
low_y_side__quarter_2__config_02,low_y_side,quarter_2,2,one_factor_sweep,n_bootstraps,50.0,50,1000,200,230,ok,34.45669880000014,16.904510554809356,99.1596095871968,90.37159841672802,110.88966890105516,0.0,True,,games10_possessions92_source4370615271_grid20x10_trajectory142_outcome242_baseline0.00_mc100_alpha0.05_min100,144
low_y_side__quarter_3__config_02,low_y_side,quarter_3,2,one_factor_sweep,n_bootstraps,50.0,50,1000,200,230,ok,34.105251899999985,15.683144499323664,89.84322703536303,83.90562637504823,103.38519098175034,0.0,True,,games10_possessions92_source4370615271_grid20x10_trajectory142_outcome242_baseline0.00_mc100_alpha0.05_min100,144
low_y_side__quarter_4__config_02,low_y_side,quarter_4,2,one_factor_sweep,n_bootstraps,50.0,50,1000,200,230,ok,33.26150430000007,17.355986228013613,79.81739087692733,69.34046798604432,85.54721171046889,0.0,True,,games10_possessions92_source4370615271_grid20x10_trajectory142_outcome242_baseline0.00_mc100_alpha0.05_min100,144
low_y_side__full_game__config_03,low_y_side,full_game,3,one_factor_sweep,n_bootstraps,500.0,500,1000,200,920,ok,132.2156927000001,16.788982734359124,89.9689051089421,76.21402538343831,97.27365053390072,0.0,True,,games10_possessions92_source4370615271_grid20x10_trajectory142_outcome242_baseline0.00_mc100_alpha0.05_min100,145
low_y_side__quarter_1__config_03,low_y_side,quarter_1,3,one_factor_sweep,n_bootstraps,500.0,500,1000,200,230,ok,120.03160750000006,16.88249926927325,96.8851631132226,78.93958487303499,98.89067534948438,0.0,True,,games10_possessions92_source4370615271_grid20x10_trajectory142_outcome242_baseline0.00_mc100_alpha0.05_min100,145
low_y_side__quarter_2__config_03,low_y_side,quarter_2,3,one_factor_sweep,n_bootstraps,500.0,500,1000,200,230,ok,135.33775570000012,16.87840765656116,99.60092109235885,88.81033376625487,110.13931757898168,0.0,True,,games10_possessions92_source4370615271_grid20x10_trajectory142_outcome242_baseline0.00_mc100_alpha0.05_min100,145
low_y_side__quarter_3__config_03,low_y_side,quarter_3,3,one_factor_sweep,n_bootstraps,500.0,500,1000,200,230,ok,121.20205750000014,17.468674013478633,93.29814909691456,81.50040170157747,101.8501636043152,0.0,True,,games10_possessions92_source4370615271_grid20x10_trajectory142_outcome242_baseline0.00_mc100_alpha0.05_min100,145
low_y_side__quarter_4__config_03,low_y_side,quarter_4,3,one_factor_sweep,n_bootstraps,500.0,500,1000,200,230,ok,128.36091940000006,17.387320227730655,73.08377919029732,68.40091099675341,88.2460176234541,0.0,True,,games10_possessions92_source4370615271_grid20x10_trajectory142_outcome242_baseline0.00_mc100_alpha0.05_min100,145
low_y_side__full_game__config_04,low_y_side,full_game,4,one_factor_sweep,possessions_per_bootstrap,100.0,100,100,200,920,ok,17.291520799999944,5.75694820404023,8.994293492517587,5.865339514160754,11.904251918496923,0.0,True,,games10_possessions92_source4370615271_grid20x10_trajectory142_outcome242_baseline0.00_mc100_alpha0.05_min100,146
low_y_side__quarter_1__config_04,low_y_side,quarter_1,4,one_factor_sweep,possessions_per_bootstrap,100.0,100,100,200,230,ok,29.74239720000014,5.011809375321792,8.135395199594736,5.981857061474747,12.220361692848895,0.0,True,,games10_possessions92_source4370615271_grid20x10_trajectory142_outcome242_baseline0.00_mc100_alpha0.05_min100,146
low_y_side__quarter_2__config_04,low_y_side,quarter_2,4,one_factor_sweep,possessions_per_bootstrap,100.0,100,100,200,230,ok,21.40965499999993,5.2576603667073005,12.464051378704443,5.840774175110463,13.04669653332994,0.0,True,,games10_possessions92_source4370615271_grid20x10_trajectory142_outcome242_baseline0.00_mc100_alpha0.05_min100,146
low_y_side__quarter_3__config_04,low_y_side,quarter_3,4,one_factor_sweep,possessions_per_bootstrap,100.0,100,100,200,230,ok,24.139836599999853,5.210243352485319,8.582116986089158,6.484507141316796,12.298398913893717,0.0,True,,games10_possessions92_source4370615271_grid20x10_trajectory142_outcome242_baseline0.00_mc100_alpha0.05_min100,146
low_y_side__quarter_4__config_04,low_y_side,quarter_4,4,one_factor_sweep,possessions_per_bootstrap,100.0,100,100,200,230,ok,25.474740299999667,5.6835347984177975,7.767565062052187,5.982122098427415,10.770490359975485,0.0,True,,games10_possessions92_source4370615271_grid20x10_trajectory142_outcome242_baseline0.00_mc100_alpha0.05_min100,146
low_y_side__full_game__config_05,low_y_side,full_game,5,one_factor_sweep,possessions_per_bootstrap,10000.0,100,10000,200,920,ok,151.87454799999978,49.36152748623177,855.3092134410624,827.5323609146368,901.594487612463,0.0,True,,games10_possessions92_source4370615271_grid20x10_trajectory142_outcome242_baseline0.00_mc100_alpha0.05_min100,147
low_y_side__quarter_1__config_05,low_y_side,quarter_1,5,one_factor_sweep,possessions_per_bootstrap,10000.0,100,10000,200,230,ok,131.06784310000012,56.99114767996954,867.3450139101906,862.6420657795162,922.8297328283082,0.0,True,,games10_possessions92_source4370615271_grid20x10_trajectory142_outcome242_baseline0.00_mc100_alpha0.05_min100,147
low_y_side__quarter_2__config_05,low_y_side,quarter_2,5,one_factor_sweep,possessions_per_bootstrap,10000.0,100,10000,200,230,ok,129.4523795,51.14121350291289,995.7351282173493,964.3526147632358,1033.3931109045363,0.0,True,,games10_possessions92_source4370615271_grid20x10_trajectory142_outcome242_baseline0.00_mc100_alpha0.05_min100,147
low_y_side__quarter_3__config_05,low_y_side,quarter_3,5,one_factor_sweep,possessions_per_bootstrap,10000.0,100,10000,200,230,ok,132.17318010000008,54.36665088747299,884.7188875564149,882.0960850231796,945.2014489706268,0.0,True,,games10_possessions92_source4370615271_grid20x10_trajectory142_outcome242_baseline0.00_mc100_alpha0.05_min100,147
low_y_side__quarter_4__config_05,low_y_side,quarter_4,5,one_factor_sweep,possessions_per_bootstrap,10000.0,100,10000,200,230,ok,130.6165188,53.86212255826117,765.3736652273029,739.3160171295332,805.6582239840236,0.0,True,,games10_possessions92_source4370615271_grid20x10_trajectory142_outcome242_baseline0.00_mc100_alpha0.05_min100,147
low_y_side__full_game__config_06,low_y_side,full_game,6,one_factor_sweep,samples_per_possession,50.0,100,1000,50,920,ok,19.6306368999999,13.490611959086356,60.7810025200302,54.04680322677844,70.35340200630836,0.0,True,,games10_possessions92_source4370615271_grid20x10_trajectory142_outcome242_baseline0.00_mc100_alpha0.05_min100,148
low_y_side__quarter_1__config_06,low_y_side,quarter_1,6,one_factor_sweep,samples_per_possession,50.0,100,1000,50,230,ok,21.79297799999995,12.895755319760273,61.294216500873866,55.444611517594126,70.13074934721611,0.0,True,,games10_possessions92_source4370615271_grid20x10_trajectory142_outcome242_baseline0.00_mc100_alpha0.05_min100,148
low_y_side__quarter_2__config_06,low_y_side,quarter_2,6,one_factor_sweep,samples_per_possession,50.0,100,1000,50,230,ok,21.667412199999944,12.12855707568754,65.7314754559988,63.36266668217741,78.40337776228623,0.0,True,,games10_possessions92_source4370615271_grid20x10_trajectory142_outcome242_baseline0.00_mc100_alpha0.05_min100,148
low_y_side__quarter_3__config_06,low_y_side,quarter_3,6,one_factor_sweep,samples_per_possession,50.0,100,1000,50,230,ok,30.10679660000005,14.06583680762573,59.49959960997334,58.048375600710806,71.63385852693112,0.0,True,,games10_possessions92_source4370615271_grid20x10_trajectory142_outcome242_baseline0.00_mc100_alpha0.05_min100,148
low_y_side__quarter_4__config_06,low_y_side,quarter_4,6,one_factor_sweep,samples_per_possession,50.0,100,1000,50,230,ok,32.059152699999686,13.986596763257344,55.33535758524889,49.87020859256787,63.89249216540484,0.0,True,,games10_possessions92_source4370615271_grid20x10_trajectory142_outcome242_baseline0.00_mc100_alpha0.05_min100,148
low_y_side__full_game__config_07,low_y_side,full_game,7,one_factor_sweep,samples_per_possession,100.0,100,1000,100,920,ok,34.49114349999991,15.326355296570163,70.7745234779705,69.66548501762978,86.26211944153614,0.0,True,,games10_possessions92_source4370615271_grid20x10_trajectory142_outcome242_baseline0.00_mc100_alpha0.05_min100,149
low_y_side__quarter_1__config_07,low_y_side,quarter_1,7,one_factor_sweep,samples_per_possession,100.0,100,1000,100,230,ok,35.48276200000009,15.80973163816468,78.6385972065443,70.13303204912265,86.57048612598481,0.0,True,,games10_possessions92_source4370615271_grid20x10_trajectory142_outcome242_baseline0.00_mc100_alpha0.05_min100,149
low_y_side__quarter_2__config_07,low_y_side,quarter_2,7,one_factor_sweep,samples_per_possession,100.0,100,1000,100,230,ok,36.51063329999988,14.960525293256431,88.82373816270017,74.77664206427707,95.1586585008023,0.0,True,,games10_possessions92_source4370615271_grid20x10_trajectory142_outcome242_baseline0.00_mc100_alpha0.05_min100,149
low_y_side__quarter_3__config_07,low_y_side,quarter_3,7,one_factor_sweep,samples_per_possession,100.0,100,1000,100,230,ok,37.20183429999997,15.146968264216362,84.5584381707874,71.17128645672496,90.56735771464598,0.0,True,,games10_possessions92_source4370615271_grid20x10_trajectory142_outcome242_baseline0.00_mc100_alpha0.05_min100,149
low_y_side__quarter_4__config_07,low_y_side,quarter_4,7,one_factor_sweep,samples_per_possession,100.0,100,1000,100,230,ok,35.356536700000106,14.317607394446272,69.24245535934261,59.994144600022125,75.46325619790358,0.0,True,,games10_possessions92_source4370615271_grid20x10_trajectory142_outcome242_baseline0.00_mc100_alpha0.05_min100,149
low_y_side__full_game__config_08,low_y_side,full_game,8,one_factor_sweep,samples_per_possession,150.0,100,1000,150,920,ok,42.4363059999996,16.744028719636812,84.43056830825113,77.09145678379106,93.38856026211326,0.0,True,,games10_possessions92_source4370615271_grid20x10_trajectory142_outcome242_baseline0.00_mc100_alpha0.05_min100,150
low_y_side__quarter_1__config_08,low_y_side,quarter_1,8,one_factor_sweep,samples_per_possession,150.0,100,1000,150,230,ok,39.83078149999983,17.27828127344187,86.3319185935841,77.75454320786042,95.5021902034725,0.0,True,,games10_possessions92_source4370615271_grid20x10_trajectory142_outcome242_baseline0.00_mc100_alpha0.05_min100,150
low_y_side__quarter_2__config_08,low_y_side,quarter_2,8,one_factor_sweep,samples_per_possession,150.0,100,1000,150,230,ok,36.72005779999972,16.106549164631318,91.29218700963132,85.97167304001981,105.5262468983683,0.0,True,,games10_possessions92_source4370615271_grid20x10_trajectory142_outcome242_baseline0.00_mc100_alpha0.05_min100,150
low_y_side__quarter_3__config_08,low_y_side,quarter_3,8,one_factor_sweep,samples_per_possession,150.0,100,1000,150,230,ok,33.42359039999974,16.397885235938897,82.4402569697226,77.82822448346981,100.04202576335614,0.0,True,,games10_possessions92_source4370615271_grid20x10_trajectory142_outcome242_baseline0.00_mc100_alpha0.05_min100,150
low_y_side__quarter_4__config_08,low_y_side,quarter_4,8,one_factor_sweep,samples_per_possession,150.0,100,1000,150,230,ok,36.41744200000039,16.006140788522508,76.27983035544212,65.79051990440635,82.18776373960709,0.0,True,,games10_possessions92_source4370615271_grid20x10_trajectory142_outcome242_baseline0.00_mc100_alpha0.05_min100,150
low_y_side__full_game__config_09,low_y_side,full_game,9,one_factor_sweep,samples_per_possession,250.0,100,1000,250,920,ok,39.01697049999984,18.271122794582343,96.97386355119788,78.15525696729365,102.47264842638737,0.0,True,,games10_possessions92_source4370615271_grid20x10_trajectory142_outcome242_baseline0.00_mc100_alpha0.05_min100,151
low_y_side__quarter_1__config_09,low_y_side,quarter_1,9,one_factor_sweep,samples_per_possession,250.0,100,1000,250,230,ok,44.9395786,17.064829236688862,95.81856930202107,79.16663801057568,102.08578511297642,0.0,True,,games10_possessions92_source4370615271_grid20x10_trajectory142_outcome242_baseline0.00_mc100_alpha0.05_min100,151
low_y_side__quarter_2__config_09,low_y_side,quarter_2,9,one_factor_sweep,samples_per_possession,250.0,100,1000,250,230,ok,33.554996800000026,19.10515770112781,96.9251749575568,91.74792019045027,112.9992447782736,0.0,True,,games10_possessions92_source4370615271_grid20x10_trajectory142_outcome242_baseline0.00_mc100_alpha0.05_min100,151
low_y_side__quarter_3__config_09,low_y_side,quarter_3,9,one_factor_sweep,samples_per_possession,250.0,100,1000,250,230,ok,36.680707900000016,17.288761729471005,92.46602920615253,82.87399695641736,104.9975545728626,0.0,True,,games10_possessions92_source4370615271_grid20x10_trajectory142_outcome242_baseline0.00_mc100_alpha0.05_min100,151
low_y_side__quarter_4__config_09,low_y_side,quarter_4,9,one_factor_sweep,samples_per_possession,250.0,100,1000,250,230,ok,36.974859299999935,17.668255412412513,74.34172274386944,70.46165709694883,91.09174143736207,0.0,True,,games10_possessions92_source4370615271_grid20x10_trajectory142_outcome242_baseline0.00_mc100_alpha0.05_min100,151
low_y_side__full_game__config_10,low_y_side,full_game,10,individual_profile_like,,,100,10000,150,920,ok,138.2590427,49.511301233775,805.7277909196796,797.6813466726591,856.4272118634334,0.0,True,,games10_possessions92_source4370615271_grid20x10_trajectory142_outcome242_baseline0.00_mc100_alpha0.05_min100,152
low_y_side__quarter_1__config_10,low_y_side,quarter_1,10,individual_profile_like,,,100,10000,150,230,ok,128.27799619999996,53.15236524655568,827.9731982202658,817.7966301521823,874.4019106931875,0.0,True,,games10_possessions92_source4370615271_grid20x10_trajectory142_outcome242_baseline0.00_mc100_alpha0.05_min100,152
low_y_side__quarter_2__config_10,low_y_side,quarter_2,10,individual_profile_like,,,100,10000,150,230,ok,125.77864819999968,46.43039958776104,966.7782857603036,917.813720992664,979.1268092084556,0.0,True,,games10_possessions92_source4370615271_grid20x10_trajectory142_outcome242_baseline0.00_mc100_alpha0.05_min100,152
low_y_side__quarter_3__config_10,low_y_side,quarter_3,10,individual_profile_like,,,100,10000,150,230,ok,121.44259440000042,45.82854848462299,869.6194493382435,850.4633922473405,904.3331651664612,0.0,True,,games10_possessions92_source4370615271_grid20x10_trajectory142_outcome242_baseline0.00_mc100_alpha0.05_min100,152
low_y_side__quarter_4__config_10,low_y_side,quarter_4,10,individual_profile_like,,,100,10000,150,230,ok,115.49502209999991,48.02605453328634,757.4802313590762,708.9693634604971,764.367449650856,0.0,True,,games10_possessions92_source4370615271_grid20x10_trajectory142_outcome242_baseline0.00_mc100_alpha0.05_min100,152
perimeter__full_game__config_00,perimeter,full_game,0,baseline,,,100,1000,200,920,ok,27.160202600000048,13.479544475002438,32.337996507556845,29.54855209930216,40.85624595700216,0.0,True,,games10_possessions92_source4370615271_grid20x10_trajectory142_outcome242_baseline0.00_mc100_alpha0.05_min100,142
perimeter__quarter_1__config_00,perimeter,quarter_1,0,baseline,,,100,1000,200,230,ok,26.95607610000002,15.930210769464477,46.788479034486,29.83542645761631,46.68290847587133,0.0,True,,games10_possessions92_source4370615271_grid20x10_trajectory142_outcome242_baseline0.00_mc100_alpha0.05_min100,142
perimeter__quarter_2__config_00,perimeter,quarter_2,0,baseline,,,100,1000,200,230,ok,22.777709699999832,12.53042831810496,39.85656842791065,30.92772407863205,47.94499045917009,0.0,True,,games10_possessions92_source4370615271_grid20x10_trajectory142_outcome242_baseline0.00_mc100_alpha0.05_min100,142
perimeter__quarter_3__config_00,perimeter,quarter_3,0,baseline,,,100,1000,200,230,ok,37.40222300000005,14.00323988238592,29.875143436364,27.657210893230094,43.80971681572243,0.0,True,,games10_possessions92_source4370615271_grid20x10_trajectory142_outcome242_baseline0.00_mc100_alpha0.05_min100,142
perimeter__quarter_4__config_00,perimeter,quarter_4,0,baseline,,,100,1000,200,230,ok,41.12206049999986,14.124567159436912,39.126155606754,36.78677248373716,48.82586601438809,0.0,True,,games10_possessions92_source4370615271_grid20x10_trajectory142_outcome242_baseline0.00_mc100_alpha0.05_min100,142
perimeter__full_game__config_01,perimeter,full_game,1,one_factor_sweep,n_bootstraps,10.0,10,1000,200,920,ok,21.977889199999936,16.67412261173754,36.057890994572816,27.589388337884,41.333977775106206,0.0,True,,games10_possessions92_source4370615271_grid20x10_trajectory142_outcome242_baseline0.00_mc100_alpha0.05_min100,143
perimeter__quarter_1__config_01,perimeter,quarter_1,1,one_factor_sweep,n_bootstraps,10.0,10,1000,200,230,ok,16.31797009999991,15.221177553357778,36.53125215471054,31.619007556425807,46.71790390014507,0.0,True,,games10_possessions92_source4370615271_grid20x10_trajectory142_outcome242_baseline0.00_mc100_alpha0.05_min100,143
perimeter__quarter_2__config_01,perimeter,quarter_2,1,one_factor_sweep,n_bootstraps,10.0,10,1000,200,230,ok,16.5685962,13.915701773931398,46.38038019470232,34.64971048138537,45.58047626194213,0.0,True,,games10_possessions92_source4370615271_grid20x10_trajectory142_outcome242_baseline0.00_mc100_alpha0.05_min100,143
perimeter__quarter_3__config_01,perimeter,quarter_3,1,one_factor_sweep,n_bootstraps,10.0,10,1000,200,230,ok,24.42534769999997,12.222114142503203,33.48375394783161,30.319824083296147,42.605797030450944,0.0,True,,games10_possessions92_source4370615271_grid20x10_trajectory142_outcome242_baseline0.00_mc100_alpha0.05_min100,143
perimeter__quarter_4__config_01,perimeter,quarter_4,1,one_factor_sweep,n_bootstraps,10.0,10,1000,200,230,ok,11.912715100000014,14.739460859387876,42.3293234984106,39.9232900000558,45.93371723791882,0.0,True,,games10_possessions92_source4370615271_grid20x10_trajectory142_outcome242_baseline0.00_mc100_alpha0.05_min100,143
perimeter__full_game__config_02,perimeter,full_game,2,one_factor_sweep,n_bootstraps,50.0,50,1000,200,920,ok,24.51955420000013,13.906429069430128,32.739854027221355,29.793029042502727,40.83444639295614,0.0,True,,games10_possessions92_source4370615271_grid20x10_trajectory142_outcome242_baseline0.00_mc100_alpha0.05_min100,144
perimeter__quarter_1__config_02,perimeter,quarter_1,2,one_factor_sweep,n_bootstraps,50.0,50,1000,200,230,ok,27.757497799999783,15.125233171424098,31.1731867044012,28.4196157300528,45.264383331949176,0.0,True,,games10_possessions92_source4370615271_grid20x10_trajectory142_outcome242_baseline0.00_mc100_alpha0.05_min100,144
perimeter__quarter_2__config_02,perimeter,quarter_2,2,one_factor_sweep,n_bootstraps,50.0,50,1000,200,230,ok,35.71787010000003,13.75332947886238,39.92302629282644,32.52526399905083,48.40078322109914,0.0,True,,games10_possessions92_source4370615271_grid20x10_trajectory142_outcome242_baseline0.00_mc100_alpha0.05_min100,144
perimeter__quarter_3__config_02,perimeter,quarter_3,2,one_factor_sweep,n_bootstraps,50.0,50,1000,200,230,ok,34.84008270000004,13.165980807945564,33.10789243978669,27.653062166324,40.94246138945513,0.0,True,,games10_possessions92_source4370615271_grid20x10_trajectory142_outcome242_baseline0.00_mc100_alpha0.05_min100,144
perimeter__quarter_4__config_02,perimeter,quarter_4,2,one_factor_sweep,n_bootstraps,50.0,50,1000,200,230,ok,33.44525520000002,13.41339602141136,37.81807351689069,34.957703335170144,49.8181788231216,0.0,True,,games10_possessions92_source4370615271_grid20x10_trajectory142_outcome242_baseline0.00_mc100_alpha0.05_min100,144
perimeter__full_game__config_03,perimeter,full_game,3,one_factor_sweep,n_bootstraps,500.0,500,1000,200,920,ok,133.15794660000006,14.114433369503768,35.446254672743244,29.25651887806,40.11108765906986,0.0,True,,games10_possessions92_source4370615271_grid20x10_trajectory142_outcome242_baseline0.00_mc100_alpha0.05_min100,145
perimeter__quarter_1__config_03,perimeter,quarter_1,3,one_factor_sweep,n_bootstraps,500.0,500,1000,200,230,ok,122.12995280000018,15.749383781363507,34.856589508951565,29.71949470795622,47.40992643001879,0.0,True,,games10_possessions92_source4370615271_grid20x10_trajectory142_outcome242_baseline0.00_mc100_alpha0.05_min100,145
perimeter__quarter_2__config_03,perimeter,quarter_2,3,one_factor_sweep,n_bootstraps,500.0,500,1000,200,230,ok,137.16933820000008,14.66737095594836,32.045590641463605,30.89936745181646,47.146476193433706,0.0,True,,games10_possessions92_source4370615271_grid20x10_trajectory142_outcome242_baseline0.00_mc100_alpha0.05_min100,145
perimeter__quarter_3__config_03,perimeter,quarter_3,3,one_factor_sweep,n_bootstraps,500.0,500,1000,200,230,ok,119.2744051000002,12.295586526974716,31.127875456425144,27.40849830962578,42.969522178678,0.0,True,,games10_possessions92_source4370615271_grid20x10_trajectory142_outcome242_baseline0.00_mc100_alpha0.05_min100,145
perimeter__quarter_4__config_03,perimeter,quarter_4,3,one_factor_sweep,n_bootstraps,500.0,500,1000,200,230,ok,128.8215223999996,15.817543910733916,50.83984171539626,36.48651064626391,50.299824830849374,0.0,True,,games10_possessions92_source4370615271_grid20x10_trajectory142_outcome242_baseline0.00_mc100_alpha0.05_min100,145
perimeter__full_game__config_04,perimeter,full_game,4,one_factor_sweep,possessions_per_bootstrap,100.0,100,100,200,920,ok,27.44513129999996,4.991554888797283,5.89866482555092,2.8013464998507547,6.321768890438723,0.01,True,,games10_possessions92_source4370615271_grid20x10_trajectory142_outcome242_baseline0.00_mc100_alpha0.05_min100,146
perimeter__quarter_1__config_04,perimeter,quarter_1,4,one_factor_sweep,possessions_per_bootstrap,100.0,100,100,200,230,ok,22.954206599999907,4.510803039709338,4.532082232198873,3.332144060736393,8.288247096457923,0.05,True,,games10_possessions92_source4370615271_grid20x10_trajectory142_outcome242_baseline0.00_mc100_alpha0.05_min100,146
perimeter__quarter_2__config_04,perimeter,quarter_2,4,one_factor_sweep,possessions_per_bootstrap,100.0,100,100,200,230,ok,23.182295799999796,4.983584867892252,6.746376642431677,3.1128754405210683,7.312963563975752,0.0,True,,games10_possessions92_source4370615271_grid20x10_trajectory142_outcome242_baseline0.00_mc100_alpha0.05_min100,146
perimeter__quarter_3__config_04,perimeter,quarter_3,4,one_factor_sweep,possessions_per_bootstrap,100.0,100,100,200,230,ok,26.58601820000013,4.838875326804555,4.553998229737286,2.4473547023247426,7.032155402779858,0.09,False,,games10_possessions92_source4370615271_grid20x10_trajectory142_outcome242_baseline0.00_mc100_alpha0.05_min100,146
perimeter__quarter_4__config_04,perimeter,quarter_4,4,one_factor_sweep,possessions_per_bootstrap,100.0,100,100,200,230,ok,21.677542099999755,4.874141995146438,4.855847140758099,3.2924811778402496,7.297772556925227,0.06,False,,games10_possessions92_source4370615271_grid20x10_trajectory142_outcome242_baseline0.00_mc100_alpha0.05_min100,146
perimeter__full_game__config_05,perimeter,full_game,5,one_factor_sweep,possessions_per_bootstrap,10000.0,100,10000,200,920,ok,149.4268559000002,47.40064536464455,322.4973522880705,314.82473233815466,344.35328658815723,0.0,True,,games10_possessions92_source4370615271_grid20x10_trajectory142_outcome242_baseline0.00_mc100_alpha0.05_min100,147
perimeter__quarter_1__config_05,perimeter,quarter_1,5,one_factor_sweep,possessions_per_bootstrap,10000.0,100,10000,200,230,ok,131.99855500000012,48.55677200294702,358.9649767524734,308.3474903751495,383.39816891399295,0.0,True,,games10_possessions92_source4370615271_grid20x10_trajectory142_outcome242_baseline0.00_mc100_alpha0.05_min100,147
perimeter__quarter_2__config_05,perimeter,quarter_2,5,one_factor_sweep,possessions_per_bootstrap,10000.0,100,10000,200,230,ok,129.90802769999982,44.24386584600791,378.3308009575462,341.9668137496964,399.0516291096368,0.0,True,,games10_possessions92_source4370615271_grid20x10_trajectory142_outcome242_baseline0.00_mc100_alpha0.05_min100,147
perimeter__quarter_3__config_05,perimeter,quarter_3,5,one_factor_sweep,possessions_per_bootstrap,10000.0,100,10000,200,230,ok,132.40578520000008,45.959476142622016,357.62329020085946,312.18021433092326,361.3892690521277,0.0,True,,games10_possessions92_source4370615271_grid20x10_trajectory142_outcome242_baseline0.00_mc100_alpha0.05_min100,147
perimeter__quarter_4__config_05,perimeter,quarter_4,5,one_factor_sweep,possessions_per_bootstrap,10000.0,100,10000,200,230,ok,131.48971250000022,47.34415450816175,423.478234161061,396.187630170007,432.3645331301145,0.0,True,,games10_possessions92_source4370615271_grid20x10_trajectory142_outcome242_baseline0.00_mc100_alpha0.05_min100,147
perimeter__full_game__config_06,perimeter,full_game,6,one_factor_sweep,samples_per_possession,50.0,100,1000,50,920,ok,22.359437999999955,10.784529387234937,22.77566210935781,20.648518771077423,30.874852692177733,0.0,True,,games10_possessions92_source4370615271_grid20x10_trajectory142_outcome242_baseline0.00_mc100_alpha0.05_min100,148
perimeter__quarter_1__config_06,perimeter,quarter_1,6,one_factor_sweep,samples_per_possession,50.0,100,1000,50,230,ok,22.195046999999704,11.510009362412967,23.264874536046264,21.229756063179757,30.13774706430573,0.0,True,,games10_possessions92_source4370615271_grid20x10_trajectory142_outcome242_baseline0.00_mc100_alpha0.05_min100,148
perimeter__quarter_2__config_06,perimeter,quarter_2,6,one_factor_sweep,samples_per_possession,50.0,100,1000,50,230,ok,27.799604300000283,10.775680828113916,26.752185692801376,24.193807578795266,36.833279942441685,0.0,True,,games10_possessions92_source4370615271_grid20x10_trajectory142_outcome242_baseline0.00_mc100_alpha0.05_min100,148
perimeter__quarter_3__config_06,perimeter,quarter_3,6,one_factor_sweep,samples_per_possession,50.0,100,1000,50,230,ok,30.727756799999952,11.67803068689446,27.711413632244028,19.79659999589528,28.18972881917999,0.0,True,,games10_possessions92_source4370615271_grid20x10_trajectory142_outcome242_baseline0.00_mc100_alpha0.05_min100,148
perimeter__quarter_4__config_06,perimeter,quarter_4,6,one_factor_sweep,samples_per_possession,50.0,100,1000,50,230,ok,32.51576849999992,10.284310304644084,31.576375618771653,26.14454261190936,33.98298301543861,0.0,True,,games10_possessions92_source4370615271_grid20x10_trajectory142_outcome242_baseline0.00_mc100_alpha0.05_min100,148
perimeter__full_game__config_07,perimeter,full_game,7,one_factor_sweep,samples_per_possession,100.0,100,1000,100,920,ok,35.0425995999999,12.81950010656361,32.33679705695311,26.793158650031064,36.79167410686075,0.0,True,,games10_possessions92_source4370615271_grid20x10_trajectory142_outcome242_baseline0.00_mc100_alpha0.05_min100,149
perimeter__quarter_1__config_07,perimeter,quarter_1,7,one_factor_sweep,samples_per_possession,100.0,100,1000,100,230,ok,33.830487300000186,13.61567832639512,33.28851946580307,25.64218785537817,38.94201932137702,0.0,True,,games10_possessions92_source4370615271_grid20x10_trajectory142_outcome242_baseline0.00_mc100_alpha0.05_min100,149
perimeter__quarter_2__config_07,perimeter,quarter_2,7,one_factor_sweep,samples_per_possession,100.0,100,1000,100,230,ok,35.7196085999999,12.700189291208495,32.14640061973543,28.22927079669921,44.10953341321213,0.0,True,,games10_possessions92_source4370615271_grid20x10_trajectory142_outcome242_baseline0.00_mc100_alpha0.05_min100,149
perimeter__quarter_3__config_07,perimeter,quarter_3,7,one_factor_sweep,samples_per_possession,100.0,100,1000,100,230,ok,35.49019550000003,13.35940664071324,28.519326136285446,23.626690767841776,37.63063632422004,0.0,True,,games10_possessions92_source4370615271_grid20x10_trajectory142_outcome242_baseline0.00_mc100_alpha0.05_min100,149
perimeter__quarter_4__config_07,perimeter,quarter_4,7,one_factor_sweep,samples_per_possession,100.0,100,1000,100,230,ok,29.171326300000143,12.356229195630446,36.511745874513046,32.25997310783449,42.92342589333527,0.0,True,,games10_possessions92_source4370615271_grid20x10_trajectory142_outcome242_baseline0.00_mc100_alpha0.05_min100,149
perimeter__full_game__config_08,perimeter,full_game,8,one_factor_sweep,samples_per_possession,150.0,100,1000,150,920,ok,47.8943577,14.259077394310967,32.16314789497676,28.35877831231788,38.50120676271347,0.0,True,,games10_possessions92_source4370615271_grid20x10_trajectory142_outcome242_baseline0.00_mc100_alpha0.05_min100,150
perimeter__quarter_1__config_08,perimeter,quarter_1,8,one_factor_sweep,samples_per_possession,150.0,100,1000,150,230,ok,34.55121929999996,14.350713540634509,37.05417430209671,27.92717125841206,44.4233662366839,0.0,True,,games10_possessions92_source4370615271_grid20x10_trajectory142_outcome242_baseline0.00_mc100_alpha0.05_min100,150
perimeter__quarter_2__config_08,perimeter,quarter_2,8,one_factor_sweep,samples_per_possession,150.0,100,1000,150,230,ok,35.318030900000394,12.519961152067587,35.677335564162426,30.851124916761663,45.139117126149365,0.0,True,,games10_possessions92_source4370615271_grid20x10_trajectory142_outcome242_baseline0.00_mc100_alpha0.05_min100,150
perimeter__quarter_3__config_08,perimeter,quarter_3,8,one_factor_sweep,samples_per_possession,150.0,100,1000,150,230,ok,34.09949289999986,13.082792755152306,33.763682352639314,26.063290660520455,42.36107282280376,0.0,True,,games10_possessions92_source4370615271_grid20x10_trajectory142_outcome242_baseline0.00_mc100_alpha0.05_min100,150
perimeter__quarter_4__config_08,perimeter,quarter_4,8,one_factor_sweep,samples_per_possession,150.0,100,1000,150,230,ok,34.69394659999989,16.423776104820536,44.71195897481425,35.316352183614626,48.24931470523695,0.0,True,,games10_possessions92_source4370615271_grid20x10_trajectory142_outcome242_baseline0.00_mc100_alpha0.05_min100,150
perimeter__full_game__config_09,perimeter,full_game,9,one_factor_sweep,samples_per_possession,250.0,100,1000,250,920,ok,43.22527499999978,14.465074492840197,33.57365693563721,30.67943221653223,41.71373477323655,0.0,True,,games10_possessions92_source4370615271_grid20x10_trajectory142_outcome242_baseline0.00_mc100_alpha0.05_min100,151
perimeter__quarter_1__config_09,perimeter,quarter_1,9,one_factor_sweep,samples_per_possession,250.0,100,1000,250,230,ok,38.01130730000023,14.92804724985162,32.28629211841648,31.368887369920145,49.28602415493921,0.0,True,,games10_possessions92_source4370615271_grid20x10_trajectory142_outcome242_baseline0.00_mc100_alpha0.05_min100,151
perimeter__quarter_2__config_09,perimeter,quarter_2,9,one_factor_sweep,samples_per_possession,250.0,100,1000,250,230,ok,33.00626860000011,14.867735216540998,36.76677956416419,31.5345187446802,47.587875050654034,0.0,True,,games10_possessions92_source4370615271_grid20x10_trajectory142_outcome242_baseline0.00_mc100_alpha0.05_min100,151
perimeter__quarter_3__config_09,perimeter,quarter_3,9,one_factor_sweep,samples_per_possession,250.0,100,1000,250,230,ok,36.16124510000009,13.367840011325011,30.317317444900866,29.29281194467136,44.31594913655692,0.0,True,,games10_possessions92_source4370615271_grid20x10_trajectory142_outcome242_baseline0.00_mc100_alpha0.05_min100,151
perimeter__quarter_4__config_09,perimeter,quarter_4,9,one_factor_sweep,samples_per_possession,250.0,100,1000,250,230,ok,36.75964879999992,15.576014938785429,52.18089679533609,36.6982202845713,51.32377449061257,0.0,True,,games10_possessions92_source4370615271_grid20x10_trajectory142_outcome242_baseline0.00_mc100_alpha0.05_min100,151
perimeter__full_game__config_10,perimeter,full_game,10,individual_profile_like,,,100,10000,150,920,ok,138.33102759999974,45.01249934402845,329.973018648829,303.3880791493797,329.8633488432153,0.0,True,,games10_possessions92_source4370615271_grid20x10_trajectory142_outcome242_baseline0.00_mc100_alpha0.05_min100,152
perimeter__quarter_1__config_10,perimeter,quarter_1,10,individual_profile_like,,,100,10000,150,230,ok,128.14647920000016,48.56117893645676,318.22846341319047,290.1856618017507,354.324160694046,0.0,True,,games10_possessions92_source4370615271_grid20x10_trajectory142_outcome242_baseline0.00_mc100_alpha0.05_min100,152
perimeter__quarter_2__config_10,perimeter,quarter_2,10,individual_profile_like,,,100,10000,150,230,ok,126.9041616999998,43.3752474049241,380.5728422790588,335.11720078627025,382.9271713807408,0.0,True,,games10_possessions92_source4370615271_grid20x10_trajectory142_outcome242_baseline0.00_mc100_alpha0.05_min100,152
perimeter__quarter_3__config_10,perimeter,quarter_3,10,individual_profile_like,,,100,10000,150,230,ok,121.15465419999964,41.50915018506813,335.87466156522726,295.331686803063,345.277940976872,0.0,True,,games10_possessions92_source4370615271_grid20x10_trajectory142_outcome242_baseline0.00_mc100_alpha0.05_min100,152
perimeter__quarter_4__config_10,perimeter,quarter_4,10,individual_profile_like,,,100,10000,150,230,ok,115.99948539999968,43.91674023110993,388.7542638443708,375.6481876258603,411.4417368099764,0.0,True,,games10_possessions92_source4370615271_grid20x10_trajectory142_outcome242_baseline0.00_mc100_alpha0.05_min100,152
