profile,profile_rank,light_penalty_rank,ranking_method,config_key,n_bootstraps,possessions_per_bootstrap,samples_per_possession,n_scope_results,mean_whole_grid_cosine,median_whole_grid_cosine,minimum_whole_grid_cosine,maximum_whole_grid_cosine,mean_lightly_penalized_whole_grid_cosine,median_lightly_penalized_whole_grid_cosine,minimum_lightly_penalized_whole_grid_cosine,maximum_lightly_penalized_whole_grid_cosine,mean_moderately_penalized_whole_grid_cosine,median_moderately_penalized_whole_grid_cosine,minimum_moderately_penalized_whole_grid_cosine,maximum_moderately_penalized_whole_grid_cosine,mean_support_cosine,mean_outside_energy_fraction,mean_recovered_dynamic_range,qut_rejection_rate,mean_p_value,mean_lambda_qut,mean_lambda_max_obs,mean_lambda_ci_width,mean_lambda_bootstrap_std,expected_scope_results,coverage_fraction,complete_coverage
high_y_side,1,2,"primary performance rank: descending mean moderate-penalty whole-grid cosine; then descending mean light-penalty and raw whole-grid cosine, descending support cosine, ascending leakage, descending minimum moderate score, then ascending B/P/S. light_penalty_rank applies the same deterministic rule with the light score first.",b100_p01000_s200,100,1000,200,5,0.9675652509328121,0.9830383066874139,0.9198583506822746,0.9971722190143312,0.9448140698739209,0.9663918898120758,0.8761450821892935,0.994610189381887,0.9229558573098415,0.9500273573688116,0.8345091442341307,0.99205474235946,0.9912512288865388,0.04722053168543956,0.2384691682457924,1.0,0.0,18.0265287512894,93.01289643301583,19.177696041779008,5.054169502280798,5,1.0,True
high_y_side,2,1,"primary performance rank: descending mean moderate-penalty whole-grid cosine; then descending mean light-penalty and raw whole-grid cosine, descending support cosine, ascending leakage, descending minimum moderate score, then ascending B/P/S. light_penalty_rank applies the same deterministic rule with the light score first.",b050_p01000_s250,50,1000,250,5,0.9687274043033922,0.9799908567178274,0.9230401563966445,0.9963024380747771,0.9450300497719336,0.9604242813695362,0.874634961862465,0.9929656796183322,0.9222502373501381,0.9412483738200677,0.8287681865310195,0.9896400964401674,0.9933854753428422,0.0489775241449288,0.23942506834864616,1.0,0.0,17.779282616278756,95.06413687603131,18.847008633487114,5.30944256735016,5,1.0,True
high_y_side,3,3,"primary performance rank: descending mean moderate-penalty whole-grid cosine; then descending mean light-penalty and raw whole-grid cosine, descending support cosine, ascending leakage, descending minimum moderate score, then ascending B/P/S. light_penalty_rank applies the same deterministic rule with the light score first.",b100_p01000_s250,100,1000,250,5,0.9683118938435653,0.9808346361250394,0.9193856611897585,0.9967214639510463,0.944413383988149,0.9620880518977639,0.868907788020405,0.9938294818769412,0.9214783262474979,0.9436997690673261,0.8212013477624633,0.990945890873581,0.9932213876585223,0.04947313735764433,0.24005026847124097,1.0,0.0,17.779282616278756,95.06413687603131,19.49843690725077,5.341642409301493,5,1.0,True
high_y_side,4,4,"primary performance rank: descending mean moderate-penalty whole-grid cosine; then descending mean light-penalty and raw whole-grid cosine, descending support cosine, ascending leakage, descending minimum moderate score, then ascending B/P/S. light_penalty_rank applies the same deterministic rule with the light score first.",b500_p01000_s100,500,1000,100,5,0.962302341367525,0.9802569377959169,0.9118141854668746,0.9970312765458943,0.9375467210885817,0.9610368998347283,0.8666573734535286,0.9949735434294329,0.913799983528057,0.9421937119064097,0.8237369136528481,0.9929200571863426,0.9881160176969139,0.05163028759439754,0.26896060340106487,1.0,0.0,15.219881466274478,77.93666934208566,18.181353095745365,4.61734206932154,5,1.0,True
high_y_side,5,5,"primary performance rank: descending mean moderate-penalty whole-grid cosine; then descending mean light-penalty and raw whole-grid cosine, descending support cosine, ascending leakage, descending minimum moderate score, then ascending B/P/S. light_penalty_rank applies the same deterministic rule with the light score first.",b100_p02500_s250,100,2500,250,5,0.94764821651631,0.950383838278374,0.8834915558848859,0.9897977615943037,0.9102055433037698,0.9104350284912017,0.811142289497561,0.980710033118006,0.8748109840601869,0.8721654427597569,0.7447177162348255,0.9717057427055869,0.9872821551769485,0.07865229868672477,0.28860374208539724,1.0,0.0,27.14852615886585,234.72257503059473,29.128885383389974,7.936439315812747,5,1.0,True
high_y_side,6,6,"primary performance rank: descending mean moderate-penalty whole-grid cosine; then descending mean light-penalty and raw whole-grid cosine, descending support cosine, ascending leakage, descending minimum moderate score, then ascending B/P/S. light_penalty_rank applies the same deterministic rule with the light score first.",b050_p02500_s250,50,2500,250,5,0.9474002206430949,0.9474569416180648,0.8824767618405843,0.9905907716030576,0.9099017542712694,0.9054564525044368,0.8104944065460692,0.9821704383944065,0.8744637338535812,0.865317832789086,0.7443835480408166,0.9738216806671524,0.9871026622655179,0.07881490215188065,0.28879131335765124,1.0,0.0,27.14852615886585,234.72257503059473,28.022497801482103,8.242024887784897,5,1.0,True
low_y_side,1,1,"primary performance rank: descending mean moderate-penalty whole-grid cosine; then descending mean light-penalty and raw whole-grid cosine, descending support cosine, ascending leakage, descending minimum moderate score, then ascending B/P/S. light_penalty_rank applies the same deterministic rule with the light score first.",b050_p01000_s250,50,1000,250,5,0.9689842822150476,0.980583645463197,0.9144534381597698,0.9979213876079145,0.9506741277096887,0.9717586205618451,0.8749690118515496,0.9970851414907385,0.9330253153194839,0.963013018833488,0.8371894508276972,0.9962495961377481,0.987983714830863,0.038158404504945696,0.24225261583924293,1.0,0.0,17.91774396392718,98.95400940382994,18.714864486895497,5.4854950823399635,5,1.0,True
low_y_side,2,2,"primary performance rank: descending mean moderate-penalty whole-grid cosine; then descending mean light-penalty and raw whole-grid cosine, descending support cosine, ascending leakage, descending minimum moderate score, then ascending B/P/S. light_penalty_rank applies the same deterministic rule with the light score first.",b100_p01000_s250,100,1000,250,5,0.9681470120905505,0.9796579437472482,0.9168833499483289,0.9967365392129849,0.9488338001236883,0.9685608646922043,0.8794015622952827,0.9956335023143399,0.9302135356178013,0.9575894878420369,0.8434520136187074,0.9945316860897166,0.988182527268064,0.040158898436918486,0.24089073725044727,1.0,0.0,17.91774396392718,98.95400940382994,22.530799435143585,5.775094299912707,5,1.0,True
low_y_side,3,3,"primary performance rank: descending mean moderate-penalty whole-grid cosine; then descending mean light-penalty and raw whole-grid cosine, descending support cosine, ascending leakage, descending minimum moderate score, then ascending B/P/S. light_penalty_rank applies the same deterministic rule with the light score first.",b500_p01000_s100,500,1000,100,5,0.965103267989227,0.968731946382122,0.919689130612971,0.9950905879228179,0.9468451735883774,0.956115003812859,0.8881973151295167,0.9945314074866908,0.9291145119702298,0.9436623866180099,0.8577838362376704,0.9939725412759857,0.983906569636904,0.037916813704456,0.27339121371507646,1.0,0.0,15.32543962445778,84.15096398630541,18.752103541953016,4.792572999742896,5,1.0,True
low_y_side,4,4,"primary performance rank: descending mean moderate-penalty whole-grid cosine; then descending mean light-penalty and raw whole-grid cosine, descending support cosine, ascending leakage, descending minimum moderate score, then ascending B/P/S. light_penalty_rank applies the same deterministic rule with the light score first.",b100_p01000_s200,100,1000,200,5,0.965316373257771,0.9759875146762415,0.9148696502484497,0.9963371582652775,0.9446892930121209,0.9632873782183926,0.8764843795542772,0.9952031114328579,0.9248116830068447,0.9507525035734486,0.8397096432196877,0.9940703553906166,0.9867253574486468,0.04295235903626534,0.25032308623194693,1.0,0.0,16.921040465337914,96.87399692195049,20.402063107348415,5.155912995036312,5,1.0,True
low_y_side,5,5,"primary performance rank: descending mean moderate-penalty whole-grid cosine; then descending mean light-penalty and raw whole-grid cosine, descending support cosine, ascending leakage, descending minimum moderate score, then ascending B/P/S. light_penalty_rank applies the same deterministic rule with the light score first.",b050_p02500_s250,50,2500,250,5,0.9281711153160609,0.9347863133121891,0.8639235194375585,0.9912480008883902,0.8905495418066923,0.9029045354424435,0.7777394535579358,0.9874469948643143,0.8554491195460061,0.872110115983557,0.7001530158762106,0.9836605640492498,0.9685422951588706,0.08150265410163526,0.30335721321403974,1.0,0.0,26.62061065677137,249.95932765288808,30.59900236804014,8.378230348210653,5,1.0,True
low_y_side,6,6,"primary performance rank: descending mean moderate-penalty whole-grid cosine; then descending mean light-penalty and raw whole-grid cosine, descending support cosine, ascending leakage, descending minimum moderate score, then ascending B/P/S. light_penalty_rank applies the same deterministic rule with the light score first.",b100_p02500_s250,100,2500,250,5,0.9258159713495038,0.9315488717566602,0.855267995786006,0.9909905789046431,0.8869369903301264,0.8973639728324055,0.7651358258129473,0.9871141741467078,0.8507828326094984,0.864433551638619,0.6845022084620832,0.9832529325135964,0.9676821756380605,0.08449571895441774,0.302629111520946,1.0,0.0,26.62061065677137,249.95932765288808,33.145487011922235,8.376133976967212,5,1.0,True
perimeter,1,1,"primary performance rank: descending mean moderate-penalty whole-grid cosine; then descending mean light-penalty and raw whole-grid cosine, descending support cosine, ascending leakage, descending minimum moderate score, then ascending B/P/S. light_penalty_rank applies the same deterministic rule with the light score first.",b050_p02500_s250,50,2500,250,5,0.8202495002286261,0.8159153203413159,0.7426650766465734,0.8807892789366433,0.7234951214254683,0.7029195215138999,0.6398794479570181,0.8013995362094734,0.6386310938587798,0.631347871997257,0.551319458519024,0.730422944288714,0.9306459906283392,0.2228393456431204,0.23156803607940674,1.0,0.0,28.432243590584655,153.56499555929284,38.95107857979272,10.348103302949863,5,1.0,True
perimeter,2,2,"primary performance rank: descending mean moderate-penalty whole-grid cosine; then descending mean light-penalty and raw whole-grid cosine, descending support cosine, ascending leakage, descending minimum moderate score, then ascending B/P/S. light_penalty_rank applies the same deterministic rule with the light score first.",b100_p02500_s250,100,2500,250,5,0.819822457924872,0.8139852605335093,0.7423738453826693,0.8804380945597824,0.7230801970098131,0.7054246221126313,0.6401812707464596,0.8041002349898145,0.6382535988278132,0.6344581887459492,0.5520561668000262,0.7343812039777338,0.9302422076049168,0.22286815245125555,0.23199037089943886,1.0,0.0,28.432243590584655,153.56499555929284,39.799028054066966,10.129005385703072,5,1.0,True
perimeter,3,3,"primary performance rank: descending mean moderate-penalty whole-grid cosine; then descending mean light-penalty and raw whole-grid cosine, descending support cosine, ascending leakage, descending minimum moderate score, then ascending B/P/S. light_penalty_rank applies the same deterministic rule with the light score first.",b100_p01000_s250,100,1000,250,5,0.7862235766862404,0.782291566220625,0.7292786328036915,0.8459130856480153,0.6780323550116022,0.6747529866771333,0.630489639309484,0.7393025943736968,0.5854559846536941,0.5615778926350967,0.5239634784982108,0.6505275944877097,0.9127979709401031,0.2555399598256017,0.1664259860664606,1.0,0.0,17.034549739423483,62.56429168809196,24.176877383912778,6.421615251071062,5,1.0,True
perimeter,4,5,"primary performance rank: descending mean moderate-penalty whole-grid cosine; then descending mean light-penalty and raw whole-grid cosine, descending support cosine, ascending leakage, descending minimum moderate score, then ascending B/P/S. light_penalty_rank applies the same deterministic rule with the light score first.",b100_p01000_s200,100,1000,200,5,0.7773947853192059,0.7586657730622032,0.7149824397890798,0.8648387100510913,0.6731924358715022,0.6537660644493547,0.6183718746412347,0.7700006916305754,0.5839892087943565,0.5387533774259677,0.5214330326430688,0.6855625889786294,0.8993067519710201,0.24923768578388078,0.16311423517763615,1.0,0.0,17.49643316567217,63.666273606059406,24.1269368643632,6.505791092602986,5,1.0,True
perimeter,5,4,"primary performance rank: descending mean moderate-penalty whole-grid cosine; then descending mean light-penalty and raw whole-grid cosine, descending support cosine, ascending leakage, descending minimum moderate score, then ascending B/P/S. light_penalty_rank applies the same deterministic rule with the light score first.",b050_p01000_s250,50,1000,250,5,0.7862982708400217,0.7806648134159083,0.7323893129602631,0.8431860301291041,0.6762667460726273,0.6744140406533025,0.6297758081718462,0.736751628942837,0.5822669230137584,0.5618473225386018,0.5241983313507796,0.6437523195999969,0.9152194886406143,0.25973521353343687,0.1664811497554183,1.0,0.0,17.034549739423483,62.56429168809196,22.876346038051725,6.127120397147072,5,1.0,True
perimeter,6,6,"primary performance rank: descending mean moderate-penalty whole-grid cosine; then descending mean light-penalty and raw whole-grid cosine, descending support cosine, ascending leakage, descending minimum moderate score, then ascending B/P/S. light_penalty_rank applies the same deterministic rule with the light score first.",b500_p01000_s100,500,1000,100,5,0.7767829423480522,0.7792256594623186,0.7262906699987322,0.8265928260459182,0.6686309498647235,0.6504732630927224,0.6272734655705869,0.716170032752979,0.5763726242916878,0.5417555489314232,0.5270444511910878,0.6554842607709698,0.903711879566029,0.25812363752377143,0.17960008047521114,1.0,0.0,14.887723864186132,51.108571417425466,21.97166794378314,5.6443237059208275,5,1.0,True
reference,1,1,"primary performance rank: descending mean moderate-penalty whole-grid cosine; then descending mean light-penalty and raw whole-grid cosine, descending support cosine, ascending leakage, descending minimum moderate score, then ascending B/P/S. light_penalty_rank applies the same deterministic rule with the light score first.",b100_p02500_s250,100,2500,250,5,0.8761841829036984,0.8922272925811362,0.8157728837848971,0.9251452353061359,0.8285955259980972,0.7983237042291051,0.7822085582303918,0.8895754594379939,0.7845056905215868,0.7703628574053919,0.714303117639863,0.8614434222560017,0.9276086494923618,0.10455500466111031,0.3228899309039116,1.0,0.0,24.631928302286024,166.0251165768943,37.03090525503255,10.199111731877444,5,1.0,True
reference,2,2,"primary performance rank: descending mean moderate-penalty whole-grid cosine; then descending mean light-penalty and raw whole-grid cosine, descending support cosine, ascending leakage, descending minimum moderate score, then ascending B/P/S. light_penalty_rank applies the same deterministic rule with the light score first.",b050_p02500_s250,50,2500,250,5,0.874774725667206,0.8906877343456489,0.8119975435333943,0.9260925464125871,0.8270503196318663,0.7957346637554187,0.7787441901418107,0.8904756139478931,0.7828945567942001,0.768535509289183,0.7109042043417497,0.8620808436045135,0.9264181647896175,0.10495635139959462,0.32350453607738017,1.0,0.0,24.631928302286024,166.0251165768943,36.54774087762963,10.36633940690813,5,1.0,True
reference,3,3,"primary performance rank: descending mean moderate-penalty whole-grid cosine; then descending mean light-penalty and raw whole-grid cosine, descending support cosine, ascending leakage, descending minimum moderate score, then ascending B/P/S. light_penalty_rank applies the same deterministic rule with the light score first.",b500_p01000_s100,500,1000,100,5,0.8796622726994208,0.8910584677968866,0.8459295429000526,0.9125393140665958,0.8223854220392519,0.8132209987253934,0.7520472458269012,0.896115874027558,0.7699830333866775,0.7811738350331957,0.6685841211041035,0.8799880150978029,0.9423378882171868,0.12553790027942885,0.2590710690617561,1.0,0.0,14.287391178265647,56.23012393996571,20.530988398513415,5.3761311157120435,5,1.0,True
reference,4,4,"primary performance rank: descending mean moderate-penalty whole-grid cosine; then descending mean light-penalty and raw whole-grid cosine, descending support cosine, ascending leakage, descending minimum moderate score, then ascending B/P/S. light_penalty_rank applies the same deterministic rule with the light score first.",b100_p01000_s200,100,1000,200,5,0.8815921078996446,0.8851837248337476,0.8437333460000654,0.9138595037012799,0.8222143986035156,0.8209233821219107,0.74803885057308,0.8943023633956386,0.7680287330680238,0.7859555495312799,0.6631978273935036,0.8751637575970911,0.9467426467216724,0.13001533102939358,0.24308070093393325,1.0,0.0,15.372292975252881,66.97705917114457,22.886301597968306,6.116732624142141,5,1.0,True
reference,5,5,"primary performance rank: descending mean moderate-penalty whole-grid cosine; then descending mean light-penalty and raw whole-grid cosine, descending support cosine, ascending leakage, descending minimum moderate score, then ascending B/P/S. light_penalty_rank applies the same deterministic rule with the light score first.",b100_p01000_s250,100,1000,250,5,0.8817115103688631,0.8773248004175643,0.8493600793846489,0.9132200554204924,0.8197222860091878,0.8191425003948485,0.754403861917161,0.8910122764847557,0.763281010141161,0.7814906812489274,0.6700634992026601,0.869344548594034,0.9498837935806888,0.13551105460152196,0.23280948780477048,1.0,0.0,16.368848638463525,68.99876441999778,22.787911909780338,6.202283259498148,5,1.0,True
reference,6,6,"primary performance rank: descending mean moderate-penalty whole-grid cosine; then descending mean light-penalty and raw whole-grid cosine, descending support cosine, ascending leakage, descending minimum moderate score, then ascending B/P/S. light_penalty_rank applies the same deterministic rule with the light score first.",b050_p01000_s250,50,1000,250,5,0.8812318035244294,0.8775193249869564,0.8451292054319164,0.9143890774398838,0.8174221126675871,0.8169843950333824,0.7480297674295514,0.8903511868221388,0.7593925612915307,0.7760844542746632,0.6620863761000223,0.8669452155914542,0.9514889863253556,0.1395882530304377,0.23311994321644303,1.0,0.0,16.368848638463525,68.99876441999778,21.527722312985563,6.238910356819962,5,1.0,True
