run_id,profile,scope,config_id,design,n_bootstraps,possessions_per_bootstrap,samples_per_possession,lambda_qut,map_status,spatial_correlation,standardized_rmse,recovered_dynamic_range,error
high_y_side__full_game__config_00,high_y_side,full_game,0,baseline,100,1000,200,17.150627565280626,ok,0.8477849504286957,0.5939004400600603,0.22616039589047432,
high_y_side__quarter_1__config_00,high_y_side,quarter_1,0,baseline,100,1000,200,16.714824929762415,ok,0.8573467089601403,0.5687948888834313,0.29959114640951157,
high_y_side__quarter_2__config_00,high_y_side,quarter_2,0,baseline,100,1000,200,15.908479135558606,ok,0.8825962257168009,0.5186483357463023,0.3278746008872984,
high_y_side__quarter_3__config_00,high_y_side,quarter_3,0,baseline,100,1000,200,17.352516962530842,ok,0.8494110826275137,0.573636026877175,0.18073833361268044,
high_y_side__quarter_4__config_00,high_y_side,quarter_4,0,baseline,100,1000,200,15.413344618426004,ok,0.7538087532531768,0.75108767520026,0.2573203518986702,
high_y_side__full_game__config_01,high_y_side,full_game,1,one_factor_sweep,10,1000,200,17.753616617430502,ok,0.865253609492469,0.5502856378257354,0.2519410476088524,
high_y_side__quarter_1__config_01,high_y_side,quarter_1,1,one_factor_sweep,10,1000,200,17.44412940307367,ok,0.8552128464928375,0.5742467500001672,0.23283421620726585,
high_y_side__quarter_2__config_01,high_y_side,quarter_2,1,one_factor_sweep,10,1000,200,15.842005013390018,ok,0.8690443072090981,0.539084285168191,0.36817845702171326,
high_y_side__quarter_3__config_01,high_y_side,quarter_3,1,one_factor_sweep,10,1000,200,15.735832548483495,ok,0.8533957430593861,0.5491978620855714,0.17469148337841034,
high_y_side__quarter_4__config_01,high_y_side,quarter_4,1,one_factor_sweep,10,1000,200,15.794248859382396,ok,0.7786212690924353,0.7216380777287195,0.2283543199300766,
high_y_side__full_game__config_02,high_y_side,full_game,2,one_factor_sweep,50,1000,200,16.563079760731505,ok,0.8860608965548529,0.512226081007793,0.2366659864783287,
high_y_side__quarter_1__config_02,high_y_side,quarter_1,2,one_factor_sweep,50,1000,200,18.525285743762332,ok,0.8896027406013904,0.492839600544099,0.255646713078022,
high_y_side__quarter_2__config_02,high_y_side,quarter_2,2,one_factor_sweep,50,1000,200,17.6222698960217,ok,0.8648907536350512,0.5530962385383966,0.32601068541407585,
high_y_side__quarter_3__config_02,high_y_side,quarter_3,2,one_factor_sweep,50,1000,200,15.808606006004414,ok,0.913373494999333,0.4330513767217257,0.16357925161719322,
high_y_side__quarter_4__config_02,high_y_side,quarter_4,2,one_factor_sweep,50,1000,200,17.016792985559217,ok,0.7674812668292014,0.7376108462906367,0.2443269118666649,
high_y_side__full_game__config_03,high_y_side,full_game,3,one_factor_sweep,500,1000,200,16.626815807329056,ok,0.8890368557231255,0.5073870266092295,0.2472100369632244,
high_y_side__quarter_1__config_03,high_y_side,quarter_1,3,one_factor_sweep,500,1000,200,16.318948332806453,ok,0.8816780284667194,0.5122253866561579,0.30225951969623566,
high_y_side__quarter_2__config_03,high_y_side,quarter_2,3,one_factor_sweep,500,1000,200,16.96120713380788,ok,0.8878667793657007,0.5065522144822391,0.3012091852724552,
high_y_side__quarter_3__config_03,high_y_side,quarter_3,3,one_factor_sweep,500,1000,200,18.423261136841813,ok,0.880464511762306,0.5015642035380543,0.1584690883755684,
high_y_side__quarter_4__config_03,high_y_side,quarter_4,3,one_factor_sweep,500,1000,200,17.993442872257337,ok,0.720540908272762,0.8244132462867982,0.21334054693579674,
high_y_side__full_game__config_04,high_y_side,full_game,4,one_factor_sweep,100,100,200,5.652230003951274,ok,0.8203090171350285,0.6442165199555526,0.09987033158540726,
high_y_side__quarter_1__config_04,high_y_side,quarter_1,4,one_factor_sweep,100,100,200,5.086299438828887,ok,0.6872594777841143,0.8725115141156147,0.08162855729460716,
high_y_side__quarter_2__config_04,high_y_side,quarter_2,4,one_factor_sweep,100,100,200,5.520198446488188,ok,0.721465743572784,0.8266194689470455,0.09388130344450474,
high_y_side__quarter_3__config_04,high_y_side,quarter_3,4,one_factor_sweep,100,100,200,5.0034870277249786,ok,0.8518603959737449,0.5851632293745261,0.0643258597701788,
high_y_side__quarter_4__config_04,high_y_side,quarter_4,4,one_factor_sweep,100,100,200,5.151629085276867,ok,0.8809228150019749,0.5162660789974906,0.17245681583881378,
high_y_side__full_game__config_05,high_y_side,full_game,5,one_factor_sweep,100,10000,200,48.88483423395024,ok,0.8877350102917644,0.49972322403497793,0.29915304481983185,
high_y_side__quarter_1__config_05,high_y_side,quarter_1,5,one_factor_sweep,100,10000,200,58.51599740957057,ok,0.8372885897285457,0.571570240394745,0.43280310928821564,
high_y_side__quarter_2__config_05,high_y_side,quarter_2,5,one_factor_sweep,100,10000,200,51.46786555945911,ok,0.809059580961263,0.6409600628398044,0.5836791768670082,
high_y_side__quarter_3__config_05,high_y_side,quarter_3,5,one_factor_sweep,100,10000,200,56.00923432643516,ok,0.6697964892938723,0.8153789476722111,0.29525046050548553,
high_y_side__quarter_4__config_05,high_y_side,quarter_4,5,one_factor_sweep,100,10000,200,52.34229655773453,ok,0.6425054118622407,0.9026172336633396,0.41575421392917633,
high_y_side__full_game__config_06,high_y_side,full_game,6,one_factor_sweep,100,1000,50,13.346035922392204,ok,0.851401800688852,0.5811912183508051,0.22266100719571114,
high_y_side__quarter_1__config_06,high_y_side,quarter_1,6,one_factor_sweep,100,1000,50,13.498432429259314,ok,0.8547584817506685,0.5721331967750761,0.3108598068356514,
high_y_side__quarter_2__config_06,high_y_side,quarter_2,6,one_factor_sweep,100,1000,50,13.411097571967153,ok,0.8894963739193342,0.5058688069549568,0.31016115918755527,
high_y_side__quarter_3__config_06,high_y_side,quarter_3,6,one_factor_sweep,100,1000,50,14.372321822390443,ok,0.8415944904569284,0.5803379646843828,0.22336687967181207,
high_y_side__quarter_4__config_06,high_y_side,quarter_4,6,one_factor_sweep,100,1000,50,14.277429209574832,ok,0.8053950763424391,0.6690196316418467,0.26277050003409386,
high_y_side__full_game__config_07,high_y_side,full_game,7,one_factor_sweep,100,1000,100,15.33091326414713,ok,0.9081967144885007,0.46079074015517413,0.2362254336476326,
high_y_side__quarter_1__config_07,high_y_side,quarter_1,7,one_factor_sweep,100,1000,100,15.705048048122338,ok,0.8715795216286343,0.5455955595666435,0.25368718802928925,
high_y_side__quarter_2__config_07,high_y_side,quarter_2,7,one_factor_sweep,100,1000,100,14.81842503669169,ok,0.8535454908866765,0.5780642586985227,0.33517083525657615,
high_y_side__quarter_3__config_07,high_y_side,quarter_3,7,one_factor_sweep,100,1000,100,15.885403335910132,ok,0.8711709371941563,0.5236598594909789,0.18818803876638412,
high_y_side__quarter_4__config_07,high_y_side,quarter_4,7,one_factor_sweep,100,1000,100,14.026700549758058,ok,0.7760521710659438,0.7277316637094835,0.26932520419359207,
high_y_side__full_game__config_08,high_y_side,full_game,8,one_factor_sweep,100,1000,150,16.303474186709696,ok,0.8498671375941685,0.5801535742170036,0.22156670689582825,
high_y_side__quarter_1__config_08,high_y_side,quarter_1,8,one_factor_sweep,100,1000,150,17.430435718623244,ok,0.8616395290301986,0.5689013764149095,0.2616199776530266,
high_y_side__quarter_2__config_08,high_y_side,quarter_2,8,one_factor_sweep,100,1000,150,16.080129230885696,ok,0.8783975593239799,0.5203369169774982,0.32946012169122696,
high_y_side__quarter_3__config_08,high_y_side,quarter_3,8,one_factor_sweep,100,1000,150,15.423065678055176,ok,0.901560711555455,0.44556522564502793,0.18868902325630188,
high_y_side__quarter_4__config_08,high_y_side,quarter_4,8,one_factor_sweep,100,1000,150,17.12170827823769,ok,0.8452189005237063,0.5957351215645124,0.22390654310584068,
high_y_side__full_game__config_09,high_y_side,full_game,9,one_factor_sweep,100,1000,250,17.551746591288744,ok,0.9015339117534307,0.4774443150575471,0.21915782243013382,
high_y_side__quarter_1__config_09,high_y_side,quarter_1,9,one_factor_sweep,100,1000,250,16.688855748151912,ok,0.7746566504134778,0.7068949145848874,0.2787482365965843,
high_y_side__quarter_2__config_09,high_y_side,quarter_2,9,one_factor_sweep,100,1000,250,17.314466374717778,ok,0.8739941193577894,0.5327668212731408,0.30366894602775574,
high_y_side__quarter_3__config_09,high_y_side,quarter_3,9,one_factor_sweep,100,1000,250,16.985983740322034,ok,0.8652757421492434,0.529024229234686,0.17071740329265594,
high_y_side__quarter_4__config_09,high_y_side,quarter_4,9,one_factor_sweep,100,1000,250,17.940363725547332,ok,0.7349645565924037,0.801408446011722,0.22445067018270493,
high_y_side__full_game__config_10,high_y_side,full_game,10,individual_profile_like,100,10000,150,48.813354113500935,ok,0.8669539498003148,0.5482455249430752,0.30420438200235367,
high_y_side__quarter_1__config_10,high_y_side,quarter_1,10,individual_profile_like,100,10000,150,58.66533120675364,ok,0.7805633787535343,0.682460890938255,0.47957596480846404,
high_y_side__quarter_2__config_10,high_y_side,quarter_2,10,individual_profile_like,100,10000,150,46.96582933609978,ok,0.8065987203037842,0.6425674030502272,0.5795450583100319,
high_y_side__quarter_3__config_10,high_y_side,quarter_3,10,individual_profile_like,100,10000,150,46.111003948042736,ok,0.6339147770656418,0.8706503463243439,0.33810800313949585,
high_y_side__quarter_4__config_10,high_y_side,quarter_4,10,individual_profile_like,100,10000,150,48.90865073811141,ok,0.6681773317694101,0.8665137991502516,0.43098906129598613,
low_y_side__full_game__config_00,low_y_side,full_game,0,baseline,100,1000,200,17.46267705455952,ok,0.828181789348319,0.6151669322244301,0.23635468631982803,
low_y_side__quarter_1__config_00,low_y_side,quarter_1,0,baseline,100,1000,200,17.568910833722295,ok,0.7859878583357023,0.6888503757489254,0.26327140629291534,
low_y_side__quarter_2__config_00,low_y_side,quarter_2,0,baseline,100,1000,200,15.548839761880393,ok,0.9011766521340115,0.47866998256469534,0.24998503923416138,
low_y_side__quarter_3__config_00,low_y_side,quarter_3,0,baseline,100,1000,200,17.801952704053303,ok,0.8023484665359455,0.6823366495874107,0.22724932804703712,
low_y_side__quarter_4__config_00,low_y_side,quarter_4,0,baseline,100,1000,200,15.951481098056632,ok,0.6561168757363518,0.8610142438335677,0.3296998869627714,
low_y_side__full_game__config_01,low_y_side,full_game,1,one_factor_sweep,10,1000,200,17.16045254538049,ok,0.8593649606557068,0.568137387656562,0.22934432700276375,
low_y_side__quarter_1__config_01,low_y_side,quarter_1,1,one_factor_sweep,10,1000,200,16.512098751815998,ok,0.8088337238596381,0.6490374370759466,0.21884461119771004,
low_y_side__quarter_2__config_01,low_y_side,quarter_2,1,one_factor_sweep,10,1000,200,15.1229725077805,ok,0.914583601375287,0.4328166502727029,0.2564644291996956,
low_y_side__quarter_3__config_01,low_y_side,quarter_3,1,one_factor_sweep,10,1000,200,15.46503082872108,ok,0.8085131787435517,0.6510431679025291,0.29517650231719017,
low_y_side__quarter_4__config_01,low_y_side,quarter_4,1,one_factor_sweep,10,1000,200,15.767586169837465,ok,0.6697340221052399,0.8385032558707028,0.3639667071402073,
low_y_side__full_game__config_02,low_y_side,full_game,2,one_factor_sweep,50,1000,200,15.932423883106368,ok,0.757843379877857,0.7328409514580904,0.24284690618515015,
low_y_side__quarter_1__config_02,low_y_side,quarter_1,2,one_factor_sweep,50,1000,200,18.707713683935577,ok,0.7847990027373165,0.683278214256463,0.23288949206471443,
low_y_side__quarter_2__config_02,low_y_side,quarter_2,2,one_factor_sweep,50,1000,200,16.904510554809356,ok,0.87737578719253,0.5326619078724693,0.24665342271327972,
low_y_side__quarter_3__config_02,low_y_side,quarter_3,2,one_factor_sweep,50,1000,200,15.683144499323664,ok,0.831495945301439,0.619366078943803,0.2545500732958317,
low_y_side__quarter_4__config_02,low_y_side,quarter_4,2,one_factor_sweep,50,1000,200,17.355986228013613,ok,0.6618635026412798,0.8532468872296999,0.32169926166534424,
low_y_side__full_game__config_03,low_y_side,full_game,3,one_factor_sweep,500,1000,200,16.788982734359124,ok,0.8534110759161762,0.5791130590286764,0.23432215303182602,
low_y_side__quarter_1__config_03,low_y_side,quarter_1,3,one_factor_sweep,500,1000,200,16.88249926927325,ok,0.7669993353006834,0.7128529354592298,0.2669477052986622,
low_y_side__quarter_2__config_03,low_y_side,quarter_2,3,one_factor_sweep,500,1000,200,16.87840765656116,ok,0.8656827551652981,0.5737799850285547,0.25462498515844345,
low_y_side__quarter_3__config_03,low_y_side,quarter_3,3,one_factor_sweep,500,1000,200,17.468674013478633,ok,0.8566288562158015,0.5683273939192482,0.25285813957452774,
low_y_side__quarter_4__config_03,low_y_side,quarter_4,3,one_factor_sweep,500,1000,200,17.387320227730655,ok,0.6664488219168184,0.8725579823320557,0.3047173470258713,
low_y_side__full_game__config_04,low_y_side,full_game,4,one_factor_sweep,100,100,200,5.75694820404023,ok,0.858647541836952,0.5618480187502407,0.07809445634484291,
low_y_side__quarter_1__config_04,low_y_side,quarter_1,4,one_factor_sweep,100,100,200,5.011809375321792,ok,0.81240384692302,0.64087088931455,0.09304699301719666,
low_y_side__quarter_2__config_04,low_y_side,quarter_2,4,one_factor_sweep,100,100,200,5.2576603667073005,ok,0.8439302282219229,0.6022342147548293,0.1718192920088768,
low_y_side__quarter_3__config_04,low_y_side,quarter_3,4,one_factor_sweep,100,100,200,5.210243352485319,ok,0.8317637829440214,0.5926429469614781,0.13151456229388714,
low_y_side__quarter_4__config_04,low_y_side,quarter_4,4,one_factor_sweep,100,100,200,5.6835347984177975,ok,0.6513721875179129,0.8563024726905687,0.06874569063074887,
low_y_side__full_game__config_05,low_y_side,full_game,5,one_factor_sweep,100,10000,200,49.36152748623177,ok,0.8603031971004118,0.547184599311877,0.36615291982889175,
low_y_side__quarter_1__config_05,low_y_side,quarter_1,5,one_factor_sweep,100,10000,200,56.99114767996954,ok,0.6413175723076109,0.8604677491253805,0.41754859685897827,
low_y_side__quarter_2__config_05,low_y_side,quarter_2,5,one_factor_sweep,100,10000,200,51.14121350291289,ok,0.8690197301267812,0.5195900308567623,0.42869429290294647,
low_y_side__quarter_3__config_05,low_y_side,quarter_3,5,one_factor_sweep,100,10000,200,54.36665088747299,ok,0.8342053137291556,0.5758958030810277,0.38985437899827957,
low_y_side__quarter_4__config_05,low_y_side,quarter_4,5,one_factor_sweep,100,10000,200,53.86212255826117,ok,0.6670024846986344,0.8388902484718599,0.4704406037926674,
low_y_side__full_game__config_06,low_y_side,full_game,6,one_factor_sweep,100,1000,50,13.490611959086356,ok,0.780886993839771,0.7100192312042302,0.29945705458521843,
low_y_side__quarter_1__config_06,low_y_side,quarter_1,6,one_factor_sweep,100,1000,50,12.895755319760273,ok,0.7416130722009047,0.7454800096406388,0.3162813298404217,
low_y_side__quarter_2__config_06,low_y_side,quarter_2,6,one_factor_sweep,100,1000,50,12.12855707568754,ok,0.8278135543279553,0.648903682497267,0.33477655053138733,
low_y_side__quarter_3__config_06,low_y_side,quarter_3,6,one_factor_sweep,100,1000,50,14.06583680762573,ok,0.7945758730021383,0.6706821773426039,0.3237462267279625,
low_y_side__quarter_4__config_06,low_y_side,quarter_4,6,one_factor_sweep,100,1000,50,13.986596763257344,ok,0.6887327892166024,0.8352874204702675,0.34171445295214653,
low_y_side__full_game__config_07,low_y_side,full_game,7,one_factor_sweep,100,1000,100,15.326355296570163,ok,0.8545691025925963,0.5763170811006681,0.21947306767106056,
low_y_side__quarter_1__config_07,low_y_side,quarter_1,7,one_factor_sweep,100,1000,100,15.80973163816468,ok,0.7521398121431484,0.729928880969397,0.26617589965462685,
low_y_side__quarter_2__config_07,low_y_side,quarter_2,7,one_factor_sweep,100,1000,100,14.960525293256431,ok,0.8664382989091096,0.5681813770122203,0.2617379054427147,
low_y_side__quarter_3__config_07,low_y_side,quarter_3,7,one_factor_sweep,100,1000,100,15.146968264216362,ok,0.8457972970802853,0.5807821299423173,0.33375632017850876,
low_y_side__quarter_4__config_07,low_y_side,quarter_4,7,one_factor_sweep,100,1000,100,14.317607394446272,ok,0.7112378645327772,0.7945694581670222,0.3569852225482464,
low_y_side__full_game__config_08,low_y_side,full_game,8,one_factor_sweep,100,1000,150,16.744028719636812,ok,0.8832407734660271,0.5143792578156587,0.23836110904812813,
low_y_side__quarter_1__config_08,low_y_side,quarter_1,8,one_factor_sweep,100,1000,150,17.27828127344187,ok,0.7521398102183878,0.7299288817802051,0.24261989817023277,
low_y_side__quarter_2__config_08,low_y_side,quarter_2,8,one_factor_sweep,100,1000,150,16.106549164631318,ok,0.878973961568624,0.5360849747999956,0.264139287173748,
low_y_side__quarter_3__config_08,low_y_side,quarter_3,8,one_factor_sweep,100,1000,150,16.397885235938897,ok,0.8331382615740031,0.6122652105870963,0.2528429664671421,
low_y_side__quarter_4__config_08,low_y_side,quarter_4,8,one_factor_sweep,100,1000,150,16.006140788522508,ok,0.6933149394759442,0.8424543371162728,0.34743404388427734,
low_y_side__full_game__config_09,low_y_side,full_game,9,one_factor_sweep,100,1000,250,18.271122794582343,ok,0.8820962976836149,0.5173541003395263,0.2506333477795124,
low_y_side__quarter_1__config_09,low_y_side,quarter_1,9,one_factor_sweep,100,1000,250,17.064829236688862,ok,0.7521078990598927,0.7300557426712628,0.26190444082021713,
low_y_side__quarter_2__config_09,low_y_side,quarter_2,9,one_factor_sweep,100,1000,250,19.10515770112781,ok,0.9031513293263461,0.47376934287770167,0.20665307343006134,
low_y_side__quarter_3__config_09,low_y_side,quarter_3,9,one_factor_sweep,100,1000,250,17.288761729471005,ok,0.8437035045242447,0.5944313648328136,0.24450788274407387,
low_y_side__quarter_4__config_09,low_y_side,quarter_4,9,one_factor_sweep,100,1000,250,17.668255412412513,ok,0.6415926575024948,0.8838408755982207,0.32804733142256737,
low_y_side__full_game__config_10,low_y_side,full_game,10,individual_profile_like,100,10000,150,49.511301233775,ok,0.8348102419184888,0.6003073752675674,0.36351507157087326,
low_y_side__quarter_1__config_10,low_y_side,quarter_1,10,individual_profile_like,100,10000,150,53.15236524655568,ok,0.6571049147644268,0.8381162535235752,0.4265298694372177,
low_y_side__quarter_2__config_10,low_y_side,quarter_2,10,individual_profile_like,100,10000,150,46.43039958776104,ok,0.8522126403448982,0.5621569342555937,0.4323450028896332,
low_y_side__quarter_3__config_10,low_y_side,quarter_3,10,individual_profile_like,100,10000,150,45.82854848462299,ok,0.8272942002608522,0.5878731879806268,0.4283762276172638,
low_y_side__quarter_4__config_10,low_y_side,quarter_4,10,individual_profile_like,100,10000,150,48.02605453328634,ok,0.6569117184428116,0.8554414685968192,0.529401271045208,
perimeter__full_game__config_00,perimeter,full_game,0,baseline,100,1000,200,13.479544475002438,ok,0.8210076584093722,0.6156181722618941,0.334757462143898,
perimeter__quarter_1__config_00,perimeter,quarter_1,0,baseline,100,1000,200,15.930210769464477,ok,0.6201374904110458,0.9396412488025885,0.31161488592624664,
perimeter__quarter_2__config_00,perimeter,quarter_2,0,baseline,100,1000,200,12.53042831810496,ok,0.8203516475783219,0.6018047153354883,0.28679358959197987,
perimeter__quarter_3__config_00,perimeter,quarter_3,0,baseline,100,1000,200,14.00323988238592,ok,0.6889680082079459,0.8225532138292118,0.18383824843913296,
perimeter__quarter_4__config_00,perimeter,quarter_4,0,baseline,100,1000,200,14.124567159436912,ok,0.8646578946310907,0.5251149446162173,0.39509534835815424,
perimeter__full_game__config_01,perimeter,full_game,1,one_factor_sweep,10,1000,200,16.67412261173754,ok,0.8533420113059811,0.5468302508101988,0.29163169860839844,
perimeter__quarter_1__config_01,perimeter,quarter_1,1,one_factor_sweep,10,1000,200,15.221177553357778,ok,0.777355025376264,0.6796158058109122,0.3768829107284546,
perimeter__quarter_2__config_01,perimeter,quarter_2,1,one_factor_sweep,10,1000,200,13.915701773931398,ok,0.8503963989649019,0.5524330242988043,0.43260693550109863,
perimeter__quarter_3__config_01,perimeter,quarter_3,1,one_factor_sweep,10,1000,200,12.222114142503203,ok,0.7011690220502458,0.7777859748071565,0.31714002788066864,
perimeter__quarter_4__config_01,perimeter,quarter_4,1,one_factor_sweep,10,1000,200,14.739460859387876,ok,0.8439233430192601,0.5604972994857516,0.41174642741680145,
perimeter__full_game__config_02,perimeter,full_game,2,one_factor_sweep,50,1000,200,13.906429069430128,ok,0.7458053353759907,0.7438161682259079,0.2966732382774353,
perimeter__quarter_1__config_02,perimeter,quarter_1,2,one_factor_sweep,50,1000,200,15.125233171424098,ok,0.7580696320150968,0.7051828331402523,0.21575643867254257,
perimeter__quarter_2__config_02,perimeter,quarter_2,2,one_factor_sweep,50,1000,200,13.75332947886238,ok,0.770294490837234,0.7024263546864761,0.3428597398102283,
perimeter__quarter_3__config_02,perimeter,quarter_3,2,one_factor_sweep,50,1000,200,13.165980807945564,ok,0.6953651695696136,0.8087178861641735,0.2667897131294002,
perimeter__quarter_4__config_02,perimeter,quarter_4,2,one_factor_sweep,50,1000,200,13.41339602141136,ok,0.8517130156394358,0.5593662293136747,0.3983214199542999,
perimeter__full_game__config_03,perimeter,full_game,3,one_factor_sweep,500,1000,200,14.114433369503768,ok,0.8339217688131593,0.5912207830497193,0.30560730397701263,
perimeter__quarter_1__config_03,perimeter,quarter_1,3,one_factor_sweep,500,1000,200,15.749383781363507,ok,0.631610439579,0.9196416187925063,0.16126351840794087,
perimeter__quarter_2__config_03,perimeter,quarter_2,3,one_factor_sweep,500,1000,200,14.66737095594836,ok,0.8269906771223561,0.6052540895217476,0.23902595713734626,
perimeter__quarter_3__config_03,perimeter,quarter_3,3,one_factor_sweep,500,1000,200,12.295586526974716,ok,0.7984606121086101,0.6427663179818132,0.2549565270543092,
perimeter__quarter_4__config_03,perimeter,quarter_4,3,one_factor_sweep,500,1000,200,15.817543910733916,ok,0.8971810386377631,0.4554111843582372,0.4327024668455124,
perimeter__full_game__config_04,perimeter,full_game,4,one_factor_sweep,100,100,200,4.991554888797283,ok,0.2108343182612641,1.4562642575037785,0.027176376432180405,
perimeter__quarter_1__config_04,perimeter,quarter_1,4,one_factor_sweep,100,100,200,4.510803039709338,ok,0.22994099044323887,1.3128548748704636,0.0010312274098396301,
perimeter__quarter_2__config_04,perimeter,quarter_2,4,one_factor_sweep,100,100,200,4.983584867892252,ok,0.24556556622335868,1.2699669567186247,0.059516642708331347,
perimeter__quarter_3__config_04,perimeter,quarter_3,4,one_factor_sweep,100,100,200,4.838875326804555,ok,-0.08099426893576984,1.6667586647481332,3.725290298461914e-09,
perimeter__quarter_4__config_04,perimeter,quarter_4,4,one_factor_sweep,100,100,200,4.874141995146438,ok,0.5847198571065844,0.9182112508458122,1.6763806343078613e-08,
perimeter__full_game__config_05,perimeter,full_game,5,one_factor_sweep,100,10000,200,47.40064536464455,ok,0.8739258991808662,0.5169774699478574,0.48120748549699777,
perimeter__quarter_1__config_05,perimeter,quarter_1,5,one_factor_sweep,100,10000,200,48.55677200294702,ok,0.6036707110804219,0.9001174933979008,0.6578108072280884,
perimeter__quarter_2__config_05,perimeter,quarter_2,5,one_factor_sweep,100,10000,200,44.24386584600791,ok,0.816136654672664,0.6224907553054382,0.6881736561655998,
perimeter__quarter_3__config_05,perimeter,quarter_3,5,one_factor_sweep,100,10000,200,45.959476142622016,ok,0.7118131310502288,0.7863857332277725,0.6616840973496437,
perimeter__quarter_4__config_05,perimeter,quarter_4,5,one_factor_sweep,100,10000,200,47.34415450816175,ok,0.8125535224989952,0.6228241610495148,0.5230746895074843,
perimeter__full_game__config_06,perimeter,full_game,6,one_factor_sweep,100,1000,50,10.784529387234937,ok,0.8132323721431219,0.6339727978366767,0.2939509451389313,
perimeter__quarter_1__config_06,perimeter,quarter_1,6,one_factor_sweep,100,1000,50,11.510009362412967,ok,0.7051392731109322,0.7912008787518497,0.26566124707460403,
perimeter__quarter_2__config_06,perimeter,quarter_2,6,one_factor_sweep,100,1000,50,10.775680828113916,ok,0.7671787916245271,0.7013564656450677,0.3236958086490631,
perimeter__quarter_3__config_06,perimeter,quarter_3,6,one_factor_sweep,100,1000,50,11.67803068689446,ok,0.7485893557492388,0.7179434862146289,0.2756896913051605,
perimeter__quarter_4__config_06,perimeter,quarter_4,6,one_factor_sweep,100,1000,50,10.284310304644084,ok,0.8502196930084653,0.5536617222864816,0.4193993732333183,
perimeter__full_game__config_07,perimeter,full_game,7,one_factor_sweep,100,1000,100,12.81950010656361,ok,0.9041934156732694,0.44613149534561813,0.34493543952703476,
perimeter__quarter_1__config_07,perimeter,quarter_1,7,one_factor_sweep,100,1000,100,13.61567832639512,ok,0.7232053616866329,0.7926893115303777,0.3414188250899315,
perimeter__quarter_2__config_07,perimeter,quarter_2,7,one_factor_sweep,100,1000,100,12.700189291208495,ok,0.765136480317106,0.7122630709142231,0.2544597089290619,
perimeter__quarter_3__config_07,perimeter,quarter_3,7,one_factor_sweep,100,1000,100,13.35940664071324,ok,0.7582855929149124,0.7114128380844505,0.2847914770245552,
perimeter__quarter_4__config_07,perimeter,quarter_4,7,one_factor_sweep,100,1000,100,12.356229195630446,ok,0.8537651146060375,0.541410781168092,0.3916960656642914,
perimeter__full_game__config_08,perimeter,full_game,8,one_factor_sweep,100,1000,150,14.259077394310967,ok,0.83850465446984,0.5688267147574888,0.2708262763917446,
perimeter__quarter_1__config_08,perimeter,quarter_1,8,one_factor_sweep,100,1000,150,14.350713540634509,ok,0.731232182991148,0.7700532057840894,0.2582662105560303,
perimeter__quarter_2__config_08,perimeter,quarter_2,8,one_factor_sweep,100,1000,150,12.519961152067587,ok,0.8582684625417809,0.5440540348794167,0.3082460962235928,
perimeter__quarter_3__config_08,perimeter,quarter_3,8,one_factor_sweep,100,1000,150,13.082792755152306,ok,0.7155736744699341,0.7654201305636316,0.23075267672538624,
perimeter__quarter_4__config_08,perimeter,quarter_4,8,one_factor_sweep,100,1000,150,16.423776104820536,ok,0.8580698526291156,0.5377176410958339,0.3807302266359329,
perimeter__full_game__config_09,perimeter,full_game,9,one_factor_sweep,100,1000,250,14.465074492840197,ok,0.8713403395909216,0.5187765561343786,0.28562748432159424,
perimeter__quarter_1__config_09,perimeter,quarter_1,9,one_factor_sweep,100,1000,250,14.92804724985162,ok,0.7006074090932338,0.7977774031895429,0.2076776996254921,
perimeter__quarter_2__config_09,perimeter,quarter_2,9,one_factor_sweep,100,1000,250,14.867735216540998,ok,0.8778110187821054,0.4988852600150299,0.2796303115785122,
perimeter__quarter_3__config_09,perimeter,quarter_3,9,one_factor_sweep,100,1000,250,13.367840011325011,ok,0.731695974381974,0.7535601775183403,0.2649836912751198,
perimeter__quarter_4__config_09,perimeter,quarter_4,9,one_factor_sweep,100,1000,250,15.576014938785429,ok,0.8505190700312832,0.5484921032911251,0.4602479338645935,
perimeter__full_game__config_10,perimeter,full_game,10,individual_profile_like,100,10000,150,45.01249934402845,ok,0.8595736526233425,0.5452121016347634,0.48880843296647036,
perimeter__quarter_1__config_10,perimeter,quarter_1,10,individual_profile_like,100,10000,150,48.56117893645676,ok,0.6177012973750641,0.8867739109642219,0.6456728875637054,
perimeter__quarter_2__config_10,perimeter,quarter_2,10,individual_profile_like,100,10000,150,43.3752474049241,ok,0.8143738004310038,0.6257884345284888,0.6439017951488495,
perimeter__quarter_3__config_10,perimeter,quarter_3,10,individual_profile_like,100,10000,150,41.50915018506813,ok,0.6840517256785005,0.821585314601705,0.6374187767505646,
perimeter__quarter_4__config_10,perimeter,quarter_4,10,individual_profile_like,100,10000,150,43.91674023110993,ok,0.7916759561236353,0.6534275421102022,0.6349646911025046,
reference__full_game__config_00,reference,full_game,0,baseline,100,1000,200,17.588889891636835,ok,0.7774537979756788,0.7478429691577727,0.1758926510810852,
reference__quarter_1__config_00,reference,quarter_1,0,baseline,100,1000,200,15.885575240431317,ok,0.7686819745416458,0.7486605220647848,0.21837784722447395,
reference__quarter_2__config_00,reference,quarter_2,0,baseline,100,1000,200,15.864944494337148,ok,0.7756129428610845,0.739748594370903,0.23355060070753098,
reference__quarter_3__config_00,reference,quarter_3,0,baseline,100,1000,200,16.74073459673318,ok,0.6549226583816481,0.9322709571488315,0.13905183970928192,
reference__quarter_4__config_00,reference,quarter_4,0,baseline,100,1000,200,15.31688526648063,ok,0.7755866301751302,0.7613009587440666,0.2274479940533638,
reference__full_game__config_01,reference,full_game,1,one_factor_sweep,10,1000,200,16.78435565610578,ok,0.8091695322058141,0.676909726798151,0.1925717033445835,
reference__quarter_1__config_01,reference,quarter_1,1,one_factor_sweep,10,1000,200,16.18139147715355,ok,0.7469217925459811,0.753897196970432,0.2377927303314209,
reference__quarter_2__config_01,reference,quarter_2,1,one_factor_sweep,10,1000,200,15.37099290606765,ok,0.7910200720534,0.7003474627131852,0.23272869363427162,
reference__quarter_3__config_01,reference,quarter_3,1,one_factor_sweep,10,1000,200,15.593021799753128,ok,0.6972435291709234,0.8447740574630223,0.14596796408295631,
reference__quarter_4__config_01,reference,quarter_4,1,one_factor_sweep,10,1000,200,15.70665687526424,ok,0.8617573206012623,0.55463833724422,0.20418590679764728,
reference__full_game__config_02,reference,full_game,2,one_factor_sweep,50,1000,200,15.788400023616814,ok,0.7884821512131904,0.7198583900446998,0.18838844448328018,
reference__quarter_1__config_02,reference,quarter_1,2,one_factor_sweep,50,1000,200,15.024659958761074,ok,0.781338915315308,0.6934951761067101,0.2489621341228485,
reference__quarter_2__config_02,reference,quarter_2,2,one_factor_sweep,50,1000,200,14.40065300510946,ok,0.7544548212246851,0.7773670078083832,0.25572025403380394,
reference__quarter_3__config_02,reference,quarter_3,2,one_factor_sweep,50,1000,200,15.271780292587378,ok,0.7026714859414158,0.8614440738738972,0.14133183285593987,
reference__quarter_4__config_02,reference,quarter_4,2,one_factor_sweep,50,1000,200,17.15579598054342,ok,0.7951414323021648,0.7147835403026938,0.21286531537771225,
reference__full_game__config_03,reference,full_game,3,one_factor_sweep,500,1000,200,17.333078059475717,ok,0.7992855360288189,0.6937285163095861,0.18240052461624146,
reference__quarter_1__config_03,reference,quarter_1,3,one_factor_sweep,500,1000,200,16.32106397239405,ok,0.7400553835321725,0.7677297949948483,0.2658567877486348,
reference__quarter_2__config_03,reference,quarter_2,3,one_factor_sweep,500,1000,200,15.895195820355218,ok,0.8041289583861843,0.6893101587523678,0.21069280430674553,
reference__quarter_3__config_03,reference,quarter_3,3,one_factor_sweep,500,1000,200,17.937586764480994,ok,0.6480068587368909,0.9408247164265549,0.11173304542899132,
reference__quarter_4__config_03,reference,quarter_4,3,one_factor_sweep,500,1000,200,17.400171121904553,ok,0.7486620761621859,0.8171714891763717,0.20311654061078993,
reference__full_game__config_04,reference,full_game,4,one_factor_sweep,100,100,200,5.227054966036525,ok,0.5773502785417616,0.9646733086275422,0.043839795235544446,
reference__quarter_1__config_04,reference,quarter_1,4,one_factor_sweep,100,100,200,5.010819477706285,ok,0.5207688536818542,1.0340199285988512,0.09364205785095692,
reference__quarter_2__config_04,reference,quarter_2,4,one_factor_sweep,100,100,200,4.77685222793689,ok,0.6113738124449881,0.9834169372282582,0.0042210910469293594,
reference__quarter_3__config_04,reference,quarter_3,4,one_factor_sweep,100,100,200,4.887543455263068,ok,0.6754309084528938,0.8973698578067091,0.04426096845418215,
reference__quarter_4__config_04,reference,quarter_4,4,one_factor_sweep,100,100,200,5.282063778263594,ok,0.6480740742345398,0.8747103549261172,0.0942368432879448,
reference__full_game__config_05,reference,full_game,5,one_factor_sweep,100,10000,200,50.42993963104366,ok,0.8074529257330137,0.6859929626451968,0.2841051198542117,
reference__quarter_1__config_05,reference,quarter_1,5,one_factor_sweep,100,10000,200,52.46590729335713,ok,0.6837025793256303,0.8211498271371063,0.4805983453989029,
reference__quarter_2__config_05,reference,quarter_2,5,one_factor_sweep,100,10000,200,51.61404144062252,ok,0.7496297045142876,0.7635720094517772,0.443888895213604,
reference__quarter_3__config_05,reference,quarter_3,5,one_factor_sweep,100,10000,200,55.3432816506722,ok,0.7352896432539454,0.7276150649036338,0.21280389800667746,
reference__quarter_4__config_05,reference,quarter_4,5,one_factor_sweep,100,10000,200,51.53165272409747,ok,0.7858417958390428,0.6800032208075123,0.4088079258799537,
reference__full_game__config_06,reference,full_game,6,one_factor_sweep,100,1000,50,12.62163088612595,ok,0.7846360582870494,0.7217794936317538,0.17184146121144295,
reference__quarter_1__config_06,reference,quarter_1,6,one_factor_sweep,100,1000,50,13.624382822050505,ok,0.740689743478931,0.7612003234352334,0.2752988636493683,
reference__quarter_2__config_06,reference,quarter_2,6,one_factor_sweep,100,1000,50,13.105307019533054,ok,0.7579543042986869,0.7766421488148548,0.23962217941880226,
reference__quarter_3__config_06,reference,quarter_3,6,one_factor_sweep,100,1000,50,14.213974512370855,ok,0.6960876196635192,0.8567515968404824,0.13795439153909683,
reference__quarter_4__config_06,reference,quarter_4,6,one_factor_sweep,100,1000,50,12.646264055454566,ok,0.8019049317728354,0.705811556886025,0.22137036994099507,
reference__full_game__config_07,reference,full_game,7,one_factor_sweep,100,1000,100,14.445216467342128,ok,0.8136417060950825,0.6792140160000593,0.20572225749492645,
reference__quarter_1__config_07,reference,quarter_1,7,one_factor_sweep,100,1000,100,14.772374051862403,ok,0.7763040392303016,0.7335217043670653,0.2500414401292801,
reference__quarter_2__config_07,reference,quarter_2,7,one_factor_sweep,100,1000,100,13.937473979848132,ok,0.7720331419578209,0.7392911364880121,0.2132723443210125,
reference__quarter_3__config_07,reference,quarter_3,7,one_factor_sweep,100,1000,100,15.163887201333193,ok,0.7307491999976882,0.8013896363233247,0.13381250947713852,
reference__quarter_4__config_07,reference,quarter_4,7,one_factor_sweep,100,1000,100,14.185634737654055,ok,0.7977548892194701,0.6971133448466289,0.2072668969631186,
reference__full_game__config_08,reference,full_game,8,one_factor_sweep,100,1000,150,17.4575564237257,ok,0.7535906214395534,0.7776236699867476,0.16944024711847305,
reference__quarter_1__config_08,reference,quarter_1,8,one_factor_sweep,100,1000,150,16.724095709457234,ok,0.7697843430829299,0.7524082234687878,0.22346781939268112,
reference__quarter_2__config_08,reference,quarter_2,8,one_factor_sweep,100,1000,150,16.421132943362604,ok,0.7856922810063859,0.706566616293053,0.224379975348711,
reference__quarter_3__config_08,reference,quarter_3,8,one_factor_sweep,100,1000,150,17.13013051970805,ok,0.6792478925098425,0.8792130297859825,0.11243412271142006,
reference__quarter_4__config_08,reference,quarter_4,8,one_factor_sweep,100,1000,150,16.27879541204225,ok,0.8098799389027069,0.6882808901271196,0.204295033216476,
reference__full_game__config_09,reference,full_game,9,one_factor_sweep,100,1000,250,18.20811176552139,ok,0.8401707524395808,0.6275898868298873,0.1447802223265171,
reference__quarter_1__config_09,reference,quarter_1,9,one_factor_sweep,100,1000,250,17.504145325769336,ok,0.6970196684789025,0.8279230880850806,0.25332459062337875,
reference__quarter_2__config_09,reference,quarter_2,9,one_factor_sweep,100,1000,250,16.059169275176004,ok,0.7693901764241382,0.7402928459983117,0.21006663516163826,
reference__quarter_3__config_09,reference,quarter_3,9,one_factor_sweep,100,1000,250,17.19154769793997,ok,0.7143370256886695,0.7937134573514826,0.14026794955134392,
reference__quarter_4__config_09,reference,quarter_4,9,one_factor_sweep,100,1000,250,17.88832638509352,ok,0.7791023236566091,0.745376667285065,0.2406862795352936,
reference__full_game__config_10,reference,full_game,10,individual_profile_like,100,10000,150,45.701963372564336,ok,0.7439359880857402,0.818916338082637,0.2928890444338322,
reference__quarter_1__config_10,reference,quarter_1,10,individual_profile_like,100,10000,150,49.90011112077611,ok,0.6712809263528954,0.8523096934549328,0.514888346195221,
reference__quarter_2__config_10,reference,quarter_2,10,individual_profile_like,100,10000,150,46.60051690748725,ok,0.7678740899767023,0.737197520892767,0.4096285477280617,
reference__quarter_3__config_10,reference,quarter_3,10,individual_profile_like,100,10000,150,45.97920640488245,ok,0.708423193127525,0.7658560414677268,0.2509876415133476,
reference__quarter_4__config_10,reference,quarter_4,10,individual_profile_like,100,10000,150,48.28630960486761,ok,0.7934622063803027,0.6696693737488792,0.4654798462986935,
