"run_id","simulation_tag","simulated_games","method","gam_method","basis_id","basis_k","profile","scope","config_key","n_bootstraps","possessions_per_bootstrap","samples_per_possession","map_estimator","map_status","similarity_method","profile_support_sectors","off_profile_sectors","recovered_background_level","light_leakage_exponent","moderate_leakage_exponent","whole_grid_cosine","support_cosine","outside_energy_fraction","lightly_penalized_whole_grid_cosine","moderately_penalized_whole_grid_cosine","recovered_support_energy","recovered_outside_energy","recovered_dynamic_range"
"reference__full_game__b050_p02500_s250","games10_possessions92_source4370615271_grid20x10_trajectory142_outcome242_baseline0.10_mc100_alpha0.05_min100_profiles2b1671cb4b",10,"thin_plate_spline","GCV.Cp","tp-k20-xmajor-yfast-absorbcons-false-nointercept-v1",20,"reference","full_game","b050_p02500_s250",50,2500,250,"nested_prefix_median_v1","ok","whole_grid_cosine_dual_leakage_penalty_v2",50,150,-0.0479068569016732,0.5,1,0.782596380894842,0.89857063790155,0.241472686410395,0.681590372037961,0.593620730425112,6.2715433880605,1.99650876471098,0.498835438999317
"reference__full_game__b050_p01000_s250","games10_possessions92_source4370615271_grid20x10_trajectory142_outcome242_baseline0.10_mc100_alpha0.05_min100_profiles2b1671cb4b",10,"thin_plate_spline","GCV.Cp","tp-k20-xmajor-yfast-absorbcons-false-nointercept-v1",20,"reference","full_game","b050_p01000_s250",50,1000,250,"nested_prefix_median_v1","ok","whole_grid_cosine_dual_leakage_penalty_v2",50,150,-0.041193378523487,0.5,1,0.803495333124289,0.898879742176461,0.200969179584183,0.718232617846416,0.642017535226581,5.94285611250743,1.49472446719381,0.50599353143323
"reference__full_game__b100_p02500_s250","games10_possessions92_source4370615271_grid20x10_trajectory142_outcome242_baseline0.10_mc100_alpha0.05_min100_profiles2b1671cb4b",10,"thin_plate_spline","GCV.Cp","tp-k20-xmajor-yfast-absorbcons-false-nointercept-v1",20,"reference","full_game","b100_p02500_s250",100,2500,250,"nested_prefix_median_v1","ok","whole_grid_cosine_dual_leakage_penalty_v2",50,150,-0.0482119350170281,0.5,1,0.780322550418857,0.895148284795076,0.240096669882974,0.680226162564322,0.5929697046287,6.44349444660183,2.03586627104304,0.510701267750614
"reference__full_game__b100_p01000_s200","games10_possessions92_source4370615271_grid20x10_trajectory142_outcome242_baseline0.10_mc100_alpha0.05_min100_profiles2b1671cb4b",10,"thin_plate_spline","GCV.Cp","tp-k20-xmajor-yfast-absorbcons-false-nointercept-v1",20,"reference","full_game","b100_p01000_s200",100,1000,200,"nested_prefix_median_v1","ok","whole_grid_cosine_dual_leakage_penalty_v2",50,150,-0.0493369485644089,0.5,1,0.800291613729755,0.899684625584286,0.208745972092149,0.711879083840333,0.633233962864542,6.4035907363769,1.68937373586546,0.506882196322341
"reference__full_game__b100_p01000_s250","games10_possessions92_source4370615271_grid20x10_trajectory142_outcome242_baseline0.10_mc100_alpha0.05_min100_profiles2b1671cb4b",10,"thin_plate_spline","GCV.Cp","tp-k20-xmajor-yfast-absorbcons-false-nointercept-v1",20,"reference","full_game","b100_p01000_s250",100,1000,250,"nested_prefix_median_v1","ok","whole_grid_cosine_dual_leakage_penalty_v2",50,150,-0.0451002096467181,0.5,1,0.805069994960003,0.901205807231308,0.201969815492612,0.71918943662393,0.642470156619293,6.17287949949943,1.56226588639829,0.507640344151056
"reference__quarter_1__b050_p02500_s250","games10_possessions92_source4370615271_grid20x10_trajectory142_outcome242_baseline0.10_mc100_alpha0.05_min100_profiles2b1671cb4b",10,"thin_plate_spline","GCV.Cp","tp-k20-xmajor-yfast-absorbcons-false-nointercept-v1",20,"reference","quarter_1","b050_p02500_s250",50,2500,250,"nested_prefix_median_v1","ok","whole_grid_cosine_dual_leakage_penalty_v2",50,150,-0.0549310873141494,0.5,1,0.775464854137961,0.879542515208231,0.222660808338633,0.683702867803772,0.602799222877403,15.8425026117963,4.53792176631455,0.907829899480051
"reference__quarter_1__b050_p01000_s250","games10_possessions92_source4370615271_grid20x10_trajectory142_outcome242_baseline0.10_mc100_alpha0.05_min100_profiles2b1671cb4b",10,"thin_plate_spline","GCV.Cp","tp-k20-xmajor-yfast-absorbcons-false-nointercept-v1",20,"reference","quarter_1","b050_p01000_s250",50,1000,250,"nested_prefix_median_v1","ok","whole_grid_cosine_dual_leakage_penalty_v2",50,150,-0.0614758434439493,0.5,1,0.778389477647888,0.881151597953132,0.219644228730968,0.687611734825656,0.607420721177617,16.0020634552412,4.5040493261358,0.903352317814206
"reference__quarter_1__b100_p02500_s250","games10_possessions92_source4370615271_grid20x10_trajectory142_outcome242_baseline0.10_mc100_alpha0.05_min100_profiles2b1671cb4b",10,"thin_plate_spline","GCV.Cp","tp-k20-xmajor-yfast-absorbcons-false-nointercept-v1",20,"reference","quarter_1","b100_p02500_s250",100,2500,250,"nested_prefix_median_v1","ok","whole_grid_cosine_dual_leakage_penalty_v2",50,150,-0.0565950801266736,0.5,1,0.775133079052916,0.882445060706305,0.228426703407318,0.680871044551093,0.598071985102894,15.5704533272235,4.60968172408484,0.896004531776645
"reference__quarter_1__b100_p01000_s200","games10_possessions92_source4370615271_grid20x10_trajectory142_outcome242_baseline0.10_mc100_alpha0.05_min100_profiles2b1671cb4b",10,"thin_plate_spline","GCV.Cp","tp-k20-xmajor-yfast-absorbcons-false-nointercept-v1",20,"reference","quarter_1","b100_p01000_s200",100,1000,200,"nested_prefix_median_v1","ok","whole_grid_cosine_dual_leakage_penalty_v2",50,150,-0.0594361807158326,0.5,1,0.782039706311441,0.886133691743801,0.221140521559706,0.69017362497995,0.60909903777733,15.8447236719484,4.49877102837708,0.903674934293719
"reference__quarter_1__b100_p01000_s250","games10_possessions92_source4370615271_grid20x10_trajectory142_outcome242_baseline0.10_mc100_alpha0.05_min100_profiles2b1671cb4b",10,"thin_plate_spline","GCV.Cp","tp-k20-xmajor-yfast-absorbcons-false-nointercept-v1",20,"reference","quarter_1","b100_p01000_s250",100,1000,250,"nested_prefix_median_v1","ok","whole_grid_cosine_dual_leakage_penalty_v2",50,150,-0.0594296157563512,0.5,1,0.775990942225791,0.881838351202022,0.22565350097253,0.682848439961442,0.600885869389569,15.6500130321573,4.56059430165607,0.89221187541116
"reference__quarter_2__b050_p02500_s250","games10_possessions92_source4370615271_grid20x10_trajectory142_outcome242_baseline0.10_mc100_alpha0.05_min100_profiles2b1671cb4b",10,"thin_plate_spline","GCV.Cp","tp-k20-xmajor-yfast-absorbcons-false-nointercept-v1",20,"reference","quarter_2","b050_p02500_s250",50,2500,250,"nested_prefix_median_v1","ok","whole_grid_cosine_dual_leakage_penalty_v2",50,150,-0.0449645126205588,0.5,1,0.601276431242542,0.86017291379177,0.511373703393686,0.420303105307135,0.293799475834704,5.53427738911945,5.7919189854044,0.721116586024481
"reference__quarter_2__b050_p01000_s250","games10_possessions92_source4370615271_grid20x10_trajectory142_outcome242_baseline0.10_mc100_alpha0.05_min100_profiles2b1671cb4b",10,"thin_plate_spline","GCV.Cp","tp-k20-xmajor-yfast-absorbcons-false-nointercept-v1",20,"reference","quarter_2","b050_p01000_s250",50,1000,250,"nested_prefix_median_v1","ok","whole_grid_cosine_dual_leakage_penalty_v2",50,150,-0.0403115714485672,0.5,1,0.660715152307253,0.865390839547384,0.417086724948586,0.504447808480059,0.385139633307514,5.38922082925244,3.85610100490394,0.675262197246947
"reference__quarter_2__b100_p02500_s250","games10_possessions92_source4370615271_grid20x10_trajectory142_outcome242_baseline0.10_mc100_alpha0.05_min100_profiles2b1671cb4b",10,"thin_plate_spline","GCV.Cp","tp-k20-xmajor-yfast-absorbcons-false-nointercept-v1",20,"reference","quarter_2","b100_p02500_s250",100,2500,250,"nested_prefix_median_v1","ok","whole_grid_cosine_dual_leakage_penalty_v2",50,150,-0.0407277304060997,0.5,1,0.594922283674184,0.856731762513743,0.517796080417355,0.413119413915075,0.28687385703475,5.43594760006125,5.83718266558682,0.730835936942987
"reference__quarter_2__b100_p01000_s200","games10_possessions92_source4370615271_grid20x10_trajectory142_outcome242_baseline0.10_mc100_alpha0.05_min100_profiles2b1671cb4b",10,"thin_plate_spline","GCV.Cp","tp-k20-xmajor-yfast-absorbcons-false-nointercept-v1",20,"reference","quarter_2","b100_p01000_s200",100,1000,200,"nested_prefix_median_v1","ok","whole_grid_cosine_dual_leakage_penalty_v2",50,150,-0.0381108675978361,0.5,1,0.622738320583145,0.860188566102487,0.475888304214131,0.450834888075589,0.326384437231676,5.39107308704433,4.89504174380444,0.704183163763117
"reference__quarter_2__b100_p01000_s250","games10_possessions92_source4370615271_grid20x10_trajectory142_outcome242_baseline0.10_mc100_alpha0.05_min100_profiles2b1671cb4b",10,"thin_plate_spline","GCV.Cp","tp-k20-xmajor-yfast-absorbcons-false-nointercept-v1",20,"reference","quarter_2","b100_p01000_s250",100,1000,250,"nested_prefix_median_v1","ok","whole_grid_cosine_dual_leakage_penalty_v2",50,150,-0.038221786850179,0.5,1,0.652569235723966,0.865766674884112,0.43186510855948,0.491872255848105,0.370747351895459,5.19856609738862,3.9516659614232,0.675108301748267
"reference__quarter_3__b050_p02500_s250","games10_possessions92_source4370615271_grid20x10_trajectory142_outcome242_baseline0.10_mc100_alpha0.05_min100_profiles2b1671cb4b",10,"thin_plate_spline","GCV.Cp","tp-k20-xmajor-yfast-absorbcons-false-nointercept-v1",20,"reference","quarter_3","b050_p02500_s250",50,2500,250,"nested_prefix_median_v1","ok","whole_grid_cosine_dual_leakage_penalty_v2",50,150,-0.0388810922620557,0.5,1,0.478412757780671,0.829752067704344,0.667563410502007,0.27583994751654,0.159041905568936,7.72257938575846,15.5076534758534,0.951387991379085
"reference__quarter_3__b050_p01000_s250","games10_possessions92_source4370615271_grid20x10_trajectory142_outcome242_baseline0.10_mc100_alpha0.05_min100_profiles2b1671cb4b",10,"thin_plate_spline","GCV.Cp","tp-k20-xmajor-yfast-absorbcons-false-nointercept-v1",20,"reference","quarter_3","b050_p01000_s250",50,1000,250,"nested_prefix_median_v1","ok","whole_grid_cosine_dual_leakage_penalty_v2",50,150,-0.0416023953849385,0.5,1,0.489076843589873,0.83087257900213,0.653514273360288,0.287885489280565,0.169458145533894,7.8703709605212,14.8444780372994,0.932694181813434
"reference__quarter_3__b100_p02500_s250","games10_possessions92_source4370615271_grid20x10_trajectory142_outcome242_baseline0.10_mc100_alpha0.05_min100_profiles2b1671cb4b",10,"thin_plate_spline","GCV.Cp","tp-k20-xmajor-yfast-absorbcons-false-nointercept-v1",20,"reference","quarter_3","b100_p02500_s250",100,2500,250,"nested_prefix_median_v1","ok","whole_grid_cosine_dual_leakage_penalty_v2",50,150,-0.0345470958991064,0.5,1,0.472270886475021,0.826162551874848,0.673223108658258,0.269970830444624,0.154327212153516,7.54164928786844,15.5372448680265,0.954082334958145
"reference__quarter_3__b100_p01000_s200","games10_possessions92_source4370615271_grid20x10_trajectory142_outcome242_baseline0.10_mc100_alpha0.05_min100_profiles2b1671cb4b",10,"thin_plate_spline","GCV.Cp","tp-k20-xmajor-yfast-absorbcons-false-nointercept-v1",20,"reference","quarter_3","b100_p01000_s200",100,1000,200,"nested_prefix_median_v1","ok","whole_grid_cosine_dual_leakage_penalty_v2",50,150,-0.0328818871483133,0.5,1,0.484326513610884,0.825302485615392,0.655610277422471,0.28422569406363,0.166797073659394,7.24112539329627,13.7848371095951,0.927592601026544
"reference__quarter_3__b100_p01000_s250","games10_possessions92_source4370615271_grid20x10_trajectory142_outcome242_baseline0.10_mc100_alpha0.05_min100_profiles2b1671cb4b",10,"thin_plate_spline","GCV.Cp","tp-k20-xmajor-yfast-absorbcons-false-nointercept-v1",20,"reference","quarter_3","b100_p01000_s250",100,1000,250,"nested_prefix_median_v1","ok","whole_grid_cosine_dual_leakage_penalty_v2",50,150,-0.0335988603605491,0.5,1,0.484762146309184,0.827726548442983,0.657008285247375,0.283903348196731,0.16626939980975,7.35139440456796,14.0817600664372,0.934144252051938
"reference__quarter_4__b050_p02500_s250","games10_possessions92_source4370615271_grid20x10_trajectory142_outcome242_baseline0.10_mc100_alpha0.05_min100_profiles2b1671cb4b",10,"thin_plate_spline","GCV.Cp","tp-k20-xmajor-yfast-absorbcons-false-nointercept-v1",20,"reference","quarter_4","b050_p02500_s250",50,2500,250,"nested_prefix_median_v1","ok","whole_grid_cosine_dual_leakage_penalty_v2",50,150,-0.0264257066877587,0.5,1,0.630679035728481,0.815133625875676,0.401369042864413,0.487964222651358,0.37754399480349,7.68674857158443,5.153797811725,0.739526051205899
"reference__quarter_4__b050_p01000_s250","games10_possessions92_source4370615271_grid20x10_trajectory142_outcome242_baseline0.10_mc100_alpha0.05_min100_profiles2b1671cb4b",10,"thin_plate_spline","GCV.Cp","tp-k20-xmajor-yfast-absorbcons-false-nointercept-v1",20,"reference","quarter_4","b050_p01000_s250",50,1000,250,"nested_prefix_median_v1","ok","whole_grid_cosine_dual_leakage_penalty_v2",50,150,-0.0397509295526681,0.5,1,0.670213447601736,0.835914308411207,0.357160200720603,0.537358986233836,0.430839878130653,8.23245306077531,4.57393053589002,0.739421885650133
"reference__quarter_4__b100_p02500_s250","games10_possessions92_source4370615271_grid20x10_trajectory142_outcome242_baseline0.10_mc100_alpha0.05_min100_profiles2b1671cb4b",10,"thin_plate_spline","GCV.Cp","tp-k20-xmajor-yfast-absorbcons-false-nointercept-v1",20,"reference","quarter_4","b100_p02500_s250",100,2500,250,"nested_prefix_median_v1","ok","whole_grid_cosine_dual_leakage_penalty_v2",50,150,-0.03577645847748,0.5,1,0.6366174012569,0.822452695937349,0.400850565437765,0.492772067725049,0.381428955995551,8.06398589142888,5.39507027428507,0.748587095727977
"reference__quarter_4__b100_p01000_s200","games10_possessions92_source4370615271_grid20x10_trajectory142_outcome242_baseline0.10_mc100_alpha0.05_min100_profiles2b1671cb4b",10,"thin_plate_spline","GCV.Cp","tp-k20-xmajor-yfast-absorbcons-false-nointercept-v1",20,"reference","quarter_4","b100_p01000_s200",100,1000,200,"nested_prefix_median_v1","ok","whole_grid_cosine_dual_leakage_penalty_v2",50,150,-0.0481286910179763,0.5,1,0.683960124699195,0.83887897344594,0.335242956237612,0.557650706462349,0.454667310546391,8.51685732955182,4.2951277550261,0.711641191106592
"reference__quarter_4__b100_p01000_s250","games10_possessions92_source4370615271_grid20x10_trajectory142_outcome242_baseline0.10_mc100_alpha0.05_min100_profiles2b1671cb4b",10,"thin_plate_spline","GCV.Cp","tp-k20-xmajor-yfast-absorbcons-false-nointercept-v1",20,"reference","quarter_4","b100_p01000_s250",100,1000,250,"nested_prefix_median_v1","ok","whole_grid_cosine_dual_leakage_penalty_v2",50,150,-0.0397914391418208,0.5,1,0.683576430340027,0.833561925452058,0.327490503485807,0.560578310799164,0.459711640996941,8.23632597459182,4.01082595007695,0.713369057061466
"high_y_side__full_game__b050_p02500_s250","games10_possessions92_source4370615271_grid20x10_trajectory142_outcome242_baseline0.10_mc100_alpha0.05_min100_profiles2b1671cb4b",10,"thin_plate_spline","GCV.Cp","tp-k20-xmajor-yfast-absorbcons-false-nointercept-v1",20,"high_y_side","full_game","b050_p02500_s250",50,2500,250,"nested_prefix_median_v1","ok","whole_grid_cosine_dual_leakage_penalty_v2",35,165,-0.0594461356353574,0.5,1,0.687395922481142,0.966818417540317,0.49449660888089,0.488729988663042,0.347480969855666,2.72923746056468,2.66981130649215,0.435705231533582
"high_y_side__full_game__b050_p01000_s250","games10_possessions92_source4370615271_grid20x10_trajectory142_outcome242_baseline0.10_mc100_alpha0.05_min100_profiles2b1671cb4b",10,"thin_plate_spline","GCV.Cp","tp-k20-xmajor-yfast-absorbcons-false-nointercept-v1",20,"high_y_side","full_game","b050_p01000_s250",50,1000,250,"nested_prefix_median_v1","ok","whole_grid_cosine_dual_leakage_penalty_v2",35,165,-0.0512992224771589,0.5,1,0.737938552769842,0.962357631186227,0.412013423562645,0.565853368869552,0.433897963264275,2.55895829015356,1.79311094526749,0.397547067500906
"high_y_side__full_game__b100_p02500_s250","games10_possessions92_source4370615271_grid20x10_trajectory142_outcome242_baseline0.10_mc100_alpha0.05_min100_profiles2b1671cb4b",10,"thin_plate_spline","GCV.Cp","tp-k20-xmajor-yfast-absorbcons-false-nointercept-v1",20,"high_y_side","full_game","b100_p02500_s250",100,2500,250,"nested_prefix_median_v1","ok","whole_grid_cosine_dual_leakage_penalty_v2",35,165,-0.0574586141870834,0.5,1,0.689158946200502,0.966690128707254,0.491765399025775,0.491305371829253,0.350254422030029,2.6627476982708,2.57646209414914,0.431441209553097
"high_y_side__full_game__b100_p01000_s200","games10_possessions92_source4370615271_grid20x10_trajectory142_outcome242_baseline0.10_mc100_alpha0.05_min100_profiles2b1671cb4b",10,"thin_plate_spline","GCV.Cp","tp-k20-xmajor-yfast-absorbcons-false-nointercept-v1",20,"high_y_side","full_game","b100_p01000_s200",100,1000,200,"nested_prefix_median_v1","ok","whole_grid_cosine_dual_leakage_penalty_v2",35,165,-0.0537657463165501,0.5,1,0.725987907437239,0.96216868774141,0.430680138598264,0.54778174395003,0.413319334841505,2.70531172064431,2.04651919911932,0.426597704268666
"high_y_side__full_game__b100_p01000_s250","games10_possessions92_source4370615271_grid20x10_trajectory142_outcome242_baseline0.10_mc100_alpha0.05_min100_profiles2b1671cb4b",10,"thin_plate_spline","GCV.Cp","tp-k20-xmajor-yfast-absorbcons-false-nointercept-v1",20,"high_y_side","full_game","b100_p01000_s250",100,1000,250,"nested_prefix_median_v1","ok","whole_grid_cosine_dual_leakage_penalty_v2",35,165,-0.0503403942107349,0.5,1,0.736612953611426,0.961745927218524,0.413378478550237,0.564180859073044,0.432113011567138,2.53768972012722,1.7882506474468,0.405577354731467
"high_y_side__quarter_1__b050_p02500_s250","games10_possessions92_source4370615271_grid20x10_trajectory142_outcome242_baseline0.10_mc100_alpha0.05_min100_profiles2b1671cb4b",10,"thin_plate_spline","GCV.Cp","tp-k20-xmajor-yfast-absorbcons-false-nointercept-v1",20,"high_y_side","quarter_1","b050_p02500_s250",50,2500,250,"nested_prefix_median_v1","ok","whole_grid_cosine_dual_leakage_penalty_v2",35,165,-0.0393178431212212,0.5,1,0.503207156282721,0.940754288376975,0.713884619785337,0.269164270907553,0.14397530684657,2.23977621306734,5.58845102654105,0.616530938059297
"high_y_side__quarter_1__b050_p01000_s250","games10_possessions92_source4370615271_grid20x10_trajectory142_outcome242_baseline0.10_mc100_alpha0.05_min100_profiles2b1671cb4b",10,"thin_plate_spline","GCV.Cp","tp-k20-xmajor-yfast-absorbcons-false-nointercept-v1",20,"high_y_side","quarter_1","b050_p01000_s250",50,1000,250,"nested_prefix_median_v1","ok","whole_grid_cosine_dual_leakage_penalty_v2",35,165,-0.043353680794388,0.5,1,0.519354844022112,0.946822169311171,0.699121235547895,0.284878684458207,0.156262843781589,2.43721890795348,5.6631164958814,0.614023670674239
"high_y_side__quarter_1__b100_p02500_s250","games10_possessions92_source4370615271_grid20x10_trajectory142_outcome242_baseline0.10_mc100_alpha0.05_min100_profiles2b1671cb4b",10,"thin_plate_spline","GCV.Cp","tp-k20-xmajor-yfast-absorbcons-false-nointercept-v1",20,"high_y_side","quarter_1","b100_p02500_s250",100,2500,250,"nested_prefix_median_v1","ok","whole_grid_cosine_dual_leakage_penalty_v2",35,165,-0.0418760201005115,0.5,1,0.505289179514582,0.940938494110183,0.711625055284798,0.27134308621943,0.145712739207708,2.28868246473951,5.64779921191863,0.616756435497304
"high_y_side__quarter_1__b100_p01000_s200","games10_possessions92_source4370615271_grid20x10_trajectory142_outcome242_baseline0.10_mc100_alpha0.05_min100_profiles2b1671cb4b",10,"thin_plate_spline","GCV.Cp","tp-k20-xmajor-yfast-absorbcons-false-nointercept-v1",20,"high_y_side","quarter_1","b100_p01000_s200",100,1000,200,"nested_prefix_median_v1","ok","whole_grid_cosine_dual_leakage_penalty_v2",35,165,-0.0459928865475368,0.5,1,0.51789448914622,0.950322478687507,0.703010855477813,0.282235459965607,0.153809041284291,2.57242007417939,6.08924356446316,0.622690464504044
"high_y_side__quarter_1__b100_p01000_s250","games10_possessions92_source4370615271_grid20x10_trajectory142_outcome242_baseline0.10_mc100_alpha0.05_min100_profiles2b1671cb4b",10,"thin_plate_spline","GCV.Cp","tp-k20-xmajor-yfast-absorbcons-false-nointercept-v1",20,"high_y_side","quarter_1","b100_p01000_s250",100,1000,250,"nested_prefix_median_v1","ok","whole_grid_cosine_dual_leakage_penalty_v2",35,165,-0.0380466235268808,0.5,1,0.496768889889139,0.94479551168071,0.72353946902316,0.261198668823784,0.137336991071527,2.31291163371849,6.05324329460382,0.615108873259569
"high_y_side__quarter_2__b050_p02500_s250","games10_possessions92_source4370615271_grid20x10_trajectory142_outcome242_baseline0.10_mc100_alpha0.05_min100_profiles2b1671cb4b",10,"thin_plate_spline","GCV.Cp","tp-k20-xmajor-yfast-absorbcons-false-nointercept-v1",20,"high_y_side","quarter_2","b050_p02500_s250",50,2500,250,"nested_prefix_median_v1","ok","whole_grid_cosine_dual_leakage_penalty_v2",35,165,-0.0556535069285272,0.5,1,0.695903624519964,0.903549575841818,0.40680944938775,0.535977070399073,0.412803454202057,4.8871867592855,3.35162748723493,0.666081524763754
"high_y_side__quarter_2__b050_p01000_s250","games10_possessions92_source4370615271_grid20x10_trajectory142_outcome242_baseline0.10_mc100_alpha0.05_min100_profiles2b1671cb4b",10,"thin_plate_spline","GCV.Cp","tp-k20-xmajor-yfast-absorbcons-false-nointercept-v1",20,"high_y_side","quarter_2","b050_p01000_s250",50,1000,250,"nested_prefix_median_v1","ok","whole_grid_cosine_dual_leakage_penalty_v2",35,165,-0.0546098333262758,0.5,1,0.742831414825593,0.904294877176171,0.32522282619345,0.610197541508678,0.501245682710734,4.63593705606422,2.23438582387553,0.605834703129316
"high_y_side__quarter_2__b100_p02500_s250","games10_possessions92_source4370615271_grid20x10_trajectory142_outcome242_baseline0.10_mc100_alpha0.05_min100_profiles2b1671cb4b",10,"thin_plate_spline","GCV.Cp","tp-k20-xmajor-yfast-absorbcons-false-nointercept-v1",20,"high_y_side","quarter_2","b100_p02500_s250",100,2500,250,"nested_prefix_median_v1","ok","whole_grid_cosine_dual_leakage_penalty_v2",35,165,-0.0500133608891301,0.5,1,0.692336970148794,0.897229138630098,0.404573296946136,0.534234187898378,0.412235919537998,4.80266053699135,3.26325339054859,0.671843739671792
"high_y_side__quarter_2__b100_p01000_s200","games10_possessions92_source4370615271_grid20x10_trajectory142_outcome242_baseline0.10_mc100_alpha0.05_min100_profiles2b1671cb4b",10,"thin_plate_spline","GCV.Cp","tp-k20-xmajor-yfast-absorbcons-false-nointercept-v1",20,"high_y_side","quarter_2","b100_p01000_s200",100,1000,200,"nested_prefix_median_v1","ok","whole_grid_cosine_dual_leakage_penalty_v2",35,165,-0.0528167474534587,0.5,1,0.738162718444972,0.903822517705071,0.332981468637031,0.602866368372418,0.492368212364062,4.76769548214448,2.38007516884821,0.64203047751427
"high_y_side__quarter_2__b100_p01000_s250","games10_possessions92_source4370615271_grid20x10_trajectory142_outcome242_baseline0.10_mc100_alpha0.05_min100_profiles2b1671cb4b",10,"thin_plate_spline","GCV.Cp","tp-k20-xmajor-yfast-absorbcons-false-nointercept-v1",20,"high_y_side","quarter_2","b100_p01000_s250",100,1000,250,"nested_prefix_median_v1","ok","whole_grid_cosine_dual_leakage_penalty_v2",35,165,-0.0526215678621852,0.5,1,0.743271443313539,0.903147059521877,0.322704874086028,0.611697101397704,0.503414125787303,4.64854307577094,2.21485058810341,0.607492975864826
"high_y_side__quarter_3__b050_p02500_s250","games10_possessions92_source4370615271_grid20x10_trajectory142_outcome242_baseline0.10_mc100_alpha0.05_min100_profiles2b1671cb4b",10,"thin_plate_spline","GCV.Cp","tp-k20-xmajor-yfast-absorbcons-false-nointercept-v1",20,"high_y_side","quarter_3","b050_p02500_s250",50,2500,250,"nested_prefix_median_v1","ok","whole_grid_cosine_dual_leakage_penalty_v2",35,165,-0.0363518559442232,0.5,1,0.261914165189615,0.91725105252659,0.918465476632161,0.0747876273764038,0.0213550466220206,1.96875375961208,22.1775057423925,0.98807059788604
"high_y_side__quarter_3__b050_p01000_s250","games10_possessions92_source4370615271_grid20x10_trajectory142_outcome242_baseline0.10_mc100_alpha0.05_min100_profiles2b1671cb4b",10,"thin_plate_spline","GCV.Cp","tp-k20-xmajor-yfast-absorbcons-false-nointercept-v1",20,"high_y_side","quarter_3","b050_p01000_s250",50,1000,250,"nested_prefix_median_v1","ok","whole_grid_cosine_dual_leakage_penalty_v2",35,165,-0.0383243191534141,0.5,1,0.285756194870289,0.927840877879862,0.905148478063667,0.0880071193816486,0.0271044099861824,1.9608689202485,18.7121670017758,0.891896714270886
"high_y_side__quarter_3__b100_p02500_s250","games10_possessions92_source4370615271_grid20x10_trajectory142_outcome242_baseline0.10_mc100_alpha0.05_min100_profiles2b1671cb4b",10,"thin_plate_spline","GCV.Cp","tp-k20-xmajor-yfast-absorbcons-false-nointercept-v1",20,"high_y_side","quarter_3","b100_p02500_s250",100,2500,250,"nested_prefix_median_v1","ok","whole_grid_cosine_dual_leakage_penalty_v2",35,165,-0.0345484363640327,0.5,1,0.263437704654581,0.916433784013817,0.917366968533921,0.0757277017109921,0.0217686561380737,1.94358866576273,21.57713460046,0.983691136932079
"high_y_side__quarter_3__b100_p01000_s200","games10_possessions92_source4370615271_grid20x10_trajectory142_outcome242_baseline0.10_mc100_alpha0.05_min100_profiles2b1671cb4b",10,"thin_plate_spline","GCV.Cp","tp-k20-xmajor-yfast-absorbcons-false-nointercept-v1",20,"high_y_side","quarter_3","b100_p01000_s200",100,1000,200,"nested_prefix_median_v1","ok","whole_grid_cosine_dual_leakage_penalty_v2",35,165,-0.0413595862481051,0.5,1,0.285320317289448,0.9327533516016,0.906431049108114,0.0872767525502521,0.0266971227569137,2.00039198847556,19.3784090925252,0.92066287084135
"high_y_side__quarter_3__b100_p01000_s250","games10_possessions92_source4370615271_grid20x10_trajectory142_outcome242_baseline0.10_mc100_alpha0.05_min100_profiles2b1671cb4b",10,"thin_plate_spline","GCV.Cp","tp-k20-xmajor-yfast-absorbcons-false-nointercept-v1",20,"high_y_side","quarter_3","b100_p01000_s250",100,1000,250,"nested_prefix_median_v1","ok","whole_grid_cosine_dual_leakage_penalty_v2",35,165,-0.0360386089989282,0.5,1,0.279346541216072,0.928149903509261,0.909416238855896,0.084075309165406,0.0253042603659483,1.90456382987589,19.120880530356,0.929937649352919
"high_y_side__quarter_4__b050_p02500_s250","games10_possessions92_source4370615271_grid20x10_trajectory142_outcome242_baseline0.10_mc100_alpha0.05_min100_profiles2b1671cb4b",10,"thin_plate_spline","GCV.Cp","tp-k20-xmajor-yfast-absorbcons-false-nointercept-v1",20,"high_y_side","quarter_4","b050_p02500_s250",50,2500,250,"nested_prefix_median_v1","ok","whole_grid_cosine_dual_leakage_penalty_v2",35,165,-0.072220395024062,0.5,1,0.649801637653427,0.953284416760167,0.53535997757798,0.442934092778006,0.301923847489153,4.21742327437459,4.85933092426398,0.651969555901346
"high_y_side__quarter_4__b050_p01000_s250","games10_possessions92_source4370615271_grid20x10_trajectory142_outcome242_baseline0.10_mc100_alpha0.05_min100_profiles2b1671cb4b",10,"thin_plate_spline","GCV.Cp","tp-k20-xmajor-yfast-absorbcons-false-nointercept-v1",20,"high_y_side","quarter_4","b050_p01000_s250",50,1000,250,"nested_prefix_median_v1","ok","whole_grid_cosine_dual_leakage_penalty_v2",35,165,-0.0770640238865384,0.5,1,0.681562917050567,0.953500427505651,0.489059743348708,0.487181753146854,0.34823793176182,4.41182334428231,4.22289135445262,0.640439662974977
"high_y_side__quarter_4__b100_p02500_s250","games10_possessions92_source4370615271_grid20x10_trajectory142_outcome242_baseline0.10_mc100_alpha0.05_min100_profiles2b1671cb4b",10,"thin_plate_spline","GCV.Cp","tp-k20-xmajor-yfast-absorbcons-false-nointercept-v1",20,"high_y_side","quarter_4","b100_p02500_s250",100,2500,250,"nested_prefix_median_v1","ok","whole_grid_cosine_dual_leakage_penalty_v2",35,165,-0.0712188264299239,0.5,1,0.64391305074344,0.954267378494868,0.544682545468985,0.434494593718268,0.293184851203803,4.1664512967719,4.98420009010151,0.648544619773381
"high_y_side__quarter_4__b100_p01000_s200","games10_possessions92_source4370615271_grid20x10_trajectory142_outcome242_baseline0.10_mc100_alpha0.05_min100_profiles2b1671cb4b",10,"thin_plate_spline","GCV.Cp","tp-k20-xmajor-yfast-absorbcons-false-nointercept-v1",20,"high_y_side","quarter_4","b100_p01000_s200",100,1000,200,"nested_prefix_median_v1","ok","whole_grid_cosine_dual_leakage_penalty_v2",35,165,-0.0839543333446377,0.5,1,0.676025492376411,0.9573097617412,0.501320894989802,0.477390375202627,0.337119787502347,4.53943706505914,4.56348507355003,0.62930860927133
"high_y_side__quarter_4__b100_p01000_s250","games10_possessions92_source4370615271_grid20x10_trajectory142_outcome242_baseline0.10_mc100_alpha0.05_min100_profiles2b1671cb4b",10,"thin_plate_spline","GCV.Cp","tp-k20-xmajor-yfast-absorbcons-false-nointercept-v1",20,"high_y_side","quarter_4","b100_p01000_s250",100,1000,250,"nested_prefix_median_v1","ok","whole_grid_cosine_dual_leakage_penalty_v2",35,165,-0.0771890292359653,0.5,1,0.689073343150145,0.954621677002232,0.478963299050655,0.497392929239974,0.359032501427087,4.39298041239866,4.03824987213698,0.63075907414493
"low_y_side__full_game__b050_p02500_s250","games10_possessions92_source4370615271_grid20x10_trajectory142_outcome242_baseline0.10_mc100_alpha0.05_min100_profiles2b1671cb4b",10,"thin_plate_spline","GCV.Cp","tp-k20-xmajor-yfast-absorbcons-false-nointercept-v1",20,"low_y_side","full_game","b050_p02500_s250",50,2500,250,"nested_prefix_median_v1","ok","whole_grid_cosine_dual_leakage_penalty_v2",35,165,-0.0513099113085222,0.5,1,0.776742845975449,0.937138347087272,0.313015235984432,0.643799766223689,0.533610500743225,3.13722092623756,1.42943191756039,0.482725759760239
"low_y_side__full_game__b050_p01000_s250","games10_possessions92_source4370615271_grid20x10_trajectory142_outcome242_baseline0.10_mc100_alpha0.05_min100_profiles2b1671cb4b",10,"thin_plate_spline","GCV.Cp","tp-k20-xmajor-yfast-absorbcons-false-nointercept-v1",20,"low_y_side","full_game","b050_p01000_s250",50,1000,250,"nested_prefix_median_v1","ok","whole_grid_cosine_dual_leakage_penalty_v2",35,165,-0.0510929240406199,0.5,1,0.795961589589973,0.936780876521158,0.278048225122637,0.676310616475622,0.574645882338689,3.0647822259023,1.18035205113845,0.450768179969345
"low_y_side__full_game__b100_p02500_s250","games10_possessions92_source4370615271_grid20x10_trajectory142_outcome242_baseline0.10_mc100_alpha0.05_min100_profiles2b1671cb4b",10,"thin_plate_spline","GCV.Cp","tp-k20-xmajor-yfast-absorbcons-false-nointercept-v1",20,"low_y_side","full_game","b100_p02500_s250",100,2500,250,"nested_prefix_median_v1","ok","whole_grid_cosine_dual_leakage_penalty_v2",35,165,-0.0532924725781553,0.5,1,0.782845986749977,0.936766378353975,0.301622773392313,0.654216305294177,0.546721809087407,3.19634955726791,1.38047430738462,0.478225071641823
"low_y_side__full_game__b100_p01000_s200","games10_possessions92_source4370615271_grid20x10_trajectory142_outcome242_baseline0.10_mc100_alpha0.05_min100_profiles2b1671cb4b",10,"thin_plate_spline","GCV.Cp","tp-k20-xmajor-yfast-absorbcons-false-nointercept-v1",20,"low_y_side","full_game","b100_p01000_s200",100,1000,200,"nested_prefix_median_v1","ok","whole_grid_cosine_dual_leakage_penalty_v2",35,165,-0.0532291267230692,0.5,1,0.800194934704346,0.938903862766797,0.273644307862087,0.681978165090937,0.581226145642427,3.19289545610385,1.20287852992505,0.456571082603079
"low_y_side__full_game__b100_p01000_s250","games10_possessions92_source4370615271_grid20x10_trajectory142_outcome242_baseline0.10_mc100_alpha0.05_min100_profiles2b1671cb4b",10,"thin_plate_spline","GCV.Cp","tp-k20-xmajor-yfast-absorbcons-false-nointercept-v1",20,"low_y_side","full_game","b100_p01000_s250",100,1000,250,"nested_prefix_median_v1","ok","whole_grid_cosine_dual_leakage_penalty_v2",35,165,-0.0543076480606087,0.5,1,0.799038811769877,0.938917870422178,0.27576328155042,0.679998797368226,0.578693246950067,3.11732031232252,1.18696340170398,0.451697729989986
"low_y_side__quarter_1__b050_p02500_s250","games10_possessions92_source4370615271_grid20x10_trajectory142_outcome242_baseline0.10_mc100_alpha0.05_min100_profiles2b1671cb4b",10,"thin_plate_spline","GCV.Cp","tp-k20-xmajor-yfast-absorbcons-false-nointercept-v1",20,"low_y_side","quarter_1","b050_p02500_s250",50,2500,250,"nested_prefix_median_v1","ok","whole_grid_cosine_dual_leakage_penalty_v2",35,165,-0.0411081148202675,0.5,1,0.495398894617516,0.819802752323052,0.63483316923303,0.299364772919848,0.180903244312939,3.1477226543884,5.47223509965281,0.710854779980469
"low_y_side__quarter_1__b050_p01000_s250","games10_possessions92_source4370615271_grid20x10_trajectory142_outcome242_baseline0.10_mc100_alpha0.05_min100_profiles2b1671cb4b",10,"thin_plate_spline","GCV.Cp","tp-k20-xmajor-yfast-absorbcons-false-nointercept-v1",20,"low_y_side","quarter_1","b050_p01000_s250",50,1000,250,"nested_prefix_median_v1","ok","whole_grid_cosine_dual_leakage_penalty_v2",35,165,-0.0501631290811505,0.5,1,0.534549761541746,0.842966892638299,0.597880397999018,0.338973511367717,0.214952937360886,3.33755317567016,4.9623485427793,0.673048670418742
"low_y_side__quarter_1__b100_p02500_s250","games10_possessions92_source4370615271_grid20x10_trajectory142_outcome242_baseline0.10_mc100_alpha0.05_min100_profiles2b1671cb4b",10,"thin_plate_spline","GCV.Cp","tp-k20-xmajor-yfast-absorbcons-false-nointercept-v1",20,"low_y_side","quarter_1","b100_p02500_s250",100,2500,250,"nested_prefix_median_v1","ok","whole_grid_cosine_dual_leakage_penalty_v2",35,165,-0.0440239226866173,0.5,1,0.498944380184864,0.823079814213451,0.632531286464014,0.302456080466455,0.183346449512542,3.16690079340185,5.45125002256338,0.704976237946703
"low_y_side__quarter_1__b100_p01000_s200","games10_possessions92_source4370615271_grid20x10_trajectory142_outcome242_baseline0.10_mc100_alpha0.05_min100_profiles2b1671cb4b",10,"thin_plate_spline","GCV.Cp","tp-k20-xmajor-yfast-absorbcons-false-nointercept-v1",20,"low_y_side","quarter_1","b100_p01000_s200",100,1000,200,"nested_prefix_median_v1","ok","whole_grid_cosine_dual_leakage_penalty_v2",35,165,-0.044431199068992,0.5,1,0.532010569572912,0.835411387772246,0.594454357607492,0.338797447916112,0.215754568197051,3.46151990167399,5.07394328627404,0.710404494604991
"low_y_side__quarter_1__b100_p01000_s250","games10_possessions92_source4370615271_grid20x10_trajectory142_outcome242_baseline0.10_mc100_alpha0.05_min100_profiles2b1671cb4b",10,"thin_plate_spline","GCV.Cp","tp-k20-xmajor-yfast-absorbcons-false-nointercept-v1",20,"low_y_side","quarter_1","b100_p01000_s250",100,1000,250,"nested_prefix_median_v1","ok","whole_grid_cosine_dual_leakage_penalty_v2",35,165,-0.0397122453169538,0.5,1,0.51163628038959,0.828100926231929,0.6182701469895,0.316110844848373,0.195306842107957,3.10161287972929,5.02353859917268,0.680138050650056
"low_y_side__quarter_2__b050_p02500_s250","games10_possessions92_source4370615271_grid20x10_trajectory142_outcome242_baseline0.10_mc100_alpha0.05_min100_profiles2b1671cb4b",10,"thin_plate_spline","GCV.Cp","tp-k20-xmajor-yfast-absorbcons-false-nointercept-v1",20,"low_y_side","quarter_2","b050_p02500_s250",50,2500,250,"nested_prefix_median_v1","ok","whole_grid_cosine_dual_leakage_penalty_v2",35,165,-0.0673066820943708,0.5,1,0.567722771096725,0.96129912172166,0.651216816948149,0.33528496753903,0.198012155194133,4.44696635324391,8.30297851030419,0.760268537592829
"low_y_side__quarter_2__b050_p01000_s250","games10_possessions92_source4370615271_grid20x10_trajectory142_outcome242_baseline0.10_mc100_alpha0.05_min100_profiles2b1671cb4b",10,"thin_plate_spline","GCV.Cp","tp-k20-xmajor-yfast-absorbcons-false-nointercept-v1",20,"low_y_side","quarter_2","b050_p01000_s250",50,1000,250,"nested_prefix_median_v1","ok","whole_grid_cosine_dual_leakage_penalty_v2",35,165,-0.0666742484459418,0.5,1,0.602083079988024,0.961464144190127,0.6078550200576,0.377033337538774,0.236103857325562,4.54082152323665,7.03862423150341,0.729448989001545
"low_y_side__quarter_2__b100_p02500_s250","games10_possessions92_source4370615271_grid20x10_trajectory142_outcome242_baseline0.10_mc100_alpha0.05_min100_profiles2b1671cb4b",10,"thin_plate_spline","GCV.Cp","tp-k20-xmajor-yfast-absorbcons-false-nointercept-v1",20,"low_y_side","quarter_2","b100_p02500_s250",100,2500,250,"nested_prefix_median_v1","ok","whole_grid_cosine_dual_leakage_penalty_v2",35,165,-0.0679229738221036,0.5,1,0.566375374153433,0.961372640826641,0.652923501874072,0.333669849572186,0.196575581485936,4.45233743257716,8.3757781460286,0.757668903167695
"low_y_side__quarter_2__b100_p01000_s200","games10_possessions92_source4370615271_grid20x10_trajectory142_outcome242_baseline0.10_mc100_alpha0.05_min100_profiles2b1671cb4b",10,"thin_plate_spline","GCV.Cp","tp-k20-xmajor-yfast-absorbcons-false-nointercept-v1",20,"low_y_side","quarter_2","b100_p01000_s200",100,1000,200,"nested_prefix_median_v1","ok","whole_grid_cosine_dual_leakage_penalty_v2",35,165,-0.0704965068506312,0.5,1,0.600599253461985,0.960127666963463,0.608698414915573,0.375699477966215,0.235015439880198,4.76270499226642,7.40873814471659,0.730783403743594
"low_y_side__quarter_2__b100_p01000_s250","games10_possessions92_source4370615271_grid20x10_trajectory142_outcome242_baseline0.10_mc100_alpha0.05_min100_profiles2b1671cb4b",10,"thin_plate_spline","GCV.Cp","tp-k20-xmajor-yfast-absorbcons-false-nointercept-v1",20,"low_y_side","quarter_2","b100_p01000_s250",100,1000,250,"nested_prefix_median_v1","ok","whole_grid_cosine_dual_leakage_penalty_v2",35,165,-0.0654489213596524,0.5,1,0.602091956095784,0.962078295755039,0.608343971406482,0.376803764511438,0.235812944372577,4.38273695695617,6.80753368101942,0.722247264360511
"low_y_side__quarter_3__b050_p02500_s250","games10_possessions92_source4370615271_grid20x10_trajectory142_outcome242_baseline0.10_mc100_alpha0.05_min100_profiles2b1671cb4b",10,"thin_plate_spline","GCV.Cp","tp-k20-xmajor-yfast-absorbcons-false-nointercept-v1",20,"low_y_side","quarter_3","b050_p02500_s250",50,2500,250,"nested_prefix_median_v1","ok","whole_grid_cosine_dual_leakage_penalty_v2",35,165,-0.05292659132609,0.5,1,0.455771586603502,0.945253845919513,0.767513580866532,0.219758681809966,0.105960704112227,3.7575683100973,12.4049599102721,0.785603126328827
"low_y_side__quarter_3__b050_p01000_s250","games10_possessions92_source4370615271_grid20x10_trajectory142_outcome242_baseline0.10_mc100_alpha0.05_min100_profiles2b1671cb4b",10,"thin_plate_spline","GCV.Cp","tp-k20-xmajor-yfast-absorbcons-false-nointercept-v1",20,"low_y_side","quarter_3","b050_p01000_s250",50,1000,250,"nested_prefix_median_v1","ok","whole_grid_cosine_dual_leakage_penalty_v2",35,165,-0.047335189234216,0.5,1,0.476488108161627,0.947930828544399,0.747331653991097,0.239512114579162,0.120393462182109,3.46454963345039,10.2472970943875,0.732577790897692
"low_y_side__quarter_3__b100_p02500_s250","games10_possessions92_source4370615271_grid20x10_trajectory142_outcome242_baseline0.10_mc100_alpha0.05_min100_profiles2b1671cb4b",10,"thin_plate_spline","GCV.Cp","tp-k20-xmajor-yfast-absorbcons-false-nointercept-v1",20,"low_y_side","quarter_3","b100_p02500_s250",100,2500,250,"nested_prefix_median_v1","ok","whole_grid_cosine_dual_leakage_penalty_v2",35,165,-0.0514116672143127,0.5,1,0.459275450346235,0.944891104796042,0.763743948036732,0.223236241954323,0.108506604662453,3.72599787133321,12.0450176872969,0.76507679707292
"low_y_side__quarter_3__b100_p01000_s200","games10_possessions92_source4370615271_grid20x10_trajectory142_outcome242_baseline0.10_mc100_alpha0.05_min100_profiles2b1671cb4b",10,"thin_plate_spline","GCV.Cp","tp-k20-xmajor-yfast-absorbcons-false-nointercept-v1",20,"low_y_side","quarter_3","b100_p01000_s200",100,1000,200,"nested_prefix_median_v1","ok","whole_grid_cosine_dual_leakage_penalty_v2",35,165,-0.0515798196096713,0.5,1,0.514287012136909,0.940898931629791,0.701238134419202,0.281104720136696,0.153649347189997,3.83370197521857,8.99826360300469,0.755158331853939
"low_y_side__quarter_3__b100_p01000_s250","games10_possessions92_source4370615271_grid20x10_trajectory142_outcome242_baseline0.10_mc100_alpha0.05_min100_profiles2b1671cb4b",10,"thin_plate_spline","GCV.Cp","tp-k20-xmajor-yfast-absorbcons-false-nointercept-v1",20,"low_y_side","quarter_3","b100_p01000_s250",100,1000,250,"nested_prefix_median_v1","ok","whole_grid_cosine_dual_leakage_penalty_v2",35,165,-0.0474609392322884,0.5,1,0.477049697431209,0.947402211254914,0.746453008704303,0.240210980210574,0.120954515482206,3.52626385828166,10.3814691432478,0.739967721175804
"low_y_side__quarter_4__b050_p02500_s250","games10_possessions92_source4370615271_grid20x10_trajectory142_outcome242_baseline0.10_mc100_alpha0.05_min100_profiles2b1671cb4b",10,"thin_plate_spline","GCV.Cp","tp-k20-xmajor-yfast-absorbcons-false-nointercept-v1",20,"low_y_side","quarter_4","b050_p02500_s250",50,2500,250,"nested_prefix_median_v1","ok","whole_grid_cosine_dual_leakage_penalty_v2",35,165,-0.0543402376495938,0.5,1,0.71000356441995,0.836772431091554,0.280043376264192,0.602439854323879,0.511171769080176,5.35905946173118,2.08452711703154,0.628554685411672
"low_y_side__quarter_4__b050_p01000_s250","games10_possessions92_source4370615271_grid20x10_trajectory142_outcome242_baseline0.10_mc100_alpha0.05_min100_profiles2b1671cb4b",10,"thin_plate_spline","GCV.Cp","tp-k20-xmajor-yfast-absorbcons-false-nointercept-v1",20,"low_y_side","quarter_4","b050_p01000_s250",50,1000,250,"nested_prefix_median_v1","ok","whole_grid_cosine_dual_leakage_penalty_v2",35,165,-0.0587557065278886,0.5,1,0.735882479916261,0.850347313431353,0.251099296406834,0.636825701327299,0.551102906971171,5.21239488709984,1.74766652303262,0.611359502154183
"low_y_side__quarter_4__b100_p02500_s250","games10_possessions92_source4370615271_grid20x10_trajectory142_outcome242_baseline0.10_mc100_alpha0.05_min100_profiles2b1671cb4b",10,"thin_plate_spline","GCV.Cp","tp-k20-xmajor-yfast-absorbcons-false-nointercept-v1",20,"low_y_side","quarter_4","b100_p02500_s250",100,2500,250,"nested_prefix_median_v1","ok","whole_grid_cosine_dual_leakage_penalty_v2",35,165,-0.0554918731436598,0.5,1,0.715920979918748,0.837145197471797,0.268644387121559,0.612250838965229,0.52359282704101,5.3671648312959,1.97148785254968,0.626729095414946
"low_y_side__quarter_4__b100_p01000_s200","games10_possessions92_source4370615271_grid20x10_trajectory142_outcome242_baseline0.10_mc100_alpha0.05_min100_profiles2b1671cb4b",10,"thin_plate_spline","GCV.Cp","tp-k20-xmajor-yfast-absorbcons-false-nointercept-v1",20,"low_y_side","quarter_4","b100_p01000_s200",100,1000,200,"nested_prefix_median_v1","ok","whole_grid_cosine_dual_leakage_penalty_v2",35,165,-0.0604265589206967,0.5,1,0.730921295929842,0.853407215765759,0.266451877428066,0.626015260914314,0.536165944377181,5.28370742309398,1.91923845122505,0.60577142523489
"low_y_side__quarter_4__b100_p01000_s250","games10_possessions92_source4370615271_grid20x10_trajectory142_outcome242_baseline0.10_mc100_alpha0.05_min100_profiles2b1671cb4b",10,"thin_plate_spline","GCV.Cp","tp-k20-xmajor-yfast-absorbcons-false-nointercept-v1",20,"low_y_side","quarter_4","b100_p01000_s250",100,1000,250,"nested_prefix_median_v1","ok","whole_grid_cosine_dual_leakage_penalty_v2",35,165,-0.0561343200705548,0.5,1,0.734675505686618,0.843910749664447,0.242124123895965,0.639579598755556,0.55679284252442,5.1787232600542,1.65448442386911,0.603396930311801
"perimeter__full_game__b050_p02500_s250","games10_possessions92_source4370615271_grid20x10_trajectory142_outcome242_baseline0.10_mc100_alpha0.05_min100_profiles2b1671cb4b",10,"thin_plate_spline","GCV.Cp","tp-k20-xmajor-yfast-absorbcons-false-nointercept-v1",20,"perimeter","full_game","b050_p02500_s250",50,2500,250,"nested_prefix_median_v1","ok","whole_grid_cosine_dual_leakage_penalty_v2",54,146,-0.03858669800176,0.5,1,0.769980000046377,0.959161692529723,0.355570758572877,0.618111841922885,0.496197627343943,2.62621723097523,1.44904357680458,0.444249448213653
"perimeter__full_game__b050_p01000_s250","games10_possessions92_source4370615271_grid20x10_trajectory142_outcome242_baseline0.10_mc100_alpha0.05_min100_profiles2b1671cb4b",10,"thin_plate_spline","GCV.Cp","tp-k20-xmajor-yfast-absorbcons-false-nointercept-v1",20,"perimeter","full_game","b050_p01000_s250",50,1000,250,"nested_prefix_median_v1","ok","whole_grid_cosine_dual_leakage_penalty_v2",54,146,-0.0321546475839323,0.5,1,0.760916029068539,0.95238153484519,0.361660774169746,0.607942491648108,0.485722548917442,2.40191230251533,1.3608398601632,0.437222533475905
"perimeter__full_game__b100_p02500_s250","games10_possessions92_source4370615271_grid20x10_trajectory142_outcome242_baseline0.10_mc100_alpha0.05_min100_profiles2b1671cb4b",10,"thin_plate_spline","GCV.Cp","tp-k20-xmajor-yfast-absorbcons-false-nointercept-v1",20,"perimeter","full_game","b100_p02500_s250",100,2500,250,"nested_prefix_median_v1","ok","whole_grid_cosine_dual_leakage_penalty_v2",54,146,-0.036017361154821,0.5,1,0.761528168102976,0.958110087301657,0.368256010125778,0.605280289290688,0.481090843318981,2.55565444110693,1.48974129208517,0.441777707821813
"perimeter__full_game__b100_p01000_s200","games10_possessions92_source4370615271_grid20x10_trajectory142_outcome242_baseline0.10_mc100_alpha0.05_min100_profiles2b1671cb4b",10,"thin_plate_spline","GCV.Cp","tp-k20-xmajor-yfast-absorbcons-false-nointercept-v1",20,"perimeter","full_game","b100_p01000_s200",100,1000,200,"nested_prefix_median_v1","ok","whole_grid_cosine_dual_leakage_penalty_v2",54,146,-0.0365709332110598,0.5,1,0.773656896825081,0.956825218813951,0.346220082342221,0.625553112769071,0.505801342301674,2.5252382916115,1.33728214287718,0.434255041016711
"perimeter__full_game__b100_p01000_s250","games10_possessions92_source4370615271_grid20x10_trajectory142_outcome242_baseline0.10_mc100_alpha0.05_min100_profiles2b1671cb4b",10,"thin_plate_spline","GCV.Cp","tp-k20-xmajor-yfast-absorbcons-false-nointercept-v1",20,"perimeter","full_game","b100_p01000_s250",100,1000,250,"nested_prefix_median_v1","ok","whole_grid_cosine_dual_leakage_penalty_v2",54,146,-0.0375769797853195,0.5,1,0.769240616376838,0.957662772638558,0.354792802176342,0.617890913994158,0.496319582544643,2.45255185140448,1.34863303877833,0.432291964210383
"perimeter__quarter_1__b050_p02500_s250","games10_possessions92_source4370615271_grid20x10_trajectory142_outcome242_baseline0.10_mc100_alpha0.05_min100_profiles2b1671cb4b",10,"thin_plate_spline","GCV.Cp","tp-k20-xmajor-yfast-absorbcons-false-nointercept-v1",20,"perimeter","quarter_1","b050_p02500_s250",50,2500,250,"nested_prefix_median_v1","ok","whole_grid_cosine_dual_leakage_penalty_v2",54,146,-0.0131663938825196,0.5,1,0.446203598437555,0.890151975778619,0.748731633481729,0.223667032906905,0.112116849313979,2.55929865105326,7.62622006949431,0.661602983361468
"perimeter__quarter_1__b050_p01000_s250","games10_possessions92_source4370615271_grid20x10_trajectory142_outcome242_baseline0.10_mc100_alpha0.05_min100_profiles2b1671cb4b",10,"thin_plate_spline","GCV.Cp","tp-k20-xmajor-yfast-absorbcons-false-nointercept-v1",20,"perimeter","quarter_1","b050_p01000_s250",50,1000,250,"nested_prefix_median_v1","ok","whole_grid_cosine_dual_leakage_penalty_v2",54,146,-0.0187522707209914,0.5,1,0.473012213487271,0.898807715314739,0.723043778279043,0.248930388887215,0.131003675475301,2.77375937861592,7.2413952237262,0.647507493423961
"perimeter__quarter_1__b100_p02500_s250","games10_possessions92_source4370615271_grid20x10_trajectory142_outcome242_baseline0.10_mc100_alpha0.05_min100_profiles2b1671cb4b",10,"thin_plate_spline","GCV.Cp","tp-k20-xmajor-yfast-absorbcons-false-nointercept-v1",20,"perimeter","quarter_1","b100_p02500_s250",100,2500,250,"nested_prefix_median_v1","ok","whole_grid_cosine_dual_leakage_penalty_v2",54,146,-0.0123166747475648,0.5,1,0.445188229979007,0.890755618783081,0.750212784584653,0.2224993656314,0.111202328302143,2.56141337149446,7.69296801161729,0.660602661975322
"perimeter__quarter_1__b100_p01000_s200","games10_possessions92_source4370615271_grid20x10_trajectory142_outcome242_baseline0.10_mc100_alpha0.05_min100_profiles2b1671cb4b",10,"thin_plate_spline","GCV.Cp","tp-k20-xmajor-yfast-absorbcons-false-nointercept-v1",20,"perimeter","quarter_1","b100_p01000_s200",100,1000,200,"nested_prefix_median_v1","ok","whole_grid_cosine_dual_leakage_penalty_v2",54,146,-0.0200160343694572,0.5,1,0.468144918945524,0.899794079492292,0.729308657686578,0.243566467183438,0.126722776506572,2.7274701371854,7.34847139044344,0.650367300825079
"perimeter__quarter_1__b100_p01000_s250","games10_possessions92_source4370615271_grid20x10_trajectory142_outcome242_baseline0.10_mc100_alpha0.05_min100_profiles2b1671cb4b",10,"thin_plate_spline","GCV.Cp","tp-k20-xmajor-yfast-absorbcons-false-nointercept-v1",20,"perimeter","quarter_1","b100_p01000_s250",100,1000,250,"nested_prefix_median_v1","ok","whole_grid_cosine_dual_leakage_penalty_v2",54,146,-0.0192211656540917,0.5,1,0.465584620632385,0.901298006540685,0.733154163422568,0.240507620560921,0.124239317590235,2.68022282636943,7.36386427930175,0.649483113630459
"perimeter__quarter_2__b050_p02500_s250","games10_possessions92_source4370615271_grid20x10_trajectory142_outcome242_baseline0.10_mc100_alpha0.05_min100_profiles2b1671cb4b",10,"thin_plate_spline","GCV.Cp","tp-k20-xmajor-yfast-absorbcons-false-nointercept-v1",20,"perimeter","quarter_2","b050_p02500_s250",50,2500,250,"nested_prefix_median_v1","ok","whole_grid_cosine_dual_leakage_penalty_v2",54,146,-0.050294719282159,0.5,1,0.448593123973502,0.938385254063637,0.771470180977527,0.21444901228452,0.10251690543639,3.82381438043899,12.908419499565,0.971032594653256
"perimeter__quarter_2__b050_p01000_s250","games10_possessions92_source4370615271_grid20x10_trajectory142_outcome242_baseline0.10_mc100_alpha0.05_min100_profiles2b1671cb4b",10,"thin_plate_spline","GCV.Cp","tp-k20-xmajor-yfast-absorbcons-false-nointercept-v1",20,"perimeter","quarter_2","b050_p01000_s250",50,1000,250,"nested_prefix_median_v1","ok","whole_grid_cosine_dual_leakage_penalty_v2",54,146,-0.0478478308870623,0.5,1,0.477190994503297,0.936844046708546,0.740552269838455,0.243062061433889,0.123806120377411,3.86587707146976,11.0345310726395,0.955282403736993
"perimeter__quarter_2__b100_p02500_s250","games10_possessions92_source4370615271_grid20x10_trajectory142_outcome242_baseline0.10_mc100_alpha0.05_min100_profiles2b1671cb4b",10,"thin_plate_spline","GCV.Cp","tp-k20-xmajor-yfast-absorbcons-false-nointercept-v1",20,"perimeter","quarter_2","b100_p02500_s250",100,2500,250,"nested_prefix_median_v1","ok","whole_grid_cosine_dual_leakage_penalty_v2",54,146,-0.0531067111042121,0.5,1,0.452023639483298,0.940313824813104,0.768912394334008,0.217294870350691,0.104457060552623,3.89118997466975,12.9474023135466,0.964741791144842
"perimeter__quarter_2__b100_p01000_s200","games10_possessions92_source4370615271_grid20x10_trajectory142_outcome242_baseline0.10_mc100_alpha0.05_min100_profiles2b1671cb4b",10,"thin_plate_spline","GCV.Cp","tp-k20-xmajor-yfast-absorbcons-false-nointercept-v1",20,"perimeter","quarter_2","b100_p01000_s200",100,1000,200,"nested_prefix_median_v1","ok","whole_grid_cosine_dual_leakage_penalty_v2",54,146,-0.0526987775665293,0.5,1,0.47072820350007,0.94009233544141,0.749273974938723,0.235705614455798,0.118023811347809,3.92486086383543,11.7291218564514,0.948766235600032
"perimeter__quarter_2__b100_p01000_s250","games10_possessions92_source4370615271_grid20x10_trajectory142_outcome242_baseline0.10_mc100_alpha0.05_min100_profiles2b1671cb4b",10,"thin_plate_spline","GCV.Cp","tp-k20-xmajor-yfast-absorbcons-false-nointercept-v1",20,"perimeter","quarter_2","b100_p01000_s250",100,1000,250,"nested_prefix_median_v1","ok","whole_grid_cosine_dual_leakage_penalty_v2",54,146,-0.0496331745653214,0.5,1,0.467438147644999,0.939255346729061,0.752325695200394,0.232629415030433,0.11577241825479,3.80319695171306,11.5524409889698,0.94814419892565
"perimeter__quarter_3__b050_p02500_s250","games10_possessions92_source4370615271_grid20x10_trajectory142_outcome242_baseline0.10_mc100_alpha0.05_min100_profiles2b1671cb4b",10,"thin_plate_spline","GCV.Cp","tp-k20-xmajor-yfast-absorbcons-false-nointercept-v1",20,"perimeter","quarter_3","b050_p02500_s250",50,2500,250,"nested_prefix_median_v1","ok","whole_grid_cosine_dual_leakage_penalty_v2",54,146,-0.0185925399123199,0.5,1,0.393524886869445,0.898104998279089,0.80800488511518,0.172431772323225,0.0755548558645349,1.85473499047652,7.80558887551974,0.58142338701871
"perimeter__quarter_3__b050_p01000_s250","games10_possessions92_source4370615271_grid20x10_trajectory142_outcome242_baseline0.10_mc100_alpha0.05_min100_profiles2b1671cb4b",10,"thin_plate_spline","GCV.Cp","tp-k20-xmajor-yfast-absorbcons-false-nointercept-v1",20,"perimeter","quarter_3","b050_p01000_s250",50,1000,250,"nested_prefix_median_v1","ok","whole_grid_cosine_dual_leakage_penalty_v2",54,146,-0.0282068285108235,0.5,1,0.424986225914579,0.908855598107737,0.781344736700058,0.198726060105873,0.0929254751262009,1.94593767116148,6.95363164079296,0.552652113796401
"perimeter__quarter_3__b100_p02500_s250","games10_possessions92_source4370615271_grid20x10_trajectory142_outcome242_baseline0.10_mc100_alpha0.05_min100_profiles2b1671cb4b",10,"thin_plate_spline","GCV.Cp","tp-k20-xmajor-yfast-absorbcons-false-nointercept-v1",20,"perimeter","quarter_3","b100_p02500_s250",100,2500,250,"nested_prefix_median_v1","ok","whole_grid_cosine_dual_leakage_penalty_v2",54,146,-0.0220257751684137,0.5,1,0.39948072451453,0.901901528731869,0.803811561034764,0.176942653022265,0.0783734997392071,1.88752005342108,7.73343449097766,0.57147256887912
"perimeter__quarter_3__b100_p01000_s200","games10_possessions92_source4370615271_grid20x10_trajectory142_outcome242_baseline0.10_mc100_alpha0.05_min100_profiles2b1671cb4b",10,"thin_plate_spline","GCV.Cp","tp-k20-xmajor-yfast-absorbcons-false-nointercept-v1",20,"perimeter","quarter_3","b100_p01000_s200",100,1000,200,"nested_prefix_median_v1","ok","whole_grid_cosine_dual_leakage_penalty_v2",54,146,-0.0242520127164247,0.5,1,0.431653648548177,0.91190146294651,0.775934492129336,0.204325664423112,0.0967186939861726,1.79580519652091,6.21883843866764,0.528330706230402
"perimeter__quarter_3__b100_p01000_s250","games10_possessions92_source4370615271_grid20x10_trajectory142_outcome242_baseline0.10_mc100_alpha0.05_min100_profiles2b1671cb4b",10,"thin_plate_spline","GCV.Cp","tp-k20-xmajor-yfast-absorbcons-false-nointercept-v1",20,"perimeter","quarter_3","b100_p01000_s250",100,1000,250,"nested_prefix_median_v1","ok","whole_grid_cosine_dual_leakage_penalty_v2",54,146,-0.0229602699499439,0.5,1,0.419885033843961,0.903772247936743,0.78415460496954,0.195075077873473,0.0906302509974276,1.85800167364784,6.75001923588161,0.552224885563566
"perimeter__quarter_4__b050_p02500_s250","games10_possessions92_source4370615271_grid20x10_trajectory142_outcome242_baseline0.10_mc100_alpha0.05_min100_profiles2b1671cb4b",10,"thin_plate_spline","GCV.Cp","tp-k20-xmajor-yfast-absorbcons-false-nointercept-v1",20,"perimeter","quarter_4","b050_p02500_s250",50,2500,250,"nested_prefix_median_v1","ok","whole_grid_cosine_dual_leakage_penalty_v2",54,146,-0.0810411847693644,0.5,1,0.73513834006442,0.953539119313867,0.405624202530784,0.566760574460274,0.436948437125986,5.7659493234529,3.93489877299323,0.654043470069887
"perimeter__quarter_4__b050_p01000_s250","games10_possessions92_source4370615271_grid20x10_trajectory142_outcome242_baseline0.10_mc100_alpha0.05_min100_profiles2b1671cb4b",10,"thin_plate_spline","GCV.Cp","tp-k20-xmajor-yfast-absorbcons-false-nointercept-v1",20,"perimeter","quarter_4","b050_p01000_s250",50,1000,250,"nested_prefix_median_v1","ok","whole_grid_cosine_dual_leakage_penalty_v2",54,146,-0.0863920863417119,0.5,1,0.747606260383043,0.955710563089315,0.388082199764453,0.584816305427489,0.457473578295915,5.93703467337595,3.76530552834819,0.630232684896772
"perimeter__quarter_4__b100_p02500_s250","games10_possessions92_source4370615271_grid20x10_trajectory142_outcome242_baseline0.10_mc100_alpha0.05_min100_profiles2b1671cb4b",10,"thin_plate_spline","GCV.Cp","tp-k20-xmajor-yfast-absorbcons-false-nointercept-v1",20,"perimeter","quarter_4","b100_p02500_s250",100,2500,250,"nested_prefix_median_v1","ok","whole_grid_cosine_dual_leakage_penalty_v2",54,146,-0.0855240166977254,0.5,1,0.738431057210419,0.955489659466191,0.402733817491904,0.570681661335332,0.441039898585484,5.96808233991081,4.02425024930274,0.661134712567642
"perimeter__quarter_4__b100_p01000_s200","games10_possessions92_source4370615271_grid20x10_trajectory142_outcome242_baseline0.10_mc100_alpha0.05_min100_profiles2b1671cb4b",10,"thin_plate_spline","GCV.Cp","tp-k20-xmajor-yfast-absorbcons-false-nointercept-v1",20,"perimeter","quarter_4","b100_p01000_s200",100,1000,200,"nested_prefix_median_v1","ok","whole_grid_cosine_dual_leakage_penalty_v2",54,146,-0.0870742918250503,0.5,1,0.738002824332059,0.954772303173043,0.402529559824034,0.570448228244619,0.440934872304782,5.91415031782654,3.98449892092862,0.643630676118324
"perimeter__quarter_4__b100_p01000_s250","games10_possessions92_source4370615271_grid20x10_trajectory142_outcome242_baseline0.10_mc100_alpha0.05_min100_profiles2b1671cb4b",10,"thin_plate_spline","GCV.Cp","tp-k20-xmajor-yfast-absorbcons-false-nointercept-v1",20,"perimeter","quarter_4","b100_p01000_s250",100,1000,250,"nested_prefix_median_v1","ok","whole_grid_cosine_dual_leakage_penalty_v2",54,146,-0.090822505867144,0.5,1,0.749993070241914,0.955287717249712,0.383623441413136,0.588816955618679,0.462278147599707,6.12022032330763,3.80913250175625,0.643982682730315
