run_id,stream_id,profile,scope,config_id,config_key,bootstrap_group_key,design,n_bootstraps,possessions_per_bootstrap,samples_per_possession,is_baseline,is_individual_profile_like,bootstrap_seed,null_seed,simulation_tag,sweep_tag,sweep_design_version,seed_policy_version,map_estimator,source_possessions,status,elapsed_seconds,lambda_qut,lambda_max_obs,lambda_ci_low,lambda_ci_high,lambda_ci_width,lambda_bootstrap_mean,lambda_bootstrap_std,bootstrap_draws_requested,bootstrap_draws_successful,p_value,reject_qut,error
high_y_side__full_game__b500_p01000_s100,high_y_side__full_game__p01000_s100,high_y_side,full_game,0,b500_p01000_s100,p01000_s100,selected_ranked_validation,500,1000,100,False,False,1920414983,1504069770,games8_possessions92_source4370615271_grid20x10_trajectory142_outcome242_baseline0.10_mc100_alpha0.05_min100_profiles2b1671cb4b,games8_possessions92_source4370615271_grid20x10_trajectory142_outcome242_baseline0.10_mc100_alpha0.05_min100_profiles2b1671cb4b_plandc0cd9facf,factorial_nested_prefix_median_v1,sha256_slot_seed_v1,nested_prefix_median_v1,736,ok,386.7834967999916,16.97921678908339,76.31420580121504,69.22569139094342,89.25765960913586,20.031968218192432,79.66131485635692,4.922053228098901,500,500,0.0,True,
high_y_side__full_game__b050_p02500_s250,high_y_side__full_game__p02500_s250,high_y_side,full_game,1,b050_p02500_s250,p02500_s250,selected_ranked_validation,50,2500,250,False,False,2735250012,3657802271,games8_possessions92_source4370615271_grid20x10_trajectory142_outcome242_baseline0.10_mc100_alpha0.05_min100_profiles2b1671cb4b,games8_possessions92_source4370615271_grid20x10_trajectory142_outcome242_baseline0.10_mc100_alpha0.05_min100_profiles2b1671cb4b_plandc0cd9facf,factorial_nested_prefix_median_v1,sha256_slot_seed_v1,nested_prefix_median_v1,736,ok,67.02557299999899,26.228856176766516,236.52068046441568,223.5175586937376,250.18021667196555,26.662657978228,236.06608261833108,7.309345646058427,50,50,0.0,True,
high_y_side__full_game__b100_p02500_s250,high_y_side__full_game__p02500_s250,high_y_side,full_game,4,b100_p02500_s250,p02500_s250,selected_ranked_validation,100,2500,250,False,False,2735250012,3657802271,games8_possessions92_source4370615271_grid20x10_trajectory142_outcome242_baseline0.10_mc100_alpha0.05_min100_profiles2b1671cb4b,games8_possessions92_source4370615271_grid20x10_trajectory142_outcome242_baseline0.10_mc100_alpha0.05_min100_profiles2b1671cb4b_plandc0cd9facf,factorial_nested_prefix_median_v1,sha256_slot_seed_v1,nested_prefix_median_v1,736,ok,131.40302160002102,26.228856176766516,236.52068046441568,223.66535606975523,249.97696396016804,26.3116078904128,235.29225035315008,7.090268221666183,100,100,0.0,True,
high_y_side__full_game__b050_p01000_s250,high_y_side__full_game__p01000_s250,high_y_side,full_game,2,b050_p01000_s250,p01000_s250,selected_ranked_validation,50,1000,250,False,False,2271573849,1666179045,games8_possessions92_source4370615271_grid20x10_trajectory142_outcome242_baseline0.10_mc100_alpha0.05_min100_profiles2b1671cb4b,games8_possessions92_source4370615271_grid20x10_trajectory142_outcome242_baseline0.10_mc100_alpha0.05_min100_profiles2b1671cb4b_plandc0cd9facf,factorial_nested_prefix_median_v1,sha256_slot_seed_v1,nested_prefix_median_v1,736,ok,37.64224070000637,18.638785745531017,98.48288816199576,83.14593316595841,103.78646854631914,20.64053538036073,93.46800447318824,5.522583038938191,50,50,0.0,True,
high_y_side__full_game__b100_p01000_s250,high_y_side__full_game__p01000_s250,high_y_side,full_game,5,b100_p01000_s250,p01000_s250,selected_ranked_validation,100,1000,250,False,False,2271573849,1666179045,games8_possessions92_source4370615271_grid20x10_trajectory142_outcome242_baseline0.10_mc100_alpha0.05_min100_profiles2b1671cb4b,games8_possessions92_source4370615271_grid20x10_trajectory142_outcome242_baseline0.10_mc100_alpha0.05_min100_profiles2b1671cb4b_plandc0cd9facf,factorial_nested_prefix_median_v1,sha256_slot_seed_v1,nested_prefix_median_v1,736,ok,71.6549409000072,18.638785745531017,98.48288816199576,83.25549738887372,105.10466371644748,21.84916632757377,93.95334583608916,5.687275442360945,100,100,0.0,True,
high_y_side__full_game__b100_p01000_s200,high_y_side__full_game__p01000_s200,high_y_side,full_game,3,b100_p01000_s200,p01000_s200,selected_ranked_validation,100,1000,200,True,False,2842462570,2566466706,games8_possessions92_source4370615271_grid20x10_trajectory142_outcome242_baseline0.10_mc100_alpha0.05_min100_profiles2b1671cb4b,games8_possessions92_source4370615271_grid20x10_trajectory142_outcome242_baseline0.10_mc100_alpha0.05_min100_profiles2b1671cb4b_plandc0cd9facf,factorial_nested_prefix_median_v1,sha256_slot_seed_v1,nested_prefix_median_v1,736,ok,68.66473200002292,17.40696213092803,84.32227048685371,81.37483714522921,104.29406185537694,22.91922471014773,91.22079409560762,5.829763430225154,100,100,0.0,True,
high_y_side__quarter_1__b500_p01000_s100,high_y_side__quarter_1__p01000_s100,high_y_side,quarter_1,0,b500_p01000_s100,p01000_s100,selected_ranked_validation,500,1000,100,False,False,2647238433,3988492099,games8_possessions92_source4370615271_grid20x10_trajectory142_outcome242_baseline0.10_mc100_alpha0.05_min100_profiles2b1671cb4b,games8_possessions92_source4370615271_grid20x10_trajectory142_outcome242_baseline0.10_mc100_alpha0.05_min100_profiles2b1671cb4b_plandc0cd9facf,factorial_nested_prefix_median_v1,sha256_slot_seed_v1,nested_prefix_median_v1,184,ok,371.8291469999713,15.945000033707268,80.35788658147341,69.90547497834098,87.43960922796113,17.534134249620152,78.59486465557781,4.33052783560686,500,500,0.0,True,
high_y_side__quarter_1__b050_p02500_s250,high_y_side__quarter_1__p02500_s250,high_y_side,quarter_1,1,b050_p02500_s250,p02500_s250,selected_ranked_validation,50,2500,250,False,False,3759287628,1549208640,games8_possessions92_source4370615271_grid20x10_trajectory142_outcome242_baseline0.10_mc100_alpha0.05_min100_profiles2b1671cb4b,games8_possessions92_source4370615271_grid20x10_trajectory142_outcome242_baseline0.10_mc100_alpha0.05_min100_profiles2b1671cb4b_plandc0cd9facf,factorial_nested_prefix_median_v1,sha256_slot_seed_v1,nested_prefix_median_v1,184,ok,71.71500980000928,32.752961522401414,236.67314644173524,217.48809797520428,246.65616079555156,29.168062820347245,231.26742540251308,8.05077861679583,50,50,0.0,True,
high_y_side__quarter_1__b100_p02500_s250,high_y_side__quarter_1__p02500_s250,high_y_side,quarter_1,4,b100_p02500_s250,p02500_s250,selected_ranked_validation,100,2500,250,False,False,3759287628,1549208640,games8_possessions92_source4370615271_grid20x10_trajectory142_outcome242_baseline0.10_mc100_alpha0.05_min100_profiles2b1671cb4b,games8_possessions92_source4370615271_grid20x10_trajectory142_outcome242_baseline0.10_mc100_alpha0.05_min100_profiles2b1671cb4b_plandc0cd9facf,factorial_nested_prefix_median_v1,sha256_slot_seed_v1,nested_prefix_median_v1,184,ok,134.5684979000216,32.752961522401414,236.67314644173524,215.09054155577095,246.92589263575329,31.835351079982274,231.2400679417532,8.446078535710456,100,100,0.0,True,
high_y_side__quarter_1__b050_p01000_s250,high_y_side__quarter_1__p01000_s250,high_y_side,quarter_1,2,b050_p01000_s250,p01000_s250,selected_ranked_validation,50,1000,250,False,False,3078264424,1835426287,games8_possessions92_source4370615271_grid20x10_trajectory142_outcome242_baseline0.10_mc100_alpha0.05_min100_profiles2b1671cb4b,games8_possessions92_source4370615271_grid20x10_trajectory142_outcome242_baseline0.10_mc100_alpha0.05_min100_profiles2b1671cb4b_plandc0cd9facf,factorial_nested_prefix_median_v1,sha256_slot_seed_v1,nested_prefix_median_v1,184,ok,37.137267899994185,18.63506907352363,90.35454977426984,84.69611993180206,100.69642094936118,16.000301017559124,93.02154345087692,4.501179601894387,50,50,0.0,True,
high_y_side__quarter_1__b100_p01000_s250,high_y_side__quarter_1__p01000_s250,high_y_side,quarter_1,5,b100_p01000_s250,p01000_s250,selected_ranked_validation,100,1000,250,False,False,3078264424,1835426287,games8_possessions92_source4370615271_grid20x10_trajectory142_outcome242_baseline0.10_mc100_alpha0.05_min100_profiles2b1671cb4b,games8_possessions92_source4370615271_grid20x10_trajectory142_outcome242_baseline0.10_mc100_alpha0.05_min100_profiles2b1671cb4b_plandc0cd9facf,factorial_nested_prefix_median_v1,sha256_slot_seed_v1,nested_prefix_median_v1,184,ok,70.7753091999839,18.63506907352363,90.35454977426984,84.39044276159142,104.01386004907758,19.623417287486163,93.52215212411512,5.282697800264955,100,100,0.0,True,
high_y_side__quarter_1__b100_p01000_s200,high_y_side__quarter_1__p01000_s200,high_y_side,quarter_1,3,b100_p01000_s200,p01000_s200,selected_ranked_validation,100,1000,200,True,False,1046329125,2334718242,games8_possessions92_source4370615271_grid20x10_trajectory142_outcome242_baseline0.10_mc100_alpha0.05_min100_profiles2b1671cb4b,games8_possessions92_source4370615271_grid20x10_trajectory142_outcome242_baseline0.10_mc100_alpha0.05_min100_profiles2b1671cb4b_plandc0cd9facf,factorial_nested_prefix_median_v1,sha256_slot_seed_v1,nested_prefix_median_v1,184,ok,68.22417500001757,17.589778645018598,96.2530341790946,82.15315356518907,99.17515034281524,17.02199677762617,90.9317783992112,4.794337378993656,100,100,0.0,True,
high_y_side__quarter_2__b500_p01000_s100,high_y_side__quarter_2__p01000_s100,high_y_side,quarter_2,0,b500_p01000_s100,p01000_s100,selected_ranked_validation,500,1000,100,False,False,2774607307,2026435672,games8_possessions92_source4370615271_grid20x10_trajectory142_outcome242_baseline0.10_mc100_alpha0.05_min100_profiles2b1671cb4b,games8_possessions92_source4370615271_grid20x10_trajectory142_outcome242_baseline0.10_mc100_alpha0.05_min100_profiles2b1671cb4b_plandc0cd9facf,factorial_nested_prefix_median_v1,sha256_slot_seed_v1,nested_prefix_median_v1,184,ok,352.0521531999584,14.594109962110648,66.14061190180051,63.39605501060076,82.58649136001752,19.19043634941676,73.02697989329653,4.833936533387995,500,500,0.0,True,
high_y_side__quarter_2__b050_p02500_s250,high_y_side__quarter_2__p02500_s250,high_y_side,quarter_2,1,b050_p02500_s250,p02500_s250,selected_ranked_validation,50,2500,250,False,False,1961067986,1156654427,games8_possessions92_source4370615271_grid20x10_trajectory142_outcome242_baseline0.10_mc100_alpha0.05_min100_profiles2b1671cb4b,games8_possessions92_source4370615271_grid20x10_trajectory142_outcome242_baseline0.10_mc100_alpha0.05_min100_profiles2b1671cb4b_plandc0cd9facf,factorial_nested_prefix_median_v1,sha256_slot_seed_v1,nested_prefix_median_v1,184,ok,65.8766328999809,25.43178752427868,205.19573861564632,200.0891508639148,222.68954617514197,22.60039531122717,212.16330373592973,7.703605013519495,50,50,0.0,True,
high_y_side__quarter_2__b100_p02500_s250,high_y_side__quarter_2__p02500_s250,high_y_side,quarter_2,4,b100_p02500_s250,p02500_s250,selected_ranked_validation,100,2500,250,False,False,1961067986,1156654427,games8_possessions92_source4370615271_grid20x10_trajectory142_outcome242_baseline0.10_mc100_alpha0.05_min100_profiles2b1671cb4b,games8_possessions92_source4370615271_grid20x10_trajectory142_outcome242_baseline0.10_mc100_alpha0.05_min100_profiles2b1671cb4b_plandc0cd9facf,factorial_nested_prefix_median_v1,sha256_slot_seed_v1,nested_prefix_median_v1,184,ok,128.11710109996056,25.43178752427868,205.19573861564632,197.2478908652506,223.55751681180348,26.30962594655287,211.9040728144749,7.663062494274777,100,100,0.0,True,
high_y_side__quarter_2__b050_p01000_s250,high_y_side__quarter_2__p01000_s250,high_y_side,quarter_2,2,b050_p01000_s250,p01000_s250,selected_ranked_validation,50,1000,250,False,False,755582009,1090568348,games8_possessions92_source4370615271_grid20x10_trajectory142_outcome242_baseline0.10_mc100_alpha0.05_min100_profiles2b1671cb4b,games8_possessions92_source4370615271_grid20x10_trajectory142_outcome242_baseline0.10_mc100_alpha0.05_min100_profiles2b1671cb4b_plandc0cd9facf,factorial_nested_prefix_median_v1,sha256_slot_seed_v1,nested_prefix_median_v1,184,ok,36.97248099998978,16.59355323947177,77.70279002296013,76.98631586085195,94.31335174933795,17.32703588848601,84.57737359854993,4.885214654066892,50,50,0.0,True,
high_y_side__quarter_2__b100_p01000_s250,high_y_side__quarter_2__p01000_s250,high_y_side,quarter_2,5,b100_p01000_s250,p01000_s250,selected_ranked_validation,100,1000,250,False,False,755582009,1090568348,games8_possessions92_source4370615271_grid20x10_trajectory142_outcome242_baseline0.10_mc100_alpha0.05_min100_profiles2b1671cb4b,games8_possessions92_source4370615271_grid20x10_trajectory142_outcome242_baseline0.10_mc100_alpha0.05_min100_profiles2b1671cb4b_plandc0cd9facf,factorial_nested_prefix_median_v1,sha256_slot_seed_v1,nested_prefix_median_v1,184,ok,70.465376499993,16.59355323947177,77.70279002296013,75.5414514570173,94.2925981334184,18.751146676401103,85.10445707266112,5.141672475477258,100,100,0.0,True,
high_y_side__quarter_2__b100_p01000_s200,high_y_side__quarter_2__p01000_s200,high_y_side,quarter_2,3,b100_p01000_s200,p01000_s200,selected_ranked_validation,100,1000,200,True,False,2801856142,279321663,games8_possessions92_source4370615271_grid20x10_trajectory142_outcome242_baseline0.10_mc100_alpha0.05_min100_profiles2b1671cb4b,games8_possessions92_source4370615271_grid20x10_trajectory142_outcome242_baseline0.10_mc100_alpha0.05_min100_profiles2b1671cb4b_plandc0cd9facf,factorial_nested_prefix_median_v1,sha256_slot_seed_v1,nested_prefix_median_v1,184,ok,67.56826289998935,18.485547155161388,89.11662759162353,73.58517296400545,91.22993939253516,17.64476642852972,81.94578960638253,4.964413036810396,100,100,0.0,True,
high_y_side__quarter_3__b500_p01000_s100,high_y_side__quarter_3__p01000_s100,high_y_side,quarter_3,0,b500_p01000_s100,p01000_s100,selected_ranked_validation,500,1000,100,False,False,3547676325,263954713,games8_possessions92_source4370615271_grid20x10_trajectory142_outcome242_baseline0.10_mc100_alpha0.05_min100_profiles2b1671cb4b,games8_possessions92_source4370615271_grid20x10_trajectory142_outcome242_baseline0.10_mc100_alpha0.05_min100_profiles2b1671cb4b_plandc0cd9facf,factorial_nested_prefix_median_v1,sha256_slot_seed_v1,nested_prefix_median_v1,184,ok,307.3372870000385,13.74146433854031,86.71527944251785,80.10697979305033,95.57004312889926,15.46306333584893,87.41283008388828,4.089644286570641,500,500,0.0,True,
high_y_side__quarter_3__b050_p02500_s250,high_y_side__quarter_3__p02500_s250,high_y_side,quarter_3,1,b050_p02500_s250,p02500_s250,selected_ranked_validation,50,2500,250,False,False,3975477869,3399767438,games8_possessions92_source4370615271_grid20x10_trajectory142_outcome242_baseline0.10_mc100_alpha0.05_min100_profiles2b1671cb4b,games8_possessions92_source4370615271_grid20x10_trajectory142_outcome242_baseline0.10_mc100_alpha0.05_min100_profiles2b1671cb4b_plandc0cd9facf,factorial_nested_prefix_median_v1,sha256_slot_seed_v1,nested_prefix_median_v1,184,ok,69.39623909999136,25.924883421096546,257.5221961256686,243.10111817998884,271.2098867511523,28.10876857116344,257.78927163696443,7.991968142188866,50,50,0.0,True,
high_y_side__quarter_3__b100_p02500_s250,high_y_side__quarter_3__p02500_s250,high_y_side,quarter_3,4,b100_p02500_s250,p02500_s250,selected_ranked_validation,100,2500,250,False,False,3975477869,3399767438,games8_possessions92_source4370615271_grid20x10_trajectory142_outcome242_baseline0.10_mc100_alpha0.05_min100_profiles2b1671cb4b,games8_possessions92_source4370615271_grid20x10_trajectory142_outcome242_baseline0.10_mc100_alpha0.05_min100_profiles2b1671cb4b_plandc0cd9facf,factorial_nested_prefix_median_v1,sha256_slot_seed_v1,nested_prefix_median_v1,184,ok,132.64990740000212,25.924883421096546,257.5221961256686,243.25271542667176,270.28827072929647,27.035555302624687,257.8883689949539,7.104299919120272,100,100,0.0,True,
high_y_side__quarter_3__b050_p01000_s250,high_y_side__quarter_3__p01000_s250,high_y_side,quarter_3,2,b050_p01000_s250,p01000_s250,selected_ranked_validation,50,1000,250,False,False,508326812,2037912379,games8_possessions92_source4370615271_grid20x10_trajectory142_outcome242_baseline0.10_mc100_alpha0.05_min100_profiles2b1671cb4b,games8_possessions92_source4370615271_grid20x10_trajectory142_outcome242_baseline0.10_mc100_alpha0.05_min100_profiles2b1671cb4b_plandc0cd9facf,factorial_nested_prefix_median_v1,sha256_slot_seed_v1,nested_prefix_median_v1,184,ok,36.34800439999526,17.810597061494093,103.3848019284922,91.17764379022384,113.31403386478952,22.136390074565654,102.04994739764057,6.1179530062727245,50,50,0.0,True,
high_y_side__quarter_3__b100_p01000_s250,high_y_side__quarter_3__p01000_s250,high_y_side,quarter_3,5,b100_p01000_s250,p01000_s250,selected_ranked_validation,100,1000,250,False,False,508326812,2037912379,games8_possessions92_source4370615271_grid20x10_trajectory142_outcome242_baseline0.10_mc100_alpha0.05_min100_profiles2b1671cb4b,games8_possessions92_source4370615271_grid20x10_trajectory142_outcome242_baseline0.10_mc100_alpha0.05_min100_profiles2b1671cb4b_plandc0cd9facf,factorial_nested_prefix_median_v1,sha256_slot_seed_v1,nested_prefix_median_v1,184,ok,69.87928390000161,17.810597061494093,103.3848019284922,93.32997738853592,111.75284808607472,18.42287069753881,102.5796254223431,5.19290610318328,100,100,0.0,True,
high_y_side__quarter_3__b100_p01000_s200,high_y_side__quarter_3__p01000_s200,high_y_side,quarter_3,3,b100_p01000_s200,p01000_s200,selected_ranked_validation,100,1000,200,True,False,4069831766,2189025611,games8_possessions92_source4370615271_grid20x10_trajectory142_outcome242_baseline0.10_mc100_alpha0.05_min100_profiles2b1671cb4b,games8_possessions92_source4370615271_grid20x10_trajectory142_outcome242_baseline0.10_mc100_alpha0.05_min100_profiles2b1671cb4b_plandc0cd9facf,factorial_nested_prefix_median_v1,sha256_slot_seed_v1,nested_prefix_median_v1,184,ok,68.51959389997137,19.140409917298687,102.63502649479,91.30211701947287,108.56859253831266,17.266475518839783,99.20274520771235,4.367334171182039,100,100,0.0,True,
high_y_side__quarter_4__b500_p01000_s100,high_y_side__quarter_4__p01000_s100,high_y_side,quarter_4,0,b500_p01000_s100,p01000_s100,selected_ranked_validation,500,1000,100,False,False,4207142198,3131187337,games8_possessions92_source4370615271_grid20x10_trajectory142_outcome242_baseline0.10_mc100_alpha0.05_min100_profiles2b1671cb4b,games8_possessions92_source4370615271_grid20x10_trajectory142_outcome242_baseline0.10_mc100_alpha0.05_min100_profiles2b1671cb4b_plandc0cd9facf,factorial_nested_prefix_median_v1,sha256_slot_seed_v1,nested_prefix_median_v1,184,ok,305.13196850001987,14.83961620793078,80.15536298342154,72.01938089940514,90.70654422505368,18.687163325648555,81.36592545190916,4.910548462943308,500,500,0.0,True,
high_y_side__quarter_4__b050_p02500_s250,high_y_side__quarter_4__p02500_s250,high_y_side,quarter_4,1,b050_p02500_s250,p02500_s250,selected_ranked_validation,50,2500,250,False,False,3709580814,1922028992,games8_possessions92_source4370615271_grid20x10_trajectory142_outcome242_baseline0.10_mc100_alpha0.05_min100_profiles2b1671cb4b,games8_possessions92_source4370615271_grid20x10_trajectory142_outcome242_baseline0.10_mc100_alpha0.05_min100_profiles2b1671cb4b_plandc0cd9facf,factorial_nested_prefix_median_v1,sha256_slot_seed_v1,nested_prefix_median_v1,184,ok,65.6065362999907,25.40414214978609,237.7011135055077,223.81841451125416,257.3910188376988,33.57260432644466,239.66395842543136,10.154427020361863,50,50,0.0,True,
high_y_side__quarter_4__b100_p02500_s250,high_y_side__quarter_4__p02500_s250,high_y_side,quarter_4,4,b100_p02500_s250,p02500_s250,selected_ranked_validation,100,2500,250,False,False,3709580814,1922028992,games8_possessions92_source4370615271_grid20x10_trajectory142_outcome242_baseline0.10_mc100_alpha0.05_min100_profiles2b1671cb4b,games8_possessions92_source4370615271_grid20x10_trajectory142_outcome242_baseline0.10_mc100_alpha0.05_min100_profiles2b1671cb4b_plandc0cd9facf,factorial_nested_prefix_median_v1,sha256_slot_seed_v1,nested_prefix_median_v1,184,ok,128.24122180000268,25.40414214978609,237.7011135055077,223.99575039914805,258.1480370965253,34.152286697377235,240.5404380368285,9.378487408292049,100,100,0.0,True,
high_y_side__quarter_4__b050_p01000_s250,high_y_side__quarter_4__p01000_s250,high_y_side,quarter_4,2,b050_p01000_s250,p01000_s250,selected_ranked_validation,50,1000,250,False,False,2162539403,2487036553,games8_possessions92_source4370615271_grid20x10_trajectory142_outcome242_baseline0.10_mc100_alpha0.05_min100_profiles2b1671cb4b,games8_possessions92_source4370615271_grid20x10_trajectory142_outcome242_baseline0.10_mc100_alpha0.05_min100_profiles2b1671cb4b_plandc0cd9facf,factorial_nested_prefix_median_v1,sha256_slot_seed_v1,nested_prefix_median_v1,184,ok,36.1572358999947,17.21840796137327,105.39565449243858,88.05842770976811,106.18920851623216,18.130780806464045,96.95414952697092,5.520282535578606,50,50,0.0,True,
high_y_side__quarter_4__b100_p01000_s250,high_y_side__quarter_4__p01000_s250,high_y_side,quarter_4,5,b100_p01000_s250,p01000_s250,selected_ranked_validation,100,1000,250,False,False,2162539403,2487036553,games8_possessions92_source4370615271_grid20x10_trajectory142_outcome242_baseline0.10_mc100_alpha0.05_min100_profiles2b1671cb4b,games8_possessions92_source4370615271_grid20x10_trajectory142_outcome242_baseline0.10_mc100_alpha0.05_min100_profiles2b1671cb4b_plandc0cd9facf,factorial_nested_prefix_median_v1,sha256_slot_seed_v1,nested_prefix_median_v1,184,ok,69.6428964999941,17.21840796137327,105.39565449243858,87.75168844670391,106.59727199395792,18.84558354725401,96.7157999250613,5.403660225221027,100,100,0.0,True,
high_y_side__quarter_4__b100_p01000_s200,high_y_side__quarter_4__p01000_s200,high_y_side,quarter_4,3,b100_p01000_s200,p01000_s200,selected_ranked_validation,100,1000,200,True,False,2157421387,3807758292,games8_possessions92_source4370615271_grid20x10_trajectory142_outcome242_baseline0.10_mc100_alpha0.05_min100_profiles2b1671cb4b,games8_possessions92_source4370615271_grid20x10_trajectory142_outcome242_baseline0.10_mc100_alpha0.05_min100_profiles2b1671cb4b_plandc0cd9facf,factorial_nested_prefix_median_v1,sha256_slot_seed_v1,nested_prefix_median_v1,184,ok,67.55371509999168,17.509945908040315,92.73752341271732,83.21068343568022,104.24670020943184,21.036016773751623,93.2288506686364,5.31499949419275,100,100,0.0,True,
low_y_side__full_game__b500_p01000_s100,low_y_side__full_game__p01000_s100,low_y_side,full_game,0,b500_p01000_s100,p01000_s100,selected_ranked_validation,500,1000,100,False,False,1920414983,2270077150,games8_possessions92_source4370615271_grid20x10_trajectory142_outcome242_baseline0.10_mc100_alpha0.05_min100_profiles2b1671cb4b,games8_possessions92_source4370615271_grid20x10_trajectory142_outcome242_baseline0.10_mc100_alpha0.05_min100_profiles2b1671cb4b_plandc0cd9facf,factorial_nested_prefix_median_v1,sha256_slot_seed_v1,nested_prefix_median_v1,736,ok,389.3954775000129,16.3782028540763,93.35567035372418,75.65927980597894,96.03930085952211,20.38002105354319,86.05282377256945,4.994982910710309,500,500,0.0,True,
low_y_side__full_game__b050_p02500_s250,low_y_side__full_game__p02500_s250,low_y_side,full_game,1,b050_p02500_s250,p02500_s250,selected_ranked_validation,50,2500,250,False,False,2735250012,1214168332,games8_possessions92_source4370615271_grid20x10_trajectory142_outcome242_baseline0.10_mc100_alpha0.05_min100_profiles2b1671cb4b,games8_possessions92_source4370615271_grid20x10_trajectory142_outcome242_baseline0.10_mc100_alpha0.05_min100_profiles2b1671cb4b_plandc0cd9facf,factorial_nested_prefix_median_v1,sha256_slot_seed_v1,nested_prefix_median_v1,736,ok,66.98202299999684,28.76899816306081,246.9590017520559,231.91911378291437,267.06495791711023,35.1458441341959,247.87912319054257,9.438702519778506,50,50,0.0,True,
low_y_side__full_game__b100_p02500_s250,low_y_side__full_game__p02500_s250,low_y_side,full_game,4,b100_p02500_s250,p02500_s250,selected_ranked_validation,100,2500,250,False,False,2735250012,1214168332,games8_possessions92_source4370615271_grid20x10_trajectory142_outcome242_baseline0.10_mc100_alpha0.05_min100_profiles2b1671cb4b,games8_possessions92_source4370615271_grid20x10_trajectory142_outcome242_baseline0.10_mc100_alpha0.05_min100_profiles2b1671cb4b_plandc0cd9facf,factorial_nested_prefix_median_v1,sha256_slot_seed_v1,nested_prefix_median_v1,736,ok,134.55445649999456,28.76899816306081,246.9590017520559,229.94392124911604,265.96787743636133,36.02395618724529,247.69817633939888,8.935181132285823,100,100,0.0,True,
low_y_side__full_game__b050_p01000_s250,low_y_side__full_game__p01000_s250,low_y_side,full_game,2,b050_p01000_s250,p01000_s250,selected_ranked_validation,50,1000,250,False,False,2271573849,168242307,games8_possessions92_source4370615271_grid20x10_trajectory142_outcome242_baseline0.10_mc100_alpha0.05_min100_profiles2b1671cb4b,games8_possessions92_source4370615271_grid20x10_trajectory142_outcome242_baseline0.10_mc100_alpha0.05_min100_profiles2b1671cb4b_plandc0cd9facf,factorial_nested_prefix_median_v1,sha256_slot_seed_v1,nested_prefix_median_v1,736,ok,36.14072140001736,16.1166800751224,95.84672224757873,92.98008883142036,109.36859823157626,16.388509400155883,100.7904620172671,4.958600168938725,50,50,0.0,True,
low_y_side__full_game__b100_p01000_s250,low_y_side__full_game__p01000_s250,low_y_side,full_game,5,b100_p01000_s250,p01000_s250,selected_ranked_validation,100,1000,250,False,False,2271573849,168242307,games8_possessions92_source4370615271_grid20x10_trajectory142_outcome242_baseline0.10_mc100_alpha0.05_min100_profiles2b1671cb4b,games8_possessions92_source4370615271_grid20x10_trajectory142_outcome242_baseline0.10_mc100_alpha0.05_min100_profiles2b1671cb4b_plandc0cd9facf,factorial_nested_prefix_median_v1,sha256_slot_seed_v1,nested_prefix_median_v1,736,ok,70.26721360002193,16.1166800751224,95.84672224757873,88.53013083251932,110.2691750235316,21.73904419101227,100.21211980658046,6.02072328528785,100,100,0.0,True,
low_y_side__full_game__b100_p01000_s200,low_y_side__full_game__p01000_s200,low_y_side,full_game,3,b100_p01000_s200,p01000_s200,selected_ranked_validation,100,1000,200,True,False,2842462570,2554669381,games8_possessions92_source4370615271_grid20x10_trajectory142_outcome242_baseline0.10_mc100_alpha0.05_min100_profiles2b1671cb4b,games8_possessions92_source4370615271_grid20x10_trajectory142_outcome242_baseline0.10_mc100_alpha0.05_min100_profiles2b1671cb4b_plandc0cd9facf,factorial_nested_prefix_median_v1,sha256_slot_seed_v1,nested_prefix_median_v1,736,ok,69.05404580002869,16.02005600740836,99.75506303480198,88.26276777418366,107.62505297924449,19.36228520506083,97.3393644816055,4.946260816924688,100,100,0.0,True,
low_y_side__quarter_1__b500_p01000_s100,low_y_side__quarter_1__p01000_s100,low_y_side,quarter_1,0,b500_p01000_s100,p01000_s100,selected_ranked_validation,500,1000,100,False,False,2647238433,515135723,games8_possessions92_source4370615271_grid20x10_trajectory142_outcome242_baseline0.10_mc100_alpha0.05_min100_profiles2b1671cb4b,games8_possessions92_source4370615271_grid20x10_trajectory142_outcome242_baseline0.10_mc100_alpha0.05_min100_profiles2b1671cb4b_plandc0cd9facf,factorial_nested_prefix_median_v1,sha256_slot_seed_v1,nested_prefix_median_v1,184,ok,372.9323719000131,16.204976428669806,93.34392489467623,86.16847446802022,104.0763663006462,17.907891832625978,94.6773747773763,4.748950154594695,500,500,0.0,True,
low_y_side__quarter_1__b050_p02500_s250,low_y_side__quarter_1__p02500_s250,low_y_side,quarter_1,1,b050_p02500_s250,p02500_s250,selected_ranked_validation,50,2500,250,False,False,3759287628,1392931117,games8_possessions92_source4370615271_grid20x10_trajectory142_outcome242_baseline0.10_mc100_alpha0.05_min100_profiles2b1671cb4b,games8_possessions92_source4370615271_grid20x10_trajectory142_outcome242_baseline0.10_mc100_alpha0.05_min100_profiles2b1671cb4b_plandc0cd9facf,factorial_nested_prefix_median_v1,sha256_slot_seed_v1,nested_prefix_median_v1,184,ok,66.43865860000369,26.02162025339363,272.1452170282208,254.48843600733903,287.649965053715,33.16152904637593,270.71324431772587,8.422563652264921,50,50,0.0,True,
low_y_side__quarter_1__b100_p02500_s250,low_y_side__quarter_1__p02500_s250,low_y_side,quarter_1,4,b100_p02500_s250,p02500_s250,selected_ranked_validation,100,2500,250,False,False,3759287628,1392931117,games8_possessions92_source4370615271_grid20x10_trajectory142_outcome242_baseline0.10_mc100_alpha0.05_min100_profiles2b1671cb4b,games8_possessions92_source4370615271_grid20x10_trajectory142_outcome242_baseline0.10_mc100_alpha0.05_min100_profiles2b1671cb4b_plandc0cd9facf,factorial_nested_prefix_median_v1,sha256_slot_seed_v1,nested_prefix_median_v1,184,ok,129.18565499999386,26.02162025339363,272.1452170282208,254.19428551465012,287.37130610062087,33.17702058597072,270.27581560136827,8.326179912170485,100,100,0.0,True,
low_y_side__quarter_1__b050_p01000_s250,low_y_side__quarter_1__p01000_s250,low_y_side,quarter_1,2,b050_p01000_s250,p01000_s250,selected_ranked_validation,50,1000,250,False,False,3078264424,680500413,games8_possessions92_source4370615271_grid20x10_trajectory142_outcome242_baseline0.10_mc100_alpha0.05_min100_profiles2b1671cb4b,games8_possessions92_source4370615271_grid20x10_trajectory142_outcome242_baseline0.10_mc100_alpha0.05_min100_profiles2b1671cb4b_plandc0cd9facf,factorial_nested_prefix_median_v1,sha256_slot_seed_v1,nested_prefix_median_v1,184,ok,36.25828030001139,20.24380071418824,106.80694475998396,100.80245044559663,117.86641112123704,17.063960675640402,109.890612543283,5.458211602362613,50,50,0.0,True,
low_y_side__quarter_1__b100_p01000_s250,low_y_side__quarter_1__p01000_s250,low_y_side,quarter_1,5,b100_p01000_s250,p01000_s250,selected_ranked_validation,100,1000,250,False,False,3078264424,680500413,games8_possessions92_source4370615271_grid20x10_trajectory142_outcome242_baseline0.10_mc100_alpha0.05_min100_profiles2b1671cb4b,games8_possessions92_source4370615271_grid20x10_trajectory142_outcome242_baseline0.10_mc100_alpha0.05_min100_profiles2b1671cb4b_plandc0cd9facf,factorial_nested_prefix_median_v1,sha256_slot_seed_v1,nested_prefix_median_v1,184,ok,70.19240609999906,20.24380071418824,106.80694475998396,96.99007200194198,119.8915380437133,22.901466041771315,109.62285433716778,5.62383441603745,100,100,0.0,True,
low_y_side__quarter_1__b100_p01000_s200,low_y_side__quarter_1__p01000_s200,low_y_side,quarter_1,3,b100_p01000_s200,p01000_s200,selected_ranked_validation,100,1000,200,True,False,1046329125,379861070,games8_possessions92_source4370615271_grid20x10_trajectory142_outcome242_baseline0.10_mc100_alpha0.05_min100_profiles2b1671cb4b,games8_possessions92_source4370615271_grid20x10_trajectory142_outcome242_baseline0.10_mc100_alpha0.05_min100_profiles2b1671cb4b_plandc0cd9facf,factorial_nested_prefix_median_v1,sha256_slot_seed_v1,nested_prefix_median_v1,184,ok,68.01781849997496,19.15699411612182,106.45090425432804,93.13110307491206,117.40070453542496,24.269601460512902,106.2390717453316,5.748361638001908,100,100,0.0,True,
low_y_side__quarter_2__b500_p01000_s100,low_y_side__quarter_2__p01000_s100,low_y_side,quarter_2,0,b500_p01000_s100,p01000_s100,selected_ranked_validation,500,1000,100,False,False,2774607307,1958409619,games8_possessions92_source4370615271_grid20x10_trajectory142_outcome242_baseline0.10_mc100_alpha0.05_min100_profiles2b1671cb4b,games8_possessions92_source4370615271_grid20x10_trajectory142_outcome242_baseline0.10_mc100_alpha0.05_min100_profiles2b1671cb4b_plandc0cd9facf,factorial_nested_prefix_median_v1,sha256_slot_seed_v1,nested_prefix_median_v1,184,ok,354.3972083000299,15.055132816353051,70.91144074332688,67.80881897816836,86.71112793356947,18.90230895540111,77.04480483177089,5.007282321704375,500,500,0.0,True,
low_y_side__quarter_2__b050_p02500_s250,low_y_side__quarter_2__p02500_s250,low_y_side,quarter_2,1,b050_p02500_s250,p02500_s250,selected_ranked_validation,50,2500,250,False,False,1961067986,3083661330,games8_possessions92_source4370615271_grid20x10_trajectory142_outcome242_baseline0.10_mc100_alpha0.05_min100_profiles2b1671cb4b,games8_possessions92_source4370615271_grid20x10_trajectory142_outcome242_baseline0.10_mc100_alpha0.05_min100_profiles2b1671cb4b_plandc0cd9facf,factorial_nested_prefix_median_v1,sha256_slot_seed_v1,nested_prefix_median_v1,184,ok,65.35587039998791,27.02011798818087,233.39339733066905,207.60150512320556,238.1556199828591,30.554114859653566,222.4599156607943,8.662293477807705,50,50,0.0,True,
low_y_side__quarter_2__b100_p02500_s250,low_y_side__quarter_2__p02500_s250,low_y_side,quarter_2,4,b100_p02500_s250,p02500_s250,selected_ranked_validation,100,2500,250,False,False,1961067986,3083661330,games8_possessions92_source4370615271_grid20x10_trajectory142_outcome242_baseline0.10_mc100_alpha0.05_min100_profiles2b1671cb4b,games8_possessions92_source4370615271_grid20x10_trajectory142_outcome242_baseline0.10_mc100_alpha0.05_min100_profiles2b1671cb4b_plandc0cd9facf,factorial_nested_prefix_median_v1,sha256_slot_seed_v1,nested_prefix_median_v1,184,ok,127.93886330000532,27.02011798818087,233.39339733066905,207.379359542314,237.86586819903545,30.48650865672141,222.24234926028385,8.430749166545509,100,100,0.0,True,
low_y_side__quarter_2__b050_p01000_s250,low_y_side__quarter_2__p01000_s250,low_y_side,quarter_2,2,b050_p01000_s250,p01000_s250,selected_ranked_validation,50,1000,250,False,False,755582009,1026192366,games8_possessions92_source4370615271_grid20x10_trajectory142_outcome242_baseline0.10_mc100_alpha0.05_min100_profiles2b1671cb4b,games8_possessions92_source4370615271_grid20x10_trajectory142_outcome242_baseline0.10_mc100_alpha0.05_min100_profiles2b1671cb4b_plandc0cd9facf,factorial_nested_prefix_median_v1,sha256_slot_seed_v1,nested_prefix_median_v1,184,ok,37.13885370000207,17.53647325736187,90.7074273707072,78.76031100591331,101.37384976786072,22.613538761947424,89.88580358945,6.571422996534014,50,50,0.0,True,
low_y_side__quarter_2__b100_p01000_s250,low_y_side__quarter_2__p01000_s250,low_y_side,quarter_2,5,b100_p01000_s250,p01000_s250,selected_ranked_validation,100,1000,250,False,False,755582009,1026192366,games8_possessions92_source4370615271_grid20x10_trajectory142_outcome242_baseline0.10_mc100_alpha0.05_min100_profiles2b1671cb4b,games8_possessions92_source4370615271_grid20x10_trajectory142_outcome242_baseline0.10_mc100_alpha0.05_min100_profiles2b1671cb4b_plandc0cd9facf,factorial_nested_prefix_median_v1,sha256_slot_seed_v1,nested_prefix_median_v1,184,ok,70.9515609999944,17.53647325736187,90.7074273707072,78.61356841584372,101.35863213853396,22.745063722690237,89.1080619212289,6.258622489445921,100,100,0.0,True,
low_y_side__quarter_2__b100_p01000_s200,low_y_side__quarter_2__p01000_s200,low_y_side,quarter_2,3,b100_p01000_s200,p01000_s200,selected_ranked_validation,100,1000,200,True,False,2801856142,701279102,games8_possessions92_source4370615271_grid20x10_trajectory142_outcome242_baseline0.10_mc100_alpha0.05_min100_profiles2b1671cb4b,games8_possessions92_source4370615271_grid20x10_trajectory142_outcome242_baseline0.10_mc100_alpha0.05_min100_profiles2b1671cb4b_plandc0cd9facf,factorial_nested_prefix_median_v1,sha256_slot_seed_v1,nested_prefix_median_v1,184,ok,68.81057289997989,17.746315013038934,88.12324763634615,73.22718181316803,95.8316259332238,22.60444412005577,86.33191679089104,5.8644371528868895,100,100,0.0,True,
low_y_side__quarter_3__b500_p01000_s100,low_y_side__quarter_3__p01000_s100,low_y_side,quarter_3,0,b500_p01000_s100,p01000_s100,selected_ranked_validation,500,1000,100,False,False,3547676325,2906569472,games8_possessions92_source4370615271_grid20x10_trajectory142_outcome242_baseline0.10_mc100_alpha0.05_min100_profiles2b1671cb4b,games8_possessions92_source4370615271_grid20x10_trajectory142_outcome242_baseline0.10_mc100_alpha0.05_min100_profiles2b1671cb4b_plandc0cd9facf,factorial_nested_prefix_median_v1,sha256_slot_seed_v1,nested_prefix_median_v1,184,ok,307.7876414999664,13.03093487807471,78.71309648489459,77.91897021307476,95.2460340183029,17.327063805228136,86.07353129957332,4.431502756842512,500,500,0.0,True,
low_y_side__quarter_3__b050_p02500_s250,low_y_side__quarter_3__p02500_s250,low_y_side,quarter_3,1,b050_p02500_s250,p02500_s250,selected_ranked_validation,50,2500,250,False,False,3975477869,2014069685,games8_possessions92_source4370615271_grid20x10_trajectory142_outcome242_baseline0.10_mc100_alpha0.05_min100_profiles2b1671cb4b,games8_possessions92_source4370615271_grid20x10_trajectory142_outcome242_baseline0.10_mc100_alpha0.05_min100_profiles2b1671cb4b_plandc0cd9facf,factorial_nested_prefix_median_v1,sha256_slot_seed_v1,nested_prefix_median_v1,184,ok,69.1362857999884,25.110531823638343,253.3347613507617,233.4321928343656,260.30521812513945,26.87302529077388,248.65857701497865,7.655844442569571,50,50,0.0,True,
low_y_side__quarter_3__b100_p02500_s250,low_y_side__quarter_3__p02500_s250,low_y_side,quarter_3,4,b100_p02500_s250,p02500_s250,selected_ranked_validation,100,2500,250,False,False,3975477869,2014069685,games8_possessions92_source4370615271_grid20x10_trajectory142_outcome242_baseline0.10_mc100_alpha0.05_min100_profiles2b1671cb4b,games8_possessions92_source4370615271_grid20x10_trajectory142_outcome242_baseline0.10_mc100_alpha0.05_min100_profiles2b1671cb4b_plandc0cd9facf,factorial_nested_prefix_median_v1,sha256_slot_seed_v1,nested_prefix_median_v1,184,ok,132.9463243999926,25.110531823638343,253.3347613507617,231.9287236802802,265.8059862611965,33.87726258091635,248.4762145292441,8.639942717150486,100,100,0.0,True,
low_y_side__quarter_3__b050_p01000_s250,low_y_side__quarter_3__p01000_s250,low_y_side,quarter_3,2,b050_p01000_s250,p01000_s250,selected_ranked_validation,50,1000,250,False,False,508326812,2662183159,games8_possessions92_source4370615271_grid20x10_trajectory142_outcome242_baseline0.10_mc100_alpha0.05_min100_profiles2b1671cb4b,games8_possessions92_source4370615271_grid20x10_trajectory142_outcome242_baseline0.10_mc100_alpha0.05_min100_profiles2b1671cb4b_plandc0cd9facf,factorial_nested_prefix_median_v1,sha256_slot_seed_v1,nested_prefix_median_v1,184,ok,36.38046869998652,17.890426284010868,99.04386212672712,91.13764577763872,108.8043978162977,17.666752038658984,100.16573405673392,5.368989683672696,50,50,0.0,True,
low_y_side__quarter_3__b100_p01000_s250,low_y_side__quarter_3__p01000_s250,low_y_side,quarter_3,5,b100_p01000_s250,p01000_s250,selected_ranked_validation,100,1000,250,False,False,508326812,2662183159,games8_possessions92_source4370615271_grid20x10_trajectory142_outcome242_baseline0.10_mc100_alpha0.05_min100_profiles2b1671cb4b,games8_possessions92_source4370615271_grid20x10_trajectory142_outcome242_baseline0.10_mc100_alpha0.05_min100_profiles2b1671cb4b_plandc0cd9facf,factorial_nested_prefix_median_v1,sha256_slot_seed_v1,nested_prefix_median_v1,184,ok,70.21235679997335,17.890426284010868,99.04386212672712,89.5877170066135,110.2556690119834,20.667952005369894,99.74100258062089,5.450609092625918,100,100,0.0,True,
low_y_side__quarter_3__b100_p01000_s200,low_y_side__quarter_3__p01000_s200,low_y_side,quarter_3,3,b100_p01000_s200,p01000_s200,selected_ranked_validation,100,1000,200,True,False,4069831766,3893371882,games8_possessions92_source4370615271_grid20x10_trajectory142_outcome242_baseline0.10_mc100_alpha0.05_min100_profiles2b1671cb4b,games8_possessions92_source4370615271_grid20x10_trajectory142_outcome242_baseline0.10_mc100_alpha0.05_min100_profiles2b1671cb4b_plandc0cd9facf,factorial_nested_prefix_median_v1,sha256_slot_seed_v1,nested_prefix_median_v1,184,ok,68.42630299999291,15.010142754181974,97.65359406061005,87.40734305559674,105.33651243271233,17.92916937711557,96.08427259632924,4.587217394528244,100,100,0.0,True,
low_y_side__quarter_4__b500_p01000_s100,low_y_side__quarter_4__p01000_s100,low_y_side,quarter_4,0,b500_p01000_s100,p01000_s100,selected_ranked_validation,500,1000,100,False,False,4207142198,3373251164,games8_possessions92_source4370615271_grid20x10_trajectory142_outcome242_baseline0.10_mc100_alpha0.05_min100_profiles2b1671cb4b,games8_possessions92_source4370615271_grid20x10_trajectory142_outcome242_baseline0.10_mc100_alpha0.05_min100_profiles2b1671cb4b_plandc0cd9facf,factorial_nested_prefix_median_v1,sha256_slot_seed_v1,nested_prefix_median_v1,184,ok,307.50639699996464,15.95795114511503,84.4306874549052,76.75400256284108,95.99723462580776,19.24323206296667,86.09369849647847,4.780146854862588,500,500,0.0,True,
low_y_side__quarter_4__b050_p02500_s250,low_y_side__quarter_4__p02500_s250,low_y_side,quarter_4,1,b050_p02500_s250,p02500_s250,selected_ranked_validation,50,2500,250,False,False,3709580814,2634131056,games8_possessions92_source4370615271_grid20x10_trajectory142_outcome242_baseline0.10_mc100_alpha0.05_min100_profiles2b1671cb4b,games8_possessions92_source4370615271_grid20x10_trajectory142_outcome242_baseline0.10_mc100_alpha0.05_min100_profiles2b1671cb4b_plandc0cd9facf,factorial_nested_prefix_median_v1,sha256_slot_seed_v1,nested_prefix_median_v1,184,ok,65.20615750000798,26.181785055583173,243.964260802733,242.43763654680404,269.69813505600547,27.260498509201422,252.95848619928557,7.711747648632567,50,50,0.0,True,
low_y_side__quarter_4__b100_p02500_s250,low_y_side__quarter_4__p02500_s250,low_y_side,quarter_4,4,b100_p02500_s250,p02500_s250,selected_ranked_validation,100,2500,250,False,False,3709580814,2634131056,games8_possessions92_source4370615271_grid20x10_trajectory142_outcome242_baseline0.10_mc100_alpha0.05_min100_profiles2b1671cb4b,games8_possessions92_source4370615271_grid20x10_trajectory142_outcome242_baseline0.10_mc100_alpha0.05_min100_profiles2b1671cb4b_plandc0cd9facf,factorial_nested_prefix_median_v1,sha256_slot_seed_v1,nested_prefix_median_v1,184,ok,128.2140546999981,26.181785055583173,243.964260802733,236.2201399798793,268.3828270286367,32.16268704875739,251.32524214620636,7.548616956683758,100,100,0.0,True,
low_y_side__quarter_4__b050_p01000_s250,low_y_side__quarter_4__p01000_s250,low_y_side,quarter_4,2,b050_p01000_s250,p01000_s250,selected_ranked_validation,50,1000,250,False,False,2162539403,3051675550,games8_possessions92_source4370615271_grid20x10_trajectory142_outcome242_baseline0.10_mc100_alpha0.05_min100_profiles2b1671cb4b,games8_possessions92_source4370615271_grid20x10_trajectory142_outcome242_baseline0.10_mc100_alpha0.05_min100_profiles2b1671cb4b_plandc0cd9facf,factorial_nested_prefix_median_v1,sha256_slot_seed_v1,nested_prefix_median_v1,184,ok,36.4706071999899,17.801339488952518,102.36509051415275,91.94666785944678,111.78822941752156,19.841561558074787,100.24698736362508,5.0702509601917685,50,50,0.0,True,
low_y_side__quarter_4__b100_p01000_s250,low_y_side__quarter_4__p01000_s250,low_y_side,quarter_4,5,b100_p01000_s250,p01000_s250,selected_ranked_validation,100,1000,250,False,False,2162539403,3051675550,games8_possessions92_source4370615271_grid20x10_trajectory142_outcome242_baseline0.10_mc100_alpha0.05_min100_profiles2b1671cb4b,games8_possessions92_source4370615271_grid20x10_trajectory142_outcome242_baseline0.10_mc100_alpha0.05_min100_profiles2b1671cb4b_plandc0cd9facf,factorial_nested_prefix_median_v1,sha256_slot_seed_v1,nested_prefix_median_v1,184,ok,70.48785849999695,17.801339488952518,102.36509051415275,87.05717266427276,111.65764387914696,24.60047121487422,99.58072595852596,5.521682216166399,100,100,0.0,True,
low_y_side__quarter_4__b100_p01000_s200,low_y_side__quarter_4__p01000_s200,low_y_side,quarter_4,3,b100_p01000_s200,p01000_s200,selected_ranked_validation,100,1000,200,True,False,2157421387,402461895,games8_possessions92_source4370615271_grid20x10_trajectory142_outcome242_baseline0.10_mc100_alpha0.05_min100_profiles2b1671cb4b,games8_possessions92_source4370615271_grid20x10_trajectory142_outcome242_baseline0.10_mc100_alpha0.05_min100_profiles2b1671cb4b_plandc0cd9facf,factorial_nested_prefix_median_v1,sha256_slot_seed_v1,nested_prefix_median_v1,184,ok,67.74768000000404,16.671694435938473,92.38717562366624,87.88772700275561,105.7325423767526,17.844815373996994,97.31626522027692,4.63328797283983,100,100,0.0,True,
perimeter__full_game__b500_p01000_s100,perimeter__full_game__p01000_s100,perimeter,full_game,0,b500_p01000_s100,p01000_s100,selected_ranked_validation,500,1000,100,False,False,1920414983,280781331,games8_possessions92_source4370615271_grid20x10_trajectory142_outcome242_baseline0.10_mc100_alpha0.05_min100_profiles2b1671cb4b,games8_possessions92_source4370615271_grid20x10_trajectory142_outcome242_baseline0.10_mc100_alpha0.05_min100_profiles2b1671cb4b_plandc0cd9facf,factorial_nested_prefix_median_v1,sha256_slot_seed_v1,nested_prefix_median_v1,736,ok,388.1238741999841,15.398342959435489,53.63526025210515,37.399661535123954,61.12760894774621,23.727947412622257,49.409056083546645,6.161246105695617,500,500,0.0,True,
perimeter__full_game__b050_p02500_s250,perimeter__full_game__p02500_s250,perimeter,full_game,1,b050_p02500_s250,p02500_s250,selected_ranked_validation,50,2500,250,False,False,2735250012,3564574245,games8_possessions92_source4370615271_grid20x10_trajectory142_outcome242_baseline0.10_mc100_alpha0.05_min100_profiles2b1671cb4b,games8_possessions92_source4370615271_grid20x10_trajectory142_outcome242_baseline0.10_mc100_alpha0.05_min100_profiles2b1671cb4b_plandc0cd9facf,factorial_nested_prefix_median_v1,sha256_slot_seed_v1,nested_prefix_median_v1,736,ok,66.76268529999652,28.581723187227382,138.89206086160738,122.61818119015788,163.15611326719036,40.53793207703248,144.2431262057917,11.626373962153233,50,50,0.0,True,
perimeter__full_game__b100_p02500_s250,perimeter__full_game__p02500_s250,perimeter,full_game,4,b100_p02500_s250,p02500_s250,selected_ranked_validation,100,2500,250,False,False,2735250012,3564574245,games8_possessions92_source4370615271_grid20x10_trajectory142_outcome242_baseline0.10_mc100_alpha0.05_min100_profiles2b1671cb4b,games8_possessions92_source4370615271_grid20x10_trajectory142_outcome242_baseline0.10_mc100_alpha0.05_min100_profiles2b1671cb4b_plandc0cd9facf,factorial_nested_prefix_median_v1,sha256_slot_seed_v1,nested_prefix_median_v1,736,ok,133.855133499972,28.581723187227382,138.89206086160738,124.1233504415171,164.37437297256886,40.25102253105176,146.21224452693758,10.42723084722666,100,100,0.0,True,
perimeter__full_game__b050_p01000_s250,perimeter__full_game__p01000_s250,perimeter,full_game,2,b050_p01000_s250,p01000_s250,selected_ranked_validation,50,1000,250,False,False,2271573849,2082721286,games8_possessions92_source4370615271_grid20x10_trajectory142_outcome242_baseline0.10_mc100_alpha0.05_min100_profiles2b1671cb4b,games8_possessions92_source4370615271_grid20x10_trajectory142_outcome242_baseline0.10_mc100_alpha0.05_min100_profiles2b1671cb4b_plandc0cd9facf,factorial_nested_prefix_median_v1,sha256_slot_seed_v1,nested_prefix_median_v1,736,ok,36.289777700010745,16.627137589274117,61.74563054515266,45.655711051715336,68.39236956692677,22.73665851521144,57.92702257195943,6.039015891311815,50,50,0.0,True,
perimeter__full_game__b100_p01000_s250,perimeter__full_game__p01000_s250,perimeter,full_game,5,b100_p01000_s250,p01000_s250,selected_ranked_validation,100,1000,250,False,False,2271573849,2082721286,games8_possessions92_source4370615271_grid20x10_trajectory142_outcome242_baseline0.10_mc100_alpha0.05_min100_profiles2b1671cb4b,games8_possessions92_source4370615271_grid20x10_trajectory142_outcome242_baseline0.10_mc100_alpha0.05_min100_profiles2b1671cb4b_plandc0cd9facf,factorial_nested_prefix_median_v1,sha256_slot_seed_v1,nested_prefix_median_v1,736,ok,70.61679170001298,16.627137589274117,61.74563054515266,45.37333431749786,70.30341101650997,24.930076699012105,58.21457536897924,6.400317638969288,100,100,0.0,True,
perimeter__full_game__b100_p01000_s200,perimeter__full_game__p01000_s200,perimeter,full_game,3,b100_p01000_s200,p01000_s200,selected_ranked_validation,100,1000,200,True,False,2842462570,1339056384,games8_possessions92_source4370615271_grid20x10_trajectory142_outcome242_baseline0.10_mc100_alpha0.05_min100_profiles2b1671cb4b,games8_possessions92_source4370615271_grid20x10_trajectory142_outcome242_baseline0.10_mc100_alpha0.05_min100_profiles2b1671cb4b_plandc0cd9facf,factorial_nested_prefix_median_v1,sha256_slot_seed_v1,nested_prefix_median_v1,736,ok,68.86149290001049,17.438255940333093,54.761069291496426,41.55130834059793,69.10645137837723,27.555143037779303,55.72778329545318,7.316896884336271,100,100,0.0,True,
perimeter__quarter_1__b500_p01000_s100,perimeter__quarter_1__p01000_s100,perimeter,quarter_1,0,b500_p01000_s100,p01000_s100,selected_ranked_validation,500,1000,100,False,False,2647238433,3859393548,games8_possessions92_source4370615271_grid20x10_trajectory142_outcome242_baseline0.10_mc100_alpha0.05_min100_profiles2b1671cb4b,games8_possessions92_source4370615271_grid20x10_trajectory142_outcome242_baseline0.10_mc100_alpha0.05_min100_profiles2b1671cb4b_plandc0cd9facf,factorial_nested_prefix_median_v1,sha256_slot_seed_v1,nested_prefix_median_v1,184,ok,373.5533691000055,15.842575428117554,75.46348964773279,56.03453256567708,82.77864563854853,26.74411307287145,69.31034426458824,6.715170480902506,500,500,0.0,True,
perimeter__quarter_1__b050_p02500_s250,perimeter__quarter_1__p02500_s250,perimeter,quarter_1,1,b050_p02500_s250,p02500_s250,selected_ranked_validation,50,2500,250,False,False,3759287628,792432185,games8_possessions92_source4370615271_grid20x10_trajectory142_outcome242_baseline0.10_mc100_alpha0.05_min100_profiles2b1671cb4b,games8_possessions92_source4370615271_grid20x10_trajectory142_outcome242_baseline0.10_mc100_alpha0.05_min100_profiles2b1671cb4b_plandc0cd9facf,factorial_nested_prefix_median_v1,sha256_slot_seed_v1,nested_prefix_median_v1,184,ok,66.36210849999406,28.352442142215303,209.2243004193503,187.05847480462563,221.21679915578449,34.158324351158825,202.8752711685264,9.540052263960312,50,50,0.0,True,
perimeter__quarter_1__b100_p02500_s250,perimeter__quarter_1__p02500_s250,perimeter,quarter_1,4,b100_p02500_s250,p02500_s250,selected_ranked_validation,100,2500,250,False,False,3759287628,792432185,games8_possessions92_source4370615271_grid20x10_trajectory142_outcome242_baseline0.10_mc100_alpha0.05_min100_profiles2b1671cb4b,games8_possessions92_source4370615271_grid20x10_trajectory142_outcome242_baseline0.10_mc100_alpha0.05_min100_profiles2b1671cb4b_plandc0cd9facf,factorial_nested_prefix_median_v1,sha256_slot_seed_v1,nested_prefix_median_v1,184,ok,129.05762220000906,28.352442142215303,209.2243004193503,181.47830895609093,221.95371013080512,40.47540117471419,202.4770068999264,11.241018042575195,100,100,0.0,True,
perimeter__quarter_1__b050_p01000_s250,perimeter__quarter_1__p01000_s250,perimeter,quarter_1,2,b050_p01000_s250,p01000_s250,selected_ranked_validation,50,1000,250,False,False,3078264424,597212090,games8_possessions92_source4370615271_grid20x10_trajectory142_outcome242_baseline0.10_mc100_alpha0.05_min100_profiles2b1671cb4b,games8_possessions92_source4370615271_grid20x10_trajectory142_outcome242_baseline0.10_mc100_alpha0.05_min100_profiles2b1671cb4b_plandc0cd9facf,factorial_nested_prefix_median_v1,sha256_slot_seed_v1,nested_prefix_median_v1,184,ok,37.27841769999213,17.78929351842621,82.71156854130005,70.80432616513714,100.520706531197,29.71638036605985,82.43172444661997,7.742214157118451,50,50,0.0,True,
perimeter__quarter_1__b100_p01000_s250,perimeter__quarter_1__p01000_s250,perimeter,quarter_1,5,b100_p01000_s250,p01000_s250,selected_ranked_validation,100,1000,250,False,False,3078264424,597212090,games8_possessions92_source4370615271_grid20x10_trajectory142_outcome242_baseline0.10_mc100_alpha0.05_min100_profiles2b1671cb4b,games8_possessions92_source4370615271_grid20x10_trajectory142_outcome242_baseline0.10_mc100_alpha0.05_min100_profiles2b1671cb4b_plandc0cd9facf,factorial_nested_prefix_median_v1,sha256_slot_seed_v1,nested_prefix_median_v1,184,ok,71.0491583999792,17.78929351842621,82.71156854130005,71.01181198379018,98.74068735695607,27.72887537316589,82.6290744001048,7.611222324406194,100,100,0.0,True,
perimeter__quarter_1__b100_p01000_s200,perimeter__quarter_1__p01000_s200,perimeter,quarter_1,3,b100_p01000_s200,p01000_s200,selected_ranked_validation,100,1000,200,True,False,1046329125,3038450395,games8_possessions92_source4370615271_grid20x10_trajectory142_outcome242_baseline0.10_mc100_alpha0.05_min100_profiles2b1671cb4b,games8_possessions92_source4370615271_grid20x10_trajectory142_outcome242_baseline0.10_mc100_alpha0.05_min100_profiles2b1671cb4b_plandc0cd9facf,factorial_nested_prefix_median_v1,sha256_slot_seed_v1,nested_prefix_median_v1,184,ok,67.99318900001526,20.088075809816072,86.5940644850938,66.52486368955618,93.65939945808668,27.134535768530483,80.33534654749319,7.8552831681129,100,100,0.0,True,
perimeter__quarter_2__b500_p01000_s100,perimeter__quarter_2__p01000_s100,perimeter,quarter_2,0,b500_p01000_s100,p01000_s100,selected_ranked_validation,500,1000,100,False,False,2774607307,2339567970,games8_possessions92_source4370615271_grid20x10_trajectory142_outcome242_baseline0.10_mc100_alpha0.05_min100_profiles2b1671cb4b,games8_possessions92_source4370615271_grid20x10_trajectory142_outcome242_baseline0.10_mc100_alpha0.05_min100_profiles2b1671cb4b_plandc0cd9facf,factorial_nested_prefix_median_v1,sha256_slot_seed_v1,nested_prefix_median_v1,184,ok,351.90077160003057,14.120473439506377,26.866965355762314,27.643415621037065,42.540740906415216,14.897325285378152,34.38536541523799,3.802815646261061,500,500,0.0,True,
perimeter__quarter_2__b050_p02500_s250,perimeter__quarter_2__p02500_s250,perimeter,quarter_2,1,b050_p02500_s250,p02500_s250,selected_ranked_validation,50,2500,250,False,False,1961067986,2301902216,games8_possessions92_source4370615271_grid20x10_trajectory142_outcome242_baseline0.10_mc100_alpha0.05_min100_profiles2b1671cb4b,games8_possessions92_source4370615271_grid20x10_trajectory142_outcome242_baseline0.10_mc100_alpha0.05_min100_profiles2b1671cb4b_plandc0cd9facf,factorial_nested_prefix_median_v1,sha256_slot_seed_v1,nested_prefix_median_v1,184,ok,65.16216580000764,30.02267172653905,91.04151139377936,80.24575476742312,102.55121174507136,22.305456977648248,91.63585242270156,6.460865112207805,50,50,0.0,True,
perimeter__quarter_2__b100_p02500_s250,perimeter__quarter_2__p02500_s250,perimeter,quarter_2,4,b100_p02500_s250,p02500_s250,selected_ranked_validation,100,2500,250,False,False,1961067986,2301902216,games8_possessions92_source4370615271_grid20x10_trajectory142_outcome242_baseline0.10_mc100_alpha0.05_min100_profiles2b1671cb4b,games8_possessions92_source4370615271_grid20x10_trajectory142_outcome242_baseline0.10_mc100_alpha0.05_min100_profiles2b1671cb4b_plandc0cd9facf,factorial_nested_prefix_median_v1,sha256_slot_seed_v1,nested_prefix_median_v1,184,ok,127.70189640000535,30.02267172653905,91.04151139377936,80.37827535529054,105.09242898300089,24.714153627710346,91.82676690901624,6.445917157589724,100,100,0.0,True,
perimeter__quarter_2__b050_p01000_s250,perimeter__quarter_2__p01000_s250,perimeter,quarter_2,2,b050_p01000_s250,p01000_s250,selected_ranked_validation,50,1000,250,False,False,755582009,275020147,games8_possessions92_source4370615271_grid20x10_trajectory142_outcome242_baseline0.10_mc100_alpha0.05_min100_profiles2b1671cb4b,games8_possessions92_source4370615271_grid20x10_trajectory142_outcome242_baseline0.10_mc100_alpha0.05_min100_profiles2b1671cb4b_plandc0cd9facf,factorial_nested_prefix_median_v1,sha256_slot_seed_v1,nested_prefix_median_v1,184,ok,37.22938009998688,17.699832970892547,39.38505121033258,30.30877660227921,45.77061400432924,15.461837402050032,36.436540207793136,3.868695500504935,50,50,0.0,True,
perimeter__quarter_2__b100_p01000_s250,perimeter__quarter_2__p01000_s250,perimeter,quarter_2,5,b100_p01000_s250,p01000_s250,selected_ranked_validation,100,1000,250,False,False,755582009,275020147,games8_possessions92_source4370615271_grid20x10_trajectory142_outcome242_baseline0.10_mc100_alpha0.05_min100_profiles2b1671cb4b,games8_possessions92_source4370615271_grid20x10_trajectory142_outcome242_baseline0.10_mc100_alpha0.05_min100_profiles2b1671cb4b_plandc0cd9facf,factorial_nested_prefix_median_v1,sha256_slot_seed_v1,nested_prefix_median_v1,184,ok,70.98768099998051,17.699832970892547,39.38505121033258,30.41287333058694,46.065756763691134,15.652883433104194,37.13350091895085,4.062273093504368,100,100,0.0,True,
perimeter__quarter_2__b100_p01000_s200,perimeter__quarter_2__p01000_s200,perimeter,quarter_2,3,b100_p01000_s200,p01000_s200,selected_ranked_validation,100,1000,200,True,False,2801856142,1999621726,games8_possessions92_source4370615271_grid20x10_trajectory142_outcome242_baseline0.10_mc100_alpha0.05_min100_profiles2b1671cb4b,games8_possessions92_source4370615271_grid20x10_trajectory142_outcome242_baseline0.10_mc100_alpha0.05_min100_profiles2b1671cb4b_plandc0cd9facf,factorial_nested_prefix_median_v1,sha256_slot_seed_v1,nested_prefix_median_v1,184,ok,68.22948670000551,18.693839843348904,40.487891203640565,30.442268995705007,47.60552245260949,17.163253456904485,37.86567072177193,4.684292356458815,100,100,0.0,True,
perimeter__quarter_3__b500_p01000_s100,perimeter__quarter_3__p01000_s100,perimeter,quarter_3,0,b500_p01000_s100,p01000_s100,selected_ranked_validation,500,1000,100,False,False,3547676325,446550163,games8_possessions92_source4370615271_grid20x10_trajectory142_outcome242_baseline0.10_mc100_alpha0.05_min100_profiles2b1671cb4b,games8_possessions92_source4370615271_grid20x10_trajectory142_outcome242_baseline0.10_mc100_alpha0.05_min100_profiles2b1671cb4b_plandc0cd9facf,factorial_nested_prefix_median_v1,sha256_slot_seed_v1,nested_prefix_median_v1,184,ok,309.09244189997844,14.542945629880515,50.95389672644238,47.38297736064236,70.19254645070397,22.80956909006161,58.574822744829056,6.013642632037195,500,500,0.0,True,
perimeter__quarter_3__b050_p02500_s250,perimeter__quarter_3__p02500_s250,perimeter,quarter_3,1,b050_p02500_s250,p02500_s250,selected_ranked_validation,50,2500,250,False,False,3975477869,1565032616,games8_possessions92_source4370615271_grid20x10_trajectory142_outcome242_baseline0.10_mc100_alpha0.05_min100_profiles2b1671cb4b,games8_possessions92_source4370615271_grid20x10_trajectory142_outcome242_baseline0.10_mc100_alpha0.05_min100_profiles2b1671cb4b_plandc0cd9facf,factorial_nested_prefix_median_v1,sha256_slot_seed_v1,nested_prefix_median_v1,184,ok,69.25022869999157,28.66865815433122,170.21935714595543,144.6361153161461,203.95590171158332,59.31978639543726,171.15715971154256,14.454578628510404,50,50,0.0,True,
perimeter__quarter_3__b100_p02500_s250,perimeter__quarter_3__p02500_s250,perimeter,quarter_3,4,b100_p02500_s250,p02500_s250,selected_ranked_validation,100,2500,250,False,False,3975477869,1565032616,games8_possessions92_source4370615271_grid20x10_trajectory142_outcome242_baseline0.10_mc100_alpha0.05_min100_profiles2b1671cb4b,games8_possessions92_source4370615271_grid20x10_trajectory142_outcome242_baseline0.10_mc100_alpha0.05_min100_profiles2b1671cb4b_plandc0cd9facf,factorial_nested_prefix_median_v1,sha256_slot_seed_v1,nested_prefix_median_v1,184,ok,133.31086999999388,28.66865815433122,170.21935714595543,145.99536622462247,202.72673134090743,56.73136511628499,171.53388748412794,12.886766775012044,100,100,0.0,True,
perimeter__quarter_3__b050_p01000_s250,perimeter__quarter_3__p01000_s250,perimeter,quarter_3,2,b050_p01000_s250,p01000_s250,selected_ranked_validation,50,1000,250,False,False,508326812,4106047398,games8_possessions92_source4370615271_grid20x10_trajectory142_outcome242_baseline0.10_mc100_alpha0.05_min100_profiles2b1671cb4b,games8_possessions92_source4370615271_grid20x10_trajectory142_outcome242_baseline0.10_mc100_alpha0.05_min100_profiles2b1671cb4b_plandc0cd9facf,factorial_nested_prefix_median_v1,sha256_slot_seed_v1,nested_prefix_median_v1,184,ok,36.8513095000053,17.243075890429726,66.15075151446628,55.78618803818871,82.11705389886266,26.33086586067396,69.61195201501342,7.159929409628626,50,50,0.0,True,
perimeter__quarter_3__b100_p01000_s250,perimeter__quarter_3__p01000_s250,perimeter,quarter_3,5,b100_p01000_s250,p01000_s250,selected_ranked_validation,100,1000,250,False,False,508326812,4106047398,games8_possessions92_source4370615271_grid20x10_trajectory142_outcome242_baseline0.10_mc100_alpha0.05_min100_profiles2b1671cb4b,games8_possessions92_source4370615271_grid20x10_trajectory142_outcome242_baseline0.10_mc100_alpha0.05_min100_profiles2b1671cb4b_plandc0cd9facf,factorial_nested_prefix_median_v1,sha256_slot_seed_v1,nested_prefix_median_v1,184,ok,70.70981850002136,17.243075890429726,66.15075151446628,55.81824856998997,84.25821874176576,28.43997017177579,70.06430998484177,7.33321900033034,100,100,0.0,True,
perimeter__quarter_3__b100_p01000_s200,perimeter__quarter_3__p01000_s200,perimeter,quarter_3,3,b100_p01000_s200,p01000_s200,selected_ranked_validation,100,1000,200,True,False,4069831766,2198903694,games8_possessions92_source4370615271_grid20x10_trajectory142_outcome242_baseline0.10_mc100_alpha0.05_min100_profiles2b1671cb4b,games8_possessions92_source4370615271_grid20x10_trajectory142_outcome242_baseline0.10_mc100_alpha0.05_min100_profiles2b1671cb4b_plandc0cd9facf,factorial_nested_prefix_median_v1,sha256_slot_seed_v1,nested_prefix_median_v1,184,ok,68.39016269998683,17.113689487683224,73.68982198688524,53.62221238352831,77.60080429960016,23.97859191607185,67.03748772030845,6.501430989243068,100,100,0.0,True,
perimeter__quarter_4__b500_p01000_s100,perimeter__quarter_4__p01000_s100,perimeter,quarter_4,0,b500_p01000_s100,p01000_s100,selected_ranked_validation,500,1000,100,False,False,4207142198,1381080092,games8_possessions92_source4370615271_grid20x10_trajectory142_outcome242_baseline0.10_mc100_alpha0.05_min100_profiles2b1671cb4b,games8_possessions92_source4370615271_grid20x10_trajectory142_outcome242_baseline0.10_mc100_alpha0.05_min100_profiles2b1671cb4b_plandc0cd9facf,factorial_nested_prefix_median_v1,sha256_slot_seed_v1,nested_prefix_median_v1,184,ok,307.49005769993164,14.534281863990724,48.623245105084685,40.21995358724862,61.899338445230846,21.679384857982228,51.45899529941337,5.52874366470776,500,500,0.0,True,
perimeter__quarter_4__b050_p02500_s250,perimeter__quarter_4__p02500_s250,perimeter,quarter_4,1,b050_p02500_s250,p02500_s250,selected_ranked_validation,50,2500,250,False,False,3709580814,1097998799,games8_possessions92_source4370615271_grid20x10_trajectory142_outcome242_baseline0.10_mc100_alpha0.05_min100_profiles2b1671cb4b,games8_possessions92_source4370615271_grid20x10_trajectory142_outcome242_baseline0.10_mc100_alpha0.05_min100_profiles2b1671cb4b_plandc0cd9facf,factorial_nested_prefix_median_v1,sha256_slot_seed_v1,nested_prefix_median_v1,184,ok,65.1072634000011,26.53572274261033,158.44774797577168,131.48956188231736,169.92345498000415,38.43389309768679,151.89325851890763,9.658646547917565,50,50,0.0,True,
perimeter__quarter_4__b100_p02500_s250,perimeter__quarter_4__p02500_s250,perimeter,quarter_4,4,b100_p02500_s250,p02500_s250,selected_ranked_validation,100,2500,250,False,False,3709580814,1097998799,games8_possessions92_source4370615271_grid20x10_trajectory142_outcome242_baseline0.10_mc100_alpha0.05_min100_profiles2b1671cb4b,games8_possessions92_source4370615271_grid20x10_trajectory142_outcome242_baseline0.10_mc100_alpha0.05_min100_profiles2b1671cb4b_plandc0cd9facf,factorial_nested_prefix_median_v1,sha256_slot_seed_v1,nested_prefix_median_v1,184,ok,127.7206596000142,26.53572274261033,158.44774797577168,131.8733678631343,168.69656568370783,36.82319782057354,151.25397970972446,9.64409410611174,100,100,0.0,True,
perimeter__quarter_4__b050_p01000_s250,perimeter__quarter_4__p01000_s250,perimeter,quarter_4,2,b050_p01000_s250,p01000_s250,selected_ranked_validation,50,1000,250,False,False,2162539403,2005585555,games8_possessions92_source4370615271_grid20x10_trajectory142_outcome242_baseline0.10_mc100_alpha0.05_min100_profiles2b1671cb4b,games8_possessions92_source4370615271_grid20x10_trajectory142_outcome242_baseline0.10_mc100_alpha0.05_min100_profiles2b1671cb4b_plandc0cd9facf,factorial_nested_prefix_median_v1,sha256_slot_seed_v1,nested_prefix_median_v1,184,ok,36.59787689998484,15.81340872809481,62.82845662920823,50.24791969392215,70.38390774018549,20.135988046263343,61.95584792432955,5.825747027171535,50,50,0.0,True,
perimeter__quarter_4__b100_p01000_s250,perimeter__quarter_4__p01000_s250,perimeter,quarter_4,5,b100_p01000_s250,p01000_s250,selected_ranked_validation,100,1000,250,False,False,2162539403,2005585555,games8_possessions92_source4370615271_grid20x10_trajectory142_outcome242_baseline0.10_mc100_alpha0.05_min100_profiles2b1671cb4b,games8_possessions92_source4370615271_grid20x10_trajectory142_outcome242_baseline0.10_mc100_alpha0.05_min100_profiles2b1671cb4b_plandc0cd9facf,factorial_nested_prefix_median_v1,sha256_slot_seed_v1,nested_prefix_median_v1,184,ok,70.34557059998042,15.81340872809481,62.82845662920823,48.78367141806579,72.91625266057171,24.13258124250592,61.05523464719654,6.701044198145119,100,100,0.0,True,
perimeter__quarter_4__b100_p01000_s200,perimeter__quarter_4__p01000_s200,perimeter,quarter_4,3,b100_p01000_s200,p01000_s200,selected_ranked_validation,100,1000,200,True,False,2157421387,578117023,games8_possessions92_source4370615271_grid20x10_trajectory142_outcome242_baseline0.10_mc100_alpha0.05_min100_profiles2b1671cb4b,games8_possessions92_source4370615271_grid20x10_trajectory142_outcome242_baseline0.10_mc100_alpha0.05_min100_profiles2b1671cb4b_plandc0cd9facf,factorial_nested_prefix_median_v1,sha256_slot_seed_v1,nested_prefix_median_v1,184,ok,68.00087179999537,14.148304747179562,62.79852106318101,45.87272183575941,70.67588197828928,24.80316014252988,58.028819951294594,6.1710520648638765,100,100,0.0,True,
reference__full_game__b500_p01000_s100,reference__full_game__p01000_s100,reference,full_game,0,b500_p01000_s100,p01000_s100,selected_ranked_validation,500,1000,100,False,False,1920414983,612237591,games8_possessions92_source4370615271_grid20x10_trajectory142_outcome242_baseline0.10_mc100_alpha0.05_min100_profiles2b1671cb4b,games8_possessions92_source4370615271_grid20x10_trajectory142_outcome242_baseline0.10_mc100_alpha0.05_min100_profiles2b1671cb4b_plandc0cd9facf,factorial_nested_prefix_median_v1,sha256_slot_seed_v1,nested_prefix_median_v1,736,ok,387.019052199983,15.532817727173946,60.84524520480852,47.21311058359638,68.7126920197414,21.49958143614501,57.47430403542336,5.619994115753676,500,500,0.0,True,
reference__full_game__b050_p02500_s250,reference__full_game__p02500_s250,reference,full_game,1,b050_p02500_s250,p02500_s250,selected_ranked_validation,50,2500,250,False,False,2735250012,928702301,games8_possessions92_source4370615271_grid20x10_trajectory142_outcome242_baseline0.10_mc100_alpha0.05_min100_profiles2b1671cb4b,games8_possessions92_source4370615271_grid20x10_trajectory142_outcome242_baseline0.10_mc100_alpha0.05_min100_profiles2b1671cb4b_plandc0cd9facf,factorial_nested_prefix_median_v1,sha256_slot_seed_v1,nested_prefix_median_v1,736,ok,66.79704210000273,22.764780477174646,159.08274427408148,152.14499674083518,186.7498552482741,34.604858507438934,166.48591544488943,10.079950395905708,50,50,0.0,True,
reference__full_game__b100_p02500_s250,reference__full_game__p02500_s250,reference,full_game,4,b100_p02500_s250,p02500_s250,selected_ranked_validation,100,2500,250,False,False,2735250012,928702301,games8_possessions92_source4370615271_grid20x10_trajectory142_outcome242_baseline0.10_mc100_alpha0.05_min100_profiles2b1671cb4b,games8_possessions92_source4370615271_grid20x10_trajectory142_outcome242_baseline0.10_mc100_alpha0.05_min100_profiles2b1671cb4b_plandc0cd9facf,factorial_nested_prefix_median_v1,sha256_slot_seed_v1,nested_prefix_median_v1,736,ok,132.48991060001208,22.764780477174646,159.08274427408148,150.95678515347055,184.5270215733929,33.57023641992231,166.24689613718925,9.22113803762954,100,100,0.0,True,
reference__full_game__b050_p01000_s250,reference__full_game__p01000_s250,reference,full_game,2,b050_p01000_s250,p01000_s250,selected_ranked_validation,50,1000,250,False,False,2271573849,2673878194,games8_possessions92_source4370615271_grid20x10_trajectory142_outcome242_baseline0.10_mc100_alpha0.05_min100_profiles2b1671cb4b,games8_possessions92_source4370615271_grid20x10_trajectory142_outcome242_baseline0.10_mc100_alpha0.05_min100_profiles2b1671cb4b_plandc0cd9facf,factorial_nested_prefix_median_v1,sha256_slot_seed_v1,nested_prefix_median_v1,736,ok,37.9560355999929,16.40347269573192,65.77325605886513,57.9914621729533,77.75982080330823,19.76835863035493,66.49699235537955,5.930040601317135,50,50,0.0,True,
reference__full_game__b100_p01000_s250,reference__full_game__p01000_s250,reference,full_game,5,b100_p01000_s250,p01000_s250,selected_ranked_validation,100,1000,250,False,False,2271573849,2673878194,games8_possessions92_source4370615271_grid20x10_trajectory142_outcome242_baseline0.10_mc100_alpha0.05_min100_profiles2b1671cb4b,games8_possessions92_source4370615271_grid20x10_trajectory142_outcome242_baseline0.10_mc100_alpha0.05_min100_profiles2b1671cb4b_plandc0cd9facf,factorial_nested_prefix_median_v1,sha256_slot_seed_v1,nested_prefix_median_v1,736,ok,72.08349019996967,16.40347269573192,65.77325605886513,56.2152691539528,77.79891887034634,21.583649716393538,66.84218467238674,6.095658233188897,100,100,0.0,True,
reference__full_game__b100_p01000_s200,reference__full_game__p01000_s200,reference,full_game,3,b100_p01000_s200,p01000_s200,selected_ranked_validation,100,1000,200,True,False,2842462570,48234548,games8_possessions92_source4370615271_grid20x10_trajectory142_outcome242_baseline0.10_mc100_alpha0.05_min100_profiles2b1671cb4b,games8_possessions92_source4370615271_grid20x10_trajectory142_outcome242_baseline0.10_mc100_alpha0.05_min100_profiles2b1671cb4b_plandc0cd9facf,factorial_nested_prefix_median_v1,sha256_slot_seed_v1,nested_prefix_median_v1,736,ok,68.74435839998841,14.75469716654366,57.1629684692161,50.631769164236,74.58694230984646,23.955173145610463,63.570569773166056,6.367824417698379,100,100,0.0,True,
reference__quarter_1__b500_p01000_s100,reference__quarter_1__p01000_s100,reference,quarter_1,0,b500_p01000_s100,p01000_s100,selected_ranked_validation,500,1000,100,False,False,2647238433,1777477109,games8_possessions92_source4370615271_grid20x10_trajectory142_outcome242_baseline0.10_mc100_alpha0.05_min100_profiles2b1671cb4b,games8_possessions92_source4370615271_grid20x10_trajectory142_outcome242_baseline0.10_mc100_alpha0.05_min100_profiles2b1671cb4b_plandc0cd9facf,factorial_nested_prefix_median_v1,sha256_slot_seed_v1,nested_prefix_median_v1,184,ok,372.0133058000429,14.406613756290708,65.55306474215418,58.148841011362144,79.97632157340752,21.827480562045373,68.80163309649285,5.595298065755073,500,500,0.0,True,
reference__quarter_1__b050_p02500_s250,reference__quarter_1__p02500_s250,reference,quarter_1,1,b050_p02500_s250,p02500_s250,selected_ranked_validation,50,2500,250,False,False,3759287628,2519541765,games8_possessions92_source4370615271_grid20x10_trajectory142_outcome242_baseline0.10_mc100_alpha0.05_min100_profiles2b1671cb4b,games8_possessions92_source4370615271_grid20x10_trajectory142_outcome242_baseline0.10_mc100_alpha0.05_min100_profiles2b1671cb4b_plandc0cd9facf,factorial_nested_prefix_median_v1,sha256_slot_seed_v1,nested_prefix_median_v1,184,ok,69.6606627000001,25.670110713753715,202.9660846338228,182.23818449896865,217.3821272284119,35.14394272944327,198.28730756967005,9.505674891503414,50,50,0.0,True,
reference__quarter_1__b100_p02500_s250,reference__quarter_1__p02500_s250,reference,quarter_1,4,b100_p02500_s250,p02500_s250,selected_ranked_validation,100,2500,250,False,False,3759287628,2519541765,games8_possessions92_source4370615271_grid20x10_trajectory142_outcome242_baseline0.10_mc100_alpha0.05_min100_profiles2b1671cb4b,games8_possessions92_source4370615271_grid20x10_trajectory142_outcome242_baseline0.10_mc100_alpha0.05_min100_profiles2b1671cb4b_plandc0cd9facf,factorial_nested_prefix_median_v1,sha256_slot_seed_v1,nested_prefix_median_v1,184,ok,132.1346953999855,25.670110713753715,202.9660846338228,179.3570523282838,217.76174999967824,38.404697671394416,198.22765541544592,10.62881041479595,100,100,0.0,True,
reference__quarter_1__b050_p01000_s250,reference__quarter_1__p01000_s250,reference,quarter_1,2,b050_p01000_s250,p01000_s250,selected_ranked_validation,50,1000,250,False,False,3078264424,3254893211,games8_possessions92_source4370615271_grid20x10_trajectory142_outcome242_baseline0.10_mc100_alpha0.05_min100_profiles2b1671cb4b,games8_possessions92_source4370615271_grid20x10_trajectory142_outcome242_baseline0.10_mc100_alpha0.05_min100_profiles2b1671cb4b_plandc0cd9facf,factorial_nested_prefix_median_v1,sha256_slot_seed_v1,nested_prefix_median_v1,184,ok,37.35675890000857,16.124496391488062,80.49920974357251,69.14988744289198,90.33358589382196,21.183698450929967,79.9617777743863,6.030072207762517,50,50,0.0,True,
reference__quarter_1__b100_p01000_s250,reference__quarter_1__p01000_s250,reference,quarter_1,5,b100_p01000_s250,p01000_s250,selected_ranked_validation,100,1000,250,False,False,3078264424,3254893211,games8_possessions92_source4370615271_grid20x10_trajectory142_outcome242_baseline0.10_mc100_alpha0.05_min100_profiles2b1671cb4b,games8_possessions92_source4370615271_grid20x10_trajectory142_outcome242_baseline0.10_mc100_alpha0.05_min100_profiles2b1671cb4b_plandc0cd9facf,factorial_nested_prefix_median_v1,sha256_slot_seed_v1,nested_prefix_median_v1,184,ok,70.89494229999764,16.124496391488062,80.49920974357251,68.87245052827076,91.27668669349312,22.40423616522236,80.05550300339256,5.822781458075928,100,100,0.0,True,
reference__quarter_1__b100_p01000_s200,reference__quarter_1__p01000_s200,reference,quarter_1,3,b100_p01000_s200,p01000_s200,selected_ranked_validation,100,1000,200,True,False,1046329125,1667196297,games8_possessions92_source4370615271_grid20x10_trajectory142_outcome242_baseline0.10_mc100_alpha0.05_min100_profiles2b1671cb4b,games8_possessions92_source4370615271_grid20x10_trajectory142_outcome242_baseline0.10_mc100_alpha0.05_min100_profiles2b1671cb4b_plandc0cd9facf,factorial_nested_prefix_median_v1,sha256_slot_seed_v1,nested_prefix_median_v1,184,ok,68.03455349997967,15.437597916206862,77.86035126063756,66.25030288597519,89.21756744169551,22.96726455572032,77.79192688416352,6.212498794625679,100,100,0.0,True,
reference__quarter_2__b500_p01000_s100,reference__quarter_2__p01000_s100,reference,quarter_2,0,b500_p01000_s100,p01000_s100,selected_ranked_validation,500,1000,100,False,False,2774607307,2540404719,games8_possessions92_source4370615271_grid20x10_trajectory142_outcome242_baseline0.10_mc100_alpha0.05_min100_profiles2b1671cb4b,games8_possessions92_source4370615271_grid20x10_trajectory142_outcome242_baseline0.10_mc100_alpha0.05_min100_profiles2b1671cb4b_plandc0cd9facf,factorial_nested_prefix_median_v1,sha256_slot_seed_v1,nested_prefix_median_v1,184,ok,352.561924000016,15.106952111822316,52.79219380954228,42.901466193917024,63.17162124813696,20.27015505421993,52.0644561193583,5.196510150019942,500,500,0.0,True,
reference__quarter_2__b050_p02500_s250,reference__quarter_2__p02500_s250,reference,quarter_2,1,b050_p02500_s250,p02500_s250,selected_ranked_validation,50,2500,250,False,False,1961067986,2125811393,games8_possessions92_source4370615271_grid20x10_trajectory142_outcome242_baseline0.10_mc100_alpha0.05_min100_profiles2b1671cb4b,games8_possessions92_source4370615271_grid20x10_trajectory142_outcome242_baseline0.10_mc100_alpha0.05_min100_profiles2b1671cb4b_plandc0cd9facf,factorial_nested_prefix_median_v1,sha256_slot_seed_v1,nested_prefix_median_v1,184,ok,65.34767750000901,25.4784663633813,135.83090839477862,126.26540517192603,158.62671520817835,32.36131003625232,142.53857099711368,8.91777397552087,50,50,0.0,True,
reference__quarter_2__b100_p02500_s250,reference__quarter_2__p02500_s250,reference,quarter_2,4,b100_p02500_s250,p02500_s250,selected_ranked_validation,100,2500,250,False,False,1961067986,2125811393,games8_possessions92_source4370615271_grid20x10_trajectory142_outcome242_baseline0.10_mc100_alpha0.05_min100_profiles2b1671cb4b,games8_possessions92_source4370615271_grid20x10_trajectory142_outcome242_baseline0.10_mc100_alpha0.05_min100_profiles2b1671cb4b_plandc0cd9facf,factorial_nested_prefix_median_v1,sha256_slot_seed_v1,nested_prefix_median_v1,184,ok,127.5414402000024,25.4784663633813,135.83090839477862,126.35765580838785,158.9793740862685,32.621718277880674,142.50229612821656,8.650944481040652,100,100,0.0,True,
reference__quarter_2__b050_p01000_s250,reference__quarter_2__p01000_s250,reference,quarter_2,2,b050_p01000_s250,p01000_s250,selected_ranked_validation,50,1000,250,False,False,755582009,175039312,games8_possessions92_source4370615271_grid20x10_trajectory142_outcome242_baseline0.10_mc100_alpha0.05_min100_profiles2b1671cb4b,games8_possessions92_source4370615271_grid20x10_trajectory142_outcome242_baseline0.10_mc100_alpha0.05_min100_profiles2b1671cb4b_plandc0cd9facf,factorial_nested_prefix_median_v1,sha256_slot_seed_v1,nested_prefix_median_v1,184,ok,37.55654679998042,16.80626619913406,69.02521038109818,49.77616159137736,70.01717618227372,20.24101459089636,59.17378482001937,5.789513714631672,50,50,0.0,True,
reference__quarter_2__b100_p01000_s250,reference__quarter_2__p01000_s250,reference,quarter_2,5,b100_p01000_s250,p01000_s250,selected_ranked_validation,100,1000,250,False,False,755582009,175039312,games8_possessions92_source4370615271_grid20x10_trajectory142_outcome242_baseline0.10_mc100_alpha0.05_min100_profiles2b1671cb4b,games8_possessions92_source4370615271_grid20x10_trajectory142_outcome242_baseline0.10_mc100_alpha0.05_min100_profiles2b1671cb4b_plandc0cd9facf,factorial_nested_prefix_median_v1,sha256_slot_seed_v1,nested_prefix_median_v1,184,ok,71.17511409998406,16.80626619913406,69.02521038109818,48.73537550558167,69.3455398146835,20.610164309101837,58.2180717065567,5.496838597549535,100,100,0.0,True,
reference__quarter_2__b100_p01000_s200,reference__quarter_2__p01000_s200,reference,quarter_2,3,b100_p01000_s200,p01000_s200,selected_ranked_validation,100,1000,200,True,False,2801856142,87811921,games8_possessions92_source4370615271_grid20x10_trajectory142_outcome242_baseline0.10_mc100_alpha0.05_min100_profiles2b1671cb4b,games8_possessions92_source4370615271_grid20x10_trajectory142_outcome242_baseline0.10_mc100_alpha0.05_min100_profiles2b1671cb4b_plandc0cd9facf,factorial_nested_prefix_median_v1,sha256_slot_seed_v1,nested_prefix_median_v1,184,ok,67.51341600000887,16.018127360809956,60.70708409691954,46.46774342663429,65.78407126240332,19.316327835769023,56.052040009228286,5.123267487805456,100,100,0.0,True,
reference__quarter_3__b500_p01000_s100,reference__quarter_3__p01000_s100,reference,quarter_3,0,b500_p01000_s100,p01000_s100,selected_ranked_validation,500,1000,100,False,False,3547676325,2126377929,games8_possessions92_source4370615271_grid20x10_trajectory142_outcome242_baseline0.10_mc100_alpha0.05_min100_profiles2b1671cb4b,games8_possessions92_source4370615271_grid20x10_trajectory142_outcome242_baseline0.10_mc100_alpha0.05_min100_profiles2b1671cb4b_plandc0cd9facf,factorial_nested_prefix_median_v1,sha256_slot_seed_v1,nested_prefix_median_v1,184,ok,307.6521141999692,13.763016443108125,46.50154011821834,45.43543928120728,65.64556046907407,20.21012118786679,54.673149567294274,5.447668798083141,500,500,0.0,True,
reference__quarter_3__b050_p02500_s250,reference__quarter_3__p02500_s250,reference,quarter_3,1,b050_p02500_s250,p02500_s250,selected_ranked_validation,50,2500,250,False,False,3975477869,2952128745,games8_possessions92_source4370615271_grid20x10_trajectory142_outcome242_baseline0.10_mc100_alpha0.05_min100_profiles2b1671cb4b,games8_possessions92_source4370615271_grid20x10_trajectory142_outcome242_baseline0.10_mc100_alpha0.05_min100_profiles2b1671cb4b_plandc0cd9facf,factorial_nested_prefix_median_v1,sha256_slot_seed_v1,nested_prefix_median_v1,184,ok,69.56070070002534,26.909655630503067,156.89633886234273,134.33875086203756,180.432559354087,46.09380849204945,156.23941697803585,14.044609198808152,50,50,0.0,True,
reference__quarter_3__b100_p02500_s250,reference__quarter_3__p02500_s250,reference,quarter_3,4,b100_p02500_s250,p02500_s250,selected_ranked_validation,100,2500,250,False,False,3975477869,2952128745,games8_possessions92_source4370615271_grid20x10_trajectory142_outcome242_baseline0.10_mc100_alpha0.05_min100_profiles2b1671cb4b,games8_possessions92_source4370615271_grid20x10_trajectory142_outcome242_baseline0.10_mc100_alpha0.05_min100_profiles2b1671cb4b_plandc0cd9facf,factorial_nested_prefix_median_v1,sha256_slot_seed_v1,nested_prefix_median_v1,184,ok,133.28459300002578,26.909655630503067,156.89633886234273,133.756630432362,181.7027485868897,47.94611815452771,156.61630163540343,13.81811330315854,100,100,0.0,True,
reference__quarter_3__b050_p01000_s250,reference__quarter_3__p01000_s250,reference,quarter_3,2,b050_p01000_s250,p01000_s250,selected_ranked_validation,50,1000,250,False,False,508326812,1234101256,games8_possessions92_source4370615271_grid20x10_trajectory142_outcome242_baseline0.10_mc100_alpha0.05_min100_profiles2b1671cb4b,games8_possessions92_source4370615271_grid20x10_trajectory142_outcome242_baseline0.10_mc100_alpha0.05_min100_profiles2b1671cb4b_plandc0cd9facf,factorial_nested_prefix_median_v1,sha256_slot_seed_v1,nested_prefix_median_v1,184,ok,36.7238102000083,16.713475511632907,62.51946257858744,50.6636978976952,75.66379639756188,25.000098499866688,64.3516920650605,7.63673600231145,50,50,0.0,True,
reference__quarter_3__b100_p01000_s250,reference__quarter_3__p01000_s250,reference,quarter_3,5,b100_p01000_s250,p01000_s250,selected_ranked_validation,100,1000,250,False,False,508326812,1234101256,games8_possessions92_source4370615271_grid20x10_trajectory142_outcome242_baseline0.10_mc100_alpha0.05_min100_profiles2b1671cb4b,games8_possessions92_source4370615271_grid20x10_trajectory142_outcome242_baseline0.10_mc100_alpha0.05_min100_profiles2b1671cb4b_plandc0cd9facf,factorial_nested_prefix_median_v1,sha256_slot_seed_v1,nested_prefix_median_v1,184,ok,70.5330716000135,16.713475511632907,62.51946257858744,51.24425463081263,76.74683489276721,25.502580261954584,64.63869819134176,7.228695422978957,100,100,0.0,True,
reference__quarter_3__b100_p01000_s200,reference__quarter_3__p01000_s200,reference,quarter_3,3,b100_p01000_s200,p01000_s200,selected_ranked_validation,100,1000,200,True,False,4069831766,3926508488,games8_possessions92_source4370615271_grid20x10_trajectory142_outcome242_baseline0.10_mc100_alpha0.05_min100_profiles2b1671cb4b,games8_possessions92_source4370615271_grid20x10_trajectory142_outcome242_baseline0.10_mc100_alpha0.05_min100_profiles2b1671cb4b_plandc0cd9facf,factorial_nested_prefix_median_v1,sha256_slot_seed_v1,nested_prefix_median_v1,184,ok,68.32243110001218,15.662313084073432,67.1310819617968,48.379857490603406,74.36182355432929,25.981966063725885,61.237359576214345,7.007066790383112,100,100,0.0,True,
reference__quarter_4__b500_p01000_s100,reference__quarter_4__p01000_s100,reference,quarter_4,0,b500_p01000_s100,p01000_s100,selected_ranked_validation,500,1000,100,False,False,4207142198,2604833414,games8_possessions92_source4370615271_grid20x10_trajectory142_outcome242_baseline0.10_mc100_alpha0.05_min100_profiles2b1671cb4b,games8_possessions92_source4370615271_grid20x10_trajectory142_outcome242_baseline0.10_mc100_alpha0.05_min100_profiles2b1671cb4b_plandc0cd9facf,factorial_nested_prefix_median_v1,sha256_slot_seed_v1,nested_prefix_median_v1,184,ok,306.0242321999904,12.627555852933138,55.458575825105214,49.01459513119055,67.86219888348052,18.84760375228997,58.30286924399429,5.021184448948385,500,500,0.0,True,
reference__quarter_4__b050_p02500_s250,reference__quarter_4__p02500_s250,reference,quarter_4,1,b050_p02500_s250,p02500_s250,selected_ranked_validation,50,2500,250,False,False,3709580814,2628398393,games8_possessions92_source4370615271_grid20x10_trajectory142_outcome242_baseline0.10_mc100_alpha0.05_min100_profiles2b1671cb4b,games8_possessions92_source4370615271_grid20x10_trajectory142_outcome242_baseline0.10_mc100_alpha0.05_min100_profiles2b1671cb4b_plandc0cd9facf,factorial_nested_prefix_median_v1,sha256_slot_seed_v1,nested_prefix_median_v1,184,ok,65.3866438000041,22.336628326617387,175.3495067194459,153.14200253425494,187.6767871572191,34.53478462296417,170.12748288811596,9.283688572802507,50,50,0.0,True,
reference__quarter_4__b100_p02500_s250,reference__quarter_4__p02500_s250,reference,quarter_4,4,b100_p02500_s250,p02500_s250,selected_ranked_validation,100,2500,250,False,False,3709580814,2628398393,games8_possessions92_source4370615271_grid20x10_trajectory142_outcome242_baseline0.10_mc100_alpha0.05_min100_profiles2b1671cb4b,games8_possessions92_source4370615271_grid20x10_trajectory142_outcome242_baseline0.10_mc100_alpha0.05_min100_profiles2b1671cb4b_plandc0cd9facf,factorial_nested_prefix_median_v1,sha256_slot_seed_v1,nested_prefix_median_v1,184,ok,127.66287469999224,22.336628326617387,175.3495067194459,153.14210963267388,185.75386538411155,32.61175575143767,170.68542424485904,8.676552422762537,100,100,0.0,True,
reference__quarter_4__b050_p01000_s250,reference__quarter_4__p01000_s250,reference,quarter_4,2,b050_p01000_s250,p01000_s250,selected_ranked_validation,50,1000,250,False,False,2162539403,516413177,games8_possessions92_source4370615271_grid20x10_trajectory142_outcome242_baseline0.10_mc100_alpha0.05_min100_profiles2b1671cb4b,games8_possessions92_source4370615271_grid20x10_trajectory142_outcome242_baseline0.10_mc100_alpha0.05_min100_profiles2b1671cb4b_plandc0cd9facf,factorial_nested_prefix_median_v1,sha256_slot_seed_v1,nested_prefix_median_v1,184,ok,36.20004370001334,15.796532394330672,67.17668333786565,57.72638570269024,79.17182709557011,21.44544139287987,70.12873863918017,5.808189258077036,50,50,0.0,True,
reference__quarter_4__b100_p01000_s250,reference__quarter_4__p01000_s250,reference,quarter_4,5,b100_p01000_s250,p01000_s250,selected_ranked_validation,100,1000,250,False,False,2162539403,516413177,games8_possessions92_source4370615271_grid20x10_trajectory142_outcome242_baseline0.10_mc100_alpha0.05_min100_profiles2b1671cb4b,games8_possessions92_source4370615271_grid20x10_trajectory142_outcome242_baseline0.10_mc100_alpha0.05_min100_profiles2b1671cb4b_plandc0cd9facf,factorial_nested_prefix_median_v1,sha256_slot_seed_v1,nested_prefix_median_v1,184,ok,69.83298760001708,15.796532394330672,67.17668333786565,55.50307333594566,79.34200243217502,23.838929096229364,68.86001472412333,6.367442585697425,100,100,0.0,True,
reference__quarter_4__b100_p01000_s200,reference__quarter_4__p01000_s200,reference,quarter_4,3,b100_p01000_s200,p01000_s200,selected_ranked_validation,100,1000,200,True,False,2157421387,1991640988,games8_possessions92_source4370615271_grid20x10_trajectory142_outcome242_baseline0.10_mc100_alpha0.05_min100_profiles2b1671cb4b,games8_possessions92_source4370615271_grid20x10_trajectory142_outcome242_baseline0.10_mc100_alpha0.05_min100_profiles2b1671cb4b_plandc0cd9facf,factorial_nested_prefix_median_v1,sha256_slot_seed_v1,nested_prefix_median_v1,184,ok,68.0435651000007,14.988729348630498,72.02381006715284,54.53345706949666,76.74423345851251,22.210776389015848,66.47125914358428,5.873005630198081,100,100,0.0,True,
