run_id,stream_id,simulation_tag,sweep_tag,profile,scope,config_id,config_key,bootstrap_group_key,design,n_bootstraps,possessions_per_bootstrap,samples_per_possession,bootstrap_seed,null_seed,lambda_qut,map_estimator,map_status,similarity_method,profile_support_sectors,off_profile_sectors,recovered_background_level,light_leakage_exponent,moderate_leakage_exponent,whole_grid_cosine,support_cosine,outside_energy_fraction,lightly_penalized_whole_grid_cosine,moderately_penalized_whole_grid_cosine,recovered_support_energy,recovered_outside_energy,recovered_dynamic_range,error
high_y_side__full_game__b500_p01000_s100,high_y_side__full_game__p01000_s100,games8_possessions92_source4370615271_grid20x10_trajectory142_outcome242_baseline0.10_mc100_alpha0.05_min100_profiles2b1671cb4b,games8_possessions92_source4370615271_grid20x10_trajectory142_outcome242_baseline0.10_mc100_alpha0.05_min100_profiles2b1671cb4b_plandc0cd9facf,high_y_side,full_game,0,b500_p01000_s100,p01000_s100,selected_ranked_validation,500,1000,100,1920414983,1504069770,16.97921678908339,nested_prefix_median_v1,ok,whole_grid_cosine_dual_leakage_penalty_v2,35,165,-0.049048563465476036,0.5,1.0,0.9970312765458943,0.9990932653188063,0.0041234607742644,0.9949735434294329,0.9929200571863426,1.79861723507138,0.0074472360022647555,0.23281701654195786,
high_y_side__full_game__b100_p01000_s200,high_y_side__full_game__p01000_s200,games8_possessions92_source4370615271_grid20x10_trajectory142_outcome242_baseline0.10_mc100_alpha0.05_min100_profiles2b1671cb4b,games8_possessions92_source4370615271_grid20x10_trajectory142_outcome242_baseline0.10_mc100_alpha0.05_min100_profiles2b1671cb4b_plandc0cd9facf,high_y_side,full_game,3,b100_p01000_s200,p01000_s200,selected_ranked_validation,100,1000,200,2842462570,2566466706,17.40696213092803,nested_prefix_median_v1,ok,whole_grid_cosine_dual_leakage_penalty_v2,35,165,-0.04901448078453541,0.5,1.0,0.9971722190143312,0.999740848213025,0.005131988795204897,0.994610189381887,0.99205474235946,1.6910987938390365,0.008723468805732791,0.22321688756346703,
high_y_side__full_game__b050_p01000_s250,high_y_side__full_game__p01000_s250,games8_possessions92_source4370615271_grid20x10_trajectory142_outcome242_baseline0.10_mc100_alpha0.05_min100_profiles2b1671cb4b,games8_possessions92_source4370615271_grid20x10_trajectory142_outcome242_baseline0.10_mc100_alpha0.05_min100_profiles2b1671cb4b_plandc0cd9facf,high_y_side,full_game,2,b050_p01000_s250,p01000_s250,selected_ranked_validation,50,1000,250,2271573849,1666179045,18.638785745531017,nested_prefix_median_v1,ok,whole_grid_cosine_dual_leakage_penalty_v2,35,165,-0.04759969003498554,0.5,1.0,0.9963024380747771,0.9996504093628686,0.006687067480717918,0.9929656796183322,0.9896400964401674,1.574768074329056,0.010601473145839858,0.2162820566445589,
high_y_side__full_game__b100_p01000_s250,high_y_side__full_game__p01000_s250,games8_possessions92_source4370615271_grid20x10_trajectory142_outcome242_baseline0.10_mc100_alpha0.05_min100_profiles2b1671cb4b,games8_possessions92_source4370615271_grid20x10_trajectory142_outcome242_baseline0.10_mc100_alpha0.05_min100_profiles2b1671cb4b_plandc0cd9facf,high_y_side,full_game,5,b100_p01000_s250,p01000_s250,selected_ranked_validation,100,1000,250,2271573849,1666179045,18.638785745531017,nested_prefix_median_v1,ok,whole_grid_cosine_dual_leakage_penalty_v2,35,165,-0.04792276956140995,0.5,1.0,0.9967214639510463,0.9996218615133912,0.005794570786677657,0.9938294818769412,0.990945890873581,1.590257078317217,0.009268564562774195,0.21700950153172016,
high_y_side__full_game__b050_p02500_s250,high_y_side__full_game__p02500_s250,games8_possessions92_source4370615271_grid20x10_trajectory142_outcome242_baseline0.10_mc100_alpha0.05_min100_profiles2b1671cb4b,games8_possessions92_source4370615271_grid20x10_trajectory142_outcome242_baseline0.10_mc100_alpha0.05_min100_profiles2b1671cb4b_plandc0cd9facf,high_y_side,full_game,1,b050_p02500_s250,p02500_s250,selected_ranked_validation,50,2500,250,2735250012,3657802271,26.228856176766516,nested_prefix_median_v1,ok,whole_grid_cosine_dual_leakage_penalty_v2,35,165,-0.06268966943025589,0.5,1.0,0.9905907716030576,0.9990832939232651,0.016928373872056212,0.9821704383944065,0.9738216806671524,2.2584808873387368,0.03889076627544488,0.26079628616571426,
high_y_side__full_game__b100_p02500_s250,high_y_side__full_game__p02500_s250,games8_possessions92_source4370615271_grid20x10_trajectory142_outcome242_baseline0.10_mc100_alpha0.05_min100_profiles2b1671cb4b,games8_possessions92_source4370615271_grid20x10_trajectory142_outcome242_baseline0.10_mc100_alpha0.05_min100_profiles2b1671cb4b_plandc0cd9facf,high_y_side,full_game,4,b100_p02500_s250,p02500_s250,selected_ranked_validation,100,2500,250,2735250012,3657802271,26.228856176766516,nested_prefix_median_v1,ok,whole_grid_cosine_dual_leakage_penalty_v2,35,165,-0.0631483606994152,0.5,1.0,0.9897977615943037,0.9989697013115086,0.018278500508604214,0.980710033118006,0.9717057427055869,2.252922845691398,0.04194677553883722,0.26010195538401604,
high_y_side__quarter_1__b500_p01000_s100,high_y_side__quarter_1__p01000_s100,games8_possessions92_source4370615271_grid20x10_trajectory142_outcome242_baseline0.10_mc100_alpha0.05_min100_profiles2b1671cb4b,games8_possessions92_source4370615271_grid20x10_trajectory142_outcome242_baseline0.10_mc100_alpha0.05_min100_profiles2b1671cb4b_plandc0cd9facf,high_y_side,quarter_1,0,b500_p01000_s100,p01000_s100,selected_ranked_validation,500,1000,100,2647238433,3988492099,15.945000033707268,nested_prefix_median_v1,ok,whole_grid_cosine_dual_leakage_penalty_v2,35,165,-0.06596504896879196,0.5,1.0,0.9379587140518583,0.9869165540180959,0.09675289608025377,0.8914295192273008,0.8472084920636304,2.009000034255681,0.21519755855960826,0.25856707617640495,
high_y_side__quarter_1__b100_p01000_s200,high_y_side__quarter_1__p01000_s200,games8_possessions92_source4370615271_grid20x10_trajectory142_outcome242_baseline0.10_mc100_alpha0.05_min100_profiles2b1671cb4b,games8_possessions92_source4370615271_grid20x10_trajectory142_outcome242_baseline0.10_mc100_alpha0.05_min100_profiles2b1671cb4b_plandc0cd9facf,high_y_side,quarter_1,3,b100_p01000_s200,p01000_s200,selected_ranked_validation,100,1000,200,1046329125,2334718242,17.589778645018598,nested_prefix_median_v1,ok,whole_grid_cosine_dual_leakage_penalty_v2,35,165,-0.061153506860136986,0.5,1.0,0.9458789817962159,0.9920974253432618,0.09100288414824101,0.9018136982809807,0.8598012663975587,1.745075034922159,0.1747055721779731,0.2372240498661995,
high_y_side__quarter_1__b050_p01000_s250,high_y_side__quarter_1__p01000_s250,games8_possessions92_source4370615271_grid20x10_trajectory142_outcome242_baseline0.10_mc100_alpha0.05_min100_profiles2b1671cb4b,games8_possessions92_source4370615271_grid20x10_trajectory142_outcome242_baseline0.10_mc100_alpha0.05_min100_profiles2b1671cb4b_plandc0cd9facf,high_y_side,quarter_1,2,b050_p01000_s250,p01000_s250,selected_ranked_validation,50,1000,250,3078264424,1835426287,18.63506907352363,nested_prefix_median_v1,ok,whole_grid_cosine_dual_leakage_penalty_v2,35,165,-0.058645350858569145,0.5,1.0,0.9540213797961464,0.9944421423277614,0.0796411900283443,0.9152435866984423,0.8780419817966983,1.6303886421751488,0.14108203264281693,0.22752214036881924,
high_y_side__quarter_1__b100_p01000_s250,high_y_side__quarter_1__p01000_s250,games8_possessions92_source4370615271_grid20x10_trajectory142_outcome242_baseline0.10_mc100_alpha0.05_min100_profiles2b1671cb4b,games8_possessions92_source4370615271_grid20x10_trajectory142_outcome242_baseline0.10_mc100_alpha0.05_min100_profiles2b1671cb4b_plandc0cd9facf,high_y_side,quarter_1,5,b100_p01000_s250,p01000_s250,selected_ranked_validation,100,1000,250,3078264424,1835426287,18.63506907352363,nested_prefix_median_v1,ok,whole_grid_cosine_dual_leakage_penalty_v2,35,165,-0.05927737057209015,0.5,1.0,0.9542082441830478,0.9951084249510503,0.08051314989300866,0.9149891111731705,0.8773819327899935,1.6564658416667317,0.14504533978625547,0.22842910885810852,
high_y_side__quarter_1__b050_p02500_s250,high_y_side__quarter_1__p02500_s250,games8_possessions92_source4370615271_grid20x10_trajectory142_outcome242_baseline0.10_mc100_alpha0.05_min100_profiles2b1671cb4b,games8_possessions92_source4370615271_grid20x10_trajectory142_outcome242_baseline0.10_mc100_alpha0.05_min100_profiles2b1671cb4b_plandc0cd9facf,high_y_side,quarter_1,1,b050_p02500_s250,p02500_s250,selected_ranked_validation,50,2500,250,3759287628,1549208640,32.752961522401414,nested_prefix_median_v1,ok,whole_grid_cosine_dual_leakage_penalty_v2,35,165,-0.06405294314026833,0.5,1.0,0.9435861925250394,0.9894800080922392,0.09061223558355389,0.8998210124937683,0.8580857381545719,1.9657115492872352,0.19586531176568625,0.2534942962229252,
high_y_side__quarter_1__b100_p02500_s250,high_y_side__quarter_1__p02500_s250,games8_possessions92_source4370615271_grid20x10_trajectory142_outcome242_baseline0.10_mc100_alpha0.05_min100_profiles2b1671cb4b,games8_possessions92_source4370615271_grid20x10_trajectory142_outcome242_baseline0.10_mc100_alpha0.05_min100_profiles2b1671cb4b_plandc0cd9facf,high_y_side,quarter_1,4,b100_p02500_s250,p02500_s250,selected_ranked_validation,100,2500,250,3759287628,1549208640,32.752961522401414,nested_prefix_median_v1,ok,whole_grid_cosine_dual_leakage_penalty_v2,35,165,-0.06448113173246384,0.5,1.0,0.942296525358522,0.9886461017888084,0.09156582719999752,0.8981199036704632,0.8560143645463856,1.9530123565016209,0.19685432066441838,0.2541438862681389,
high_y_side__quarter_2__b500_p01000_s100,high_y_side__quarter_2__p01000_s100,games8_possessions92_source4370615271_grid20x10_trajectory142_outcome242_baseline0.10_mc100_alpha0.05_min100_profiles2b1671cb4b,games8_possessions92_source4370615271_grid20x10_trajectory142_outcome242_baseline0.10_mc100_alpha0.05_min100_profiles2b1671cb4b_plandc0cd9facf,high_y_side,quarter_2,0,b500_p01000_s100,p01000_s100,selected_ranked_validation,500,1000,100,2774607307,2026435672,14.594109962110648,nested_prefix_median_v1,ok,whole_grid_cosine_dual_leakage_penalty_v2,35,165,-0.027622366324067116,0.5,1.0,0.9118141854668746,0.9593238738690557,0.09659563671838299,0.8666573734535286,0.8237369136528481,1.2310930725940246,0.1316334346392127,0.2586524225771427,
high_y_side__quarter_2__b100_p01000_s200,high_y_side__quarter_2__p01000_s200,games8_possessions92_source4370615271_grid20x10_trajectory142_outcome242_baseline0.10_mc100_alpha0.05_min100_profiles2b1671cb4b,games8_possessions92_source4370615271_grid20x10_trajectory142_outcome242_baseline0.10_mc100_alpha0.05_min100_profiles2b1671cb4b_plandc0cd9facf,high_y_side,quarter_2,3,b100_p01000_s200,p01000_s200,selected_ranked_validation,100,1000,200,2801856142,279321663,18.485547155161388,nested_prefix_median_v1,ok,whole_grid_cosine_dual_leakage_penalty_v2,35,165,-0.02300334069877863,0.5,1.0,0.9198583506822746,0.9657525934010819,0.09278516239466535,0.8761450821892935,0.8345091442341307,0.9060313651129073,0.09266412305222102,0.21636789105832577,
high_y_side__quarter_2__b050_p01000_s250,high_y_side__quarter_2__p01000_s250,games8_possessions92_source4370615271_grid20x10_trajectory142_outcome242_baseline0.10_mc100_alpha0.05_min100_profiles2b1671cb4b,games8_possessions92_source4370615271_grid20x10_trajectory142_outcome242_baseline0.10_mc100_alpha0.05_min100_profiles2b1671cb4b_plandc0cd9facf,high_y_side,quarter_2,2,b050_p01000_s250,p01000_s250,selected_ranked_validation,50,1000,250,755582009,1090568348,16.59355323947177,nested_prefix_median_v1,ok,whole_grid_cosine_dual_leakage_penalty_v2,35,165,-0.028173409402370453,0.5,1.0,0.9230401563966445,0.9741242546564449,0.10213203533164049,0.874634961862465,0.8287681865310195,1.032227134728062,0.11741532423786177,0.22665350139141083,
high_y_side__quarter_2__b100_p01000_s250,high_y_side__quarter_2__p01000_s250,games8_possessions92_source4370615271_grid20x10_trajectory142_outcome242_baseline0.10_mc100_alpha0.05_min100_profiles2b1671cb4b,games8_possessions92_source4370615271_grid20x10_trajectory142_outcome242_baseline0.10_mc100_alpha0.05_min100_profiles2b1671cb4b_plandc0cd9facf,high_y_side,quarter_2,5,b100_p01000_s250,p01000_s250,selected_ranked_validation,100,1000,250,755582009,1090568348,16.59355323947177,nested_prefix_median_v1,ok,whole_grid_cosine_dual_leakage_penalty_v2,35,165,-0.026734997518360615,0.5,1.0,0.9193856611897585,0.9727959694400613,0.10679339212255802,0.868907788020405,0.8212013477624633,0.9953607934625944,0.11900713069316725,0.226131621748209,
high_y_side__quarter_2__b050_p02500_s250,high_y_side__quarter_2__p02500_s250,games8_possessions92_source4370615271_grid20x10_trajectory142_outcome242_baseline0.10_mc100_alpha0.05_min100_profiles2b1671cb4b,games8_possessions92_source4370615271_grid20x10_trajectory142_outcome242_baseline0.10_mc100_alpha0.05_min100_profiles2b1671cb4b_plandc0cd9facf,high_y_side,quarter_2,1,b050_p02500_s250,p02500_s250,selected_ranked_validation,50,2500,250,1961067986,1156654427,25.43178752427868,nested_prefix_median_v1,ok,whole_grid_cosine_dual_leakage_penalty_v2,35,165,-0.04171409457921982,0.5,1.0,0.8824767618405843,0.9608520785570377,0.1564836829377199,0.8104944065460692,0.7443835480408166,1.5134875714090947,0.2807724100458319,0.27814602106809616,
high_y_side__quarter_2__b100_p02500_s250,high_y_side__quarter_2__p02500_s250,games8_possessions92_source4370615271_grid20x10_trajectory142_outcome242_baseline0.10_mc100_alpha0.05_min100_profiles2b1671cb4b,games8_possessions92_source4370615271_grid20x10_trajectory142_outcome242_baseline0.10_mc100_alpha0.05_min100_profiles2b1671cb4b_plandc0cd9facf,high_y_side,quarter_2,4,b100_p02500_s250,p02500_s250,selected_ranked_validation,100,2500,250,1961067986,1156654427,25.43178752427868,nested_prefix_median_v1,ok,whole_grid_cosine_dual_leakage_penalty_v2,35,165,-0.04171409457921982,0.5,1.0,0.8834915558848859,0.9622939642357823,0.15707432484860315,0.811142289497561,0.7447177162348255,1.5068790199258415,0.2807981909447288,0.2760245017707348,
high_y_side__quarter_3__b500_p01000_s100,high_y_side__quarter_3__p01000_s100,games8_possessions92_source4370615271_grid20x10_trajectory142_outcome242_baseline0.10_mc100_alpha0.05_min100_profiles2b1671cb4b,games8_possessions92_source4370615271_grid20x10_trajectory142_outcome242_baseline0.10_mc100_alpha0.05_min100_profiles2b1671cb4b_plandc0cd9facf,high_y_side,quarter_3,0,b500_p01000_s100,p01000_s100,selected_ranked_validation,500,1000,100,3547676325,263954713,13.74146433854031,nested_prefix_median_v1,ok,whole_grid_cosine_dual_leakage_penalty_v2,35,165,-0.08468188345432281,0.5,1.0,0.9844505929770812,0.9953850327624826,0.021849598445543548,0.9736362694979181,0.9629407428310547,3.507715705804661,0.07835418715890731,0.3389057628810406,
high_y_side__quarter_3__b100_p01000_s200,high_y_side__quarter_3__p01000_s200,games8_possessions92_source4370615271_grid20x10_trajectory142_outcome242_baseline0.10_mc100_alpha0.05_min100_profiles2b1671cb4b,games8_possessions92_source4370615271_grid20x10_trajectory142_outcome242_baseline0.10_mc100_alpha0.05_min100_profiles2b1671cb4b_plandc0cd9facf,high_y_side,quarter_3,3,b100_p01000_s200,p01000_s200,selected_ranked_validation,100,1000,200,4069831766,2189025611,19.140409917298687,nested_prefix_median_v1,ok,whole_grid_cosine_dual_leakage_penalty_v2,35,165,-0.07121370360255241,0.5,1.0,0.9918783964838246,0.9986938139288162,0.013602091085363643,0.9851094897053673,0.9783867761892472,2.6178185690403986,0.03609882614230617,0.2827233634889126,
high_y_side__quarter_3__b050_p01000_s250,high_y_side__quarter_3__p01000_s250,games8_possessions92_source4370615271_grid20x10_trajectory142_outcome242_baseline0.10_mc100_alpha0.05_min100_profiles2b1671cb4b,games8_possessions92_source4370615271_grid20x10_trajectory142_outcome242_baseline0.10_mc100_alpha0.05_min100_profiles2b1671cb4b_plandc0cd9facf,high_y_side,quarter_3,2,b050_p01000_s250,p01000_s250,selected_ranked_validation,50,1000,250,508326812,2037912379,17.810597061494093,nested_prefix_median_v1,ok,whole_grid_cosine_dual_leakage_penalty_v2,35,165,-0.07639063522219658,0.5,1.0,0.9902821905315652,0.9987545114875489,0.01689381322696227,0.9818817393108923,0.9735525481627378,2.7685815519015575,0.04757563350807814,0.290762972086668,
high_y_side__quarter_3__b100_p01000_s250,high_y_side__quarter_3__p01000_s250,games8_possessions92_source4370615271_grid20x10_trajectory142_outcome242_baseline0.10_mc100_alpha0.05_min100_profiles2b1671cb4b,games8_possessions92_source4370615271_grid20x10_trajectory142_outcome242_baseline0.10_mc100_alpha0.05_min100_profiles2b1671cb4b_plandc0cd9facf,high_y_side,quarter_3,5,b100_p01000_s250,p01000_s250,selected_ranked_validation,100,1000,250,508326812,2037912379,17.810597061494093,nested_prefix_median_v1,ok,whole_grid_cosine_dual_leakage_penalty_v2,35,165,-0.07639510929584503,0.5,1.0,0.9904094637689344,0.9986341790250574,0.016404097112504363,0.9822524869724645,0.9741626907441254,2.8502850969180464,0.04753614100151002,0.29538458958268166,
high_y_side__quarter_3__b050_p02500_s250,high_y_side__quarter_3__p02500_s250,games8_possessions92_source4370615271_grid20x10_trajectory142_outcome242_baseline0.10_mc100_alpha0.05_min100_profiles2b1671cb4b,games8_possessions92_source4370615271_grid20x10_trajectory142_outcome242_baseline0.10_mc100_alpha0.05_min100_profiles2b1671cb4b_plandc0cd9facf,high_y_side,quarter_3,1,b050_p02500_s250,p02500_s250,selected_ranked_validation,50,2500,250,3975477869,3399767438,25.924883421096546,nested_prefix_median_v1,ok,whole_grid_cosine_dual_leakage_penalty_v2,35,165,-0.1046738475561142,0.5,1.0,0.9728904356287286,0.9946922659797358,0.043355926287003306,0.9515664614176661,0.9307098696162789,4.312069516332503,0.19542667250205964,0.3749410787597299,
high_y_side__quarter_3__b100_p02500_s250,high_y_side__quarter_3__p02500_s250,games8_possessions92_source4370615271_grid20x10_trajectory142_outcome242_baseline0.10_mc100_alpha0.05_min100_profiles2b1671cb4b,games8_possessions92_source4370615271_grid20x10_trajectory142_outcome242_baseline0.10_mc100_alpha0.05_min100_profiles2b1671cb4b_plandc0cd9facf,high_y_side,quarter_3,4,b100_p02500_s250,p02500_s250,selected_ranked_validation,100,2500,250,3975477869,3399767438,25.924883421096546,nested_prefix_median_v1,ok,whole_grid_cosine_dual_leakage_penalty_v2,35,165,-0.1045866310596466,0.5,1.0,0.9722714014654643,0.9944154540664181,0.044040940982676836,0.9506204617416171,0.9294516540543792,4.337614017775566,0.19983345642318323,0.3757944108918309,
high_y_side__quarter_4__b500_p01000_s100,high_y_side__quarter_4__p01000_s100,games8_possessions92_source4370615271_grid20x10_trajectory142_outcome242_baseline0.10_mc100_alpha0.05_min100_profiles2b1671cb4b,games8_possessions92_source4370615271_grid20x10_trajectory142_outcome242_baseline0.10_mc100_alpha0.05_min100_profiles2b1671cb4b_plandc0cd9facf,high_y_side,quarter_4,0,b500_p01000_s100,p01000_s100,selected_ranked_validation,500,1000,100,4207142198,3131187337,14.83961620793078,nested_prefix_median_v1,ok,whole_grid_cosine_dual_leakage_penalty_v2,35,165,-0.06510289385914803,0.5,1.0,0.9802569377959169,0.9998613625161293,0.038829845953543024,0.9610368998347283,0.9421937119064097,2.2668974030312787,0.09157928654111828,0.25586073882877824,
high_y_side__quarter_4__b100_p01000_s200,high_y_side__quarter_4__p01000_s200,games8_possessions92_source4370615271_grid20x10_trajectory142_outcome242_baseline0.10_mc100_alpha0.05_min100_profiles2b1671cb4b,games8_possessions92_source4370615271_grid20x10_trajectory142_outcome242_baseline0.10_mc100_alpha0.05_min100_profiles2b1671cb4b_plandc0cd9facf,high_y_side,quarter_4,3,b100_p01000_s200,p01000_s200,selected_ranked_validation,100,1000,200,2157421387,3807758292,17.509945908040315,nested_prefix_median_v1,ok,whole_grid_cosine_dual_leakage_penalty_v2,35,165,-0.060075439512729645,0.5,1.0,0.9830383066874139,0.9999714635465088,0.03358053200372292,0.9663918898120758,0.9500273573688116,1.8825287274832172,0.0654129167247089,0.23281364925205705,
high_y_side__quarter_4__b050_p01000_s250,high_y_side__quarter_4__p01000_s250,games8_possessions92_source4370615271_grid20x10_trajectory142_outcome242_baseline0.10_mc100_alpha0.05_min100_profiles2b1671cb4b,games8_possessions92_source4370615271_grid20x10_trajectory142_outcome242_baseline0.10_mc100_alpha0.05_min100_profiles2b1671cb4b_plandc0cd9facf,high_y_side,quarter_4,2,b050_p01000_s250,p01000_s250,selected_ranked_validation,50,1000,250,2162539403,2487036553,17.21840796137327,nested_prefix_median_v1,ok,whole_grid_cosine_dual_leakage_penalty_v2,35,165,-0.0625927746295929,0.5,1.0,0.9799908567178274,0.9999560588795872,0.03953351465697903,0.9604242813695362,0.9412483738200677,1.9144265672899325,0.07879922091257231,0.23590467125177383,
high_y_side__quarter_4__b100_p01000_s250,high_y_side__quarter_4__p01000_s250,games8_possessions92_source4370615271_grid20x10_trajectory142_outcome242_baseline0.10_mc100_alpha0.05_min100_profiles2b1671cb4b,games8_possessions92_source4370615271_grid20x10_trajectory142_outcome242_baseline0.10_mc100_alpha0.05_min100_profiles2b1671cb4b_plandc0cd9facf,high_y_side,quarter_4,5,b100_p01000_s250,p01000_s250,selected_ranked_validation,100,1000,250,2162539403,2487036553,17.21840796137327,nested_prefix_median_v1,ok,whole_grid_cosine_dual_leakage_penalty_v2,35,165,-0.061365360394120216,0.5,1.0,0.9808346361250394,0.9999465033630512,0.037860476873472965,0.9620880518977639,0.9436997690673261,1.8776170787707585,0.07388479142508912,0.23329652063548564,
high_y_side__quarter_4__b050_p02500_s250,high_y_side__quarter_4__p02500_s250,games8_possessions92_source4370615271_grid20x10_trajectory142_outcome242_baseline0.10_mc100_alpha0.05_min100_profiles2b1671cb4b,games8_possessions92_source4370615271_grid20x10_trajectory142_outcome242_baseline0.10_mc100_alpha0.05_min100_profiles2b1671cb4b_plandc0cd9facf,high_y_side,quarter_4,1,b050_p02500_s250,p02500_s250,selected_ranked_validation,50,2500,250,3709580814,1922028992,25.40414214978609,nested_prefix_median_v1,ok,whole_grid_cosine_dual_leakage_penalty_v2,35,165,-0.07378055527806282,0.5,1.0,0.9474569416180648,0.9914056647753121,0.08669429207906992,0.9054564525044368,0.865317832789086,2.509057910180712,0.23816888192199867,0.2765788845717907,
high_y_side__quarter_4__b100_p02500_s250,high_y_side__quarter_4__p02500_s250,games8_possessions92_source4370615271_grid20x10_trajectory142_outcome242_baseline0.10_mc100_alpha0.05_min100_profiles2b1671cb4b,games8_possessions92_source4370615271_grid20x10_trajectory142_outcome242_baseline0.10_mc100_alpha0.05_min100_profiles2b1671cb4b_plandc0cd9facf,high_y_side,quarter_4,4,b100_p02500_s250,p02500_s250,selected_ranked_validation,100,2500,250,3709580814,1922028992,25.40414214978609,nested_prefix_median_v1,ok,whole_grid_cosine_dual_leakage_penalty_v2,35,165,-0.07319366186857224,0.5,1.0,0.950383838278374,0.9920855544822256,0.08230189989374205,0.9104350284912017,0.8721654427597569,2.5192499323136417,0.22593384002057595,0.2769539561122656,
low_y_side__full_game__b500_p01000_s100,low_y_side__full_game__p01000_s100,games8_possessions92_source4370615271_grid20x10_trajectory142_outcome242_baseline0.10_mc100_alpha0.05_min100_profiles2b1671cb4b,games8_possessions92_source4370615271_grid20x10_trajectory142_outcome242_baseline0.10_mc100_alpha0.05_min100_profiles2b1671cb4b_plandc0cd9facf,low_y_side,full_game,0,b500_p01000_s100,p01000_s100,selected_ranked_validation,500,1000,100,1920414983,2270077150,16.3782028540763,nested_prefix_median_v1,ok,whole_grid_cosine_dual_leakage_penalty_v2,35,165,-0.046314992010593414,0.5,1.0,0.9950905879228179,0.995650082761042,0.0011235626790180573,0.9945314074866908,0.9939725412759857,1.8276832385147728,0.002055826525821005,0.2407829612493515,
low_y_side__full_game__b100_p01000_s200,low_y_side__full_game__p01000_s200,games8_possessions92_source4370615271_grid20x10_trajectory142_outcome242_baseline0.10_mc100_alpha0.05_min100_profiles2b1671cb4b,games8_possessions92_source4370615271_grid20x10_trajectory142_outcome242_baseline0.10_mc100_alpha0.05_min100_profiles2b1671cb4b_plandc0cd9facf,low_y_side,full_game,3,b100_p01000_s200,p01000_s200,selected_ranked_validation,100,1000,200,2842462570,2554669381,16.02005600740836,nested_prefix_median_v1,ok,whole_grid_cosine_dual_leakage_penalty_v2,35,165,-0.045764390379190445,0.5,1.0,0.9963371582652775,0.9974724973587477,0.0022751363389956186,0.9952031114328579,0.9940703553906166,1.689128938355775,0.003851761912398371,0.23096018098294735,
low_y_side__full_game__b050_p01000_s250,low_y_side__full_game__p01000_s250,games8_possessions92_source4370615271_grid20x10_trajectory142_outcome242_baseline0.10_mc100_alpha0.05_min100_profiles2b1671cb4b,games8_possessions92_source4370615271_grid20x10_trajectory142_outcome242_baseline0.10_mc100_alpha0.05_min100_profiles2b1671cb4b_plandc0cd9facf,low_y_side,full_game,2,b050_p01000_s250,p01000_s250,selected_ranked_validation,50,1000,250,2271573849,168242307,16.1166800751224,nested_prefix_median_v1,ok,whole_grid_cosine_dual_leakage_penalty_v2,35,165,-0.04700261913239956,0.5,1.0,0.9979213876079145,0.9987583350770006,0.0016752737148701504,0.9970851414907385,0.9962495961377481,1.6826716239963144,0.0028236659557942106,0.22647771425545216,
low_y_side__full_game__b100_p01000_s250,low_y_side__full_game__p01000_s250,games8_possessions92_source4370615271_grid20x10_trajectory142_outcome242_baseline0.10_mc100_alpha0.05_min100_profiles2b1671cb4b,games8_possessions92_source4370615271_grid20x10_trajectory142_outcome242_baseline0.10_mc100_alpha0.05_min100_profiles2b1671cb4b_plandc0cd9facf,low_y_side,full_game,5,b100_p01000_s250,p01000_s250,selected_ranked_validation,100,1000,250,2271573849,168242307,16.1166800751224,nested_prefix_median_v1,ok,whole_grid_cosine_dual_leakage_penalty_v2,35,165,-0.04646957293152809,0.5,1.0,0.9967365392129849,0.997840798138005,0.002212072133935339,0.9956335023143399,0.9945316860897166,1.6543846064342123,0.0036677313730698324,0.2256778571754694,
low_y_side__full_game__b050_p02500_s250,low_y_side__full_game__p02500_s250,games8_possessions92_source4370615271_grid20x10_trajectory142_outcome242_baseline0.10_mc100_alpha0.05_min100_profiles2b1671cb4b,games8_possessions92_source4370615271_grid20x10_trajectory142_outcome242_baseline0.10_mc100_alpha0.05_min100_profiles2b1671cb4b_plandc0cd9facf,low_y_side,full_game,1,b050_p02500_s250,p02500_s250,selected_ranked_validation,50,2500,250,2735250012,1214168332,28.76899816306081,nested_prefix_median_v1,ok,whole_grid_cosine_dual_leakage_penalty_v2,35,165,-0.052351098507642746,0.5,1.0,0.9912480008883902,0.9950636382262177,0.007654428389606051,0.9874469948643143,0.9836605640492498,1.949285441752851,0.015035755941939968,0.25218095630407333,
low_y_side__full_game__b100_p02500_s250,low_y_side__full_game__p02500_s250,games8_possessions92_source4370615271_grid20x10_trajectory142_outcome242_baseline0.10_mc100_alpha0.05_min100_profiles2b1671cb4b,games8_possessions92_source4370615271_grid20x10_trajectory142_outcome242_baseline0.10_mc100_alpha0.05_min100_profiles2b1671cb4b_plandc0cd9facf,low_y_side,full_game,4,b100_p02500_s250,p02500_s250,selected_ranked_validation,100,2500,250,2735250012,1214168332,28.76899816306081,nested_prefix_median_v1,ok,whole_grid_cosine_dual_leakage_penalty_v2,35,165,-0.05190335772931576,0.5,1.0,0.9909905789046431,0.9948822063331074,0.007807991877782871,0.9871141741467078,0.9832529325135964,1.9306681144072912,0.015193269883836458,0.25333781726658344,
low_y_side__quarter_1__b500_p01000_s100,low_y_side__quarter_1__p01000_s100,games8_possessions92_source4370615271_grid20x10_trajectory142_outcome242_baseline0.10_mc100_alpha0.05_min100_profiles2b1671cb4b,games8_possessions92_source4370615271_grid20x10_trajectory142_outcome242_baseline0.10_mc100_alpha0.05_min100_profiles2b1671cb4b_plandc0cd9facf,low_y_side,quarter_1,0,b500_p01000_s100,p01000_s100,selected_ranked_validation,500,1000,100,2647238433,515135723,16.204976428669806,nested_prefix_median_v1,ok,whole_grid_cosine_dual_leakage_penalty_v2,35,165,-0.06329385191202164,0.5,1.0,0.968731946382122,0.9815153827718578,0.0258787375163359,0.956115003812859,0.9436623866180099,2.454237639179027,0.06519986177602917,0.2869351729750633,
low_y_side__quarter_1__b100_p01000_s200,low_y_side__quarter_1__p01000_s200,games8_possessions92_source4370615271_grid20x10_trajectory142_outcome242_baseline0.10_mc100_alpha0.05_min100_profiles2b1671cb4b,games8_possessions92_source4370615271_grid20x10_trajectory142_outcome242_baseline0.10_mc100_alpha0.05_min100_profiles2b1671cb4b_plandc0cd9facf,low_y_side,quarter_1,3,b100_p01000_s200,p01000_s200,selected_ranked_validation,100,1000,200,1046329125,379861070,19.15699411612182,nested_prefix_median_v1,ok,whole_grid_cosine_dual_leakage_penalty_v2,35,165,-0.05692463181912899,0.5,1.0,0.9759875146762415,0.9888550917854423,0.02585587491983833,0.9632873782183926,0.9507525035734486,1.9649218989086819,0.05215324256177535,0.25372814387083054,
low_y_side__quarter_1__b050_p01000_s250,low_y_side__quarter_1__p01000_s250,games8_possessions92_source4370615271_grid20x10_trajectory142_outcome242_baseline0.10_mc100_alpha0.05_min100_profiles2b1671cb4b,games8_possessions92_source4370615271_grid20x10_trajectory142_outcome242_baseline0.10_mc100_alpha0.05_min100_profiles2b1671cb4b_plandc0cd9facf,low_y_side,quarter_1,2,b050_p01000_s250,p01000_s250,selected_ranked_validation,50,1000,250,3078264424,680500413,20.24380071418824,nested_prefix_median_v1,ok,whole_grid_cosine_dual_leakage_penalty_v2,35,165,-0.052845850586891174,0.5,1.0,0.980583645463197,0.9894888148190066,0.017918539342361983,0.9717586205618451,0.963013018833488,1.8027703434427185,0.03289239499805901,0.2427095714956522,
low_y_side__quarter_1__b100_p01000_s250,low_y_side__quarter_1__p01000_s250,games8_possessions92_source4370615271_grid20x10_trajectory142_outcome242_baseline0.10_mc100_alpha0.05_min100_profiles2b1671cb4b,games8_possessions92_source4370615271_grid20x10_trajectory142_outcome242_baseline0.10_mc100_alpha0.05_min100_profiles2b1671cb4b_plandc0cd9facf,low_y_side,quarter_1,5,b100_p01000_s250,p01000_s250,selected_ranked_validation,100,1000,250,3078264424,680500413,20.24380071418824,nested_prefix_median_v1,ok,whole_grid_cosine_dual_leakage_penalty_v2,35,165,-0.054840270429849625,0.5,1.0,0.9796579437472482,0.9908821652133094,0.022526695206286234,0.9685608646922043,0.9575894878420369,1.8106098285111079,0.041727027781064185,0.24210359528660774,
low_y_side__quarter_1__b050_p02500_s250,low_y_side__quarter_1__p02500_s250,games8_possessions92_source4370615271_grid20x10_trajectory142_outcome242_baseline0.10_mc100_alpha0.05_min100_profiles2b1671cb4b,games8_possessions92_source4370615271_grid20x10_trajectory142_outcome242_baseline0.10_mc100_alpha0.05_min100_profiles2b1671cb4b_plandc0cd9facf,low_y_side,quarter_1,1,b050_p02500_s250,p02500_s250,selected_ranked_validation,50,2500,250,3759287628,1392931117,26.02162025339363,nested_prefix_median_v1,ok,whole_grid_cosine_dual_leakage_penalty_v2,35,165,-0.07323959842324257,0.5,1.0,0.9347863133121891,0.967793844481687,0.06704868956259552,0.9029045354424435,0.872110115983557,2.6971524095865678,0.193837055149846,0.3065972924232483,
low_y_side__quarter_1__b100_p02500_s250,low_y_side__quarter_1__p02500_s250,games8_possessions92_source4370615271_grid20x10_trajectory142_outcome242_baseline0.10_mc100_alpha0.05_min100_profiles2b1671cb4b,games8_possessions92_source4370615271_grid20x10_trajectory142_outcome242_baseline0.10_mc100_alpha0.05_min100_profiles2b1671cb4b_plandc0cd9facf,low_y_side,quarter_1,4,b100_p02500_s250,p02500_s250,selected_ranked_validation,100,2500,250,3759287628,1392931117,26.02162025339363,nested_prefix_median_v1,ok,whole_grid_cosine_dual_leakage_penalty_v2,35,165,-0.07526861503720284,0.5,1.0,0.9315488717566602,0.967036037486627,0.07204701991799861,0.8973639728324055,0.864433551638619,2.7396881938810584,0.21271160728015726,0.3092218153178692,
low_y_side__quarter_2__b500_p01000_s100,low_y_side__quarter_2__p01000_s100,games8_possessions92_source4370615271_grid20x10_trajectory142_outcome242_baseline0.10_mc100_alpha0.05_min100_profiles2b1671cb4b,games8_possessions92_source4370615271_grid20x10_trajectory142_outcome242_baseline0.10_mc100_alpha0.05_min100_profiles2b1671cb4b_plandc0cd9facf,low_y_side,quarter_2,0,b500_p01000_s100,p01000_s100,selected_ranked_validation,500,1000,100,2774607307,1958409619,15.055132816353051,nested_prefix_median_v1,ok,whole_grid_cosine_dual_leakage_penalty_v2,35,165,-0.04112178087234497,0.5,1.0,0.9568532217073499,0.9926684725364531,0.07085779146635562,0.9223301769142395,0.8890527156596999,1.1044307845435757,0.08422556364511397,0.19458182752132414,
low_y_side__quarter_2__b100_p01000_s200,low_y_side__quarter_2__p01000_s200,games8_possessions92_source4370615271_grid20x10_trajectory142_outcome242_baseline0.10_mc100_alpha0.05_min100_profiles2b1671cb4b,games8_possessions92_source4370615271_grid20x10_trajectory142_outcome242_baseline0.10_mc100_alpha0.05_min100_profiles2b1671cb4b_plandc0cd9facf,low_y_side,quarter_2,3,b100_p01000_s200,p01000_s200,selected_ranked_validation,100,1000,200,2801856142,701279102,17.746315013038934,nested_prefix_median_v1,ok,whole_grid_cosine_dual_leakage_penalty_v2,35,165,-0.03874244727194309,0.5,1.0,0.9491063911507341,0.9935326739473915,0.08743147120548155,0.9066666505734552,0.8661246230419002,0.8857227780021333,0.08485943040708309,0.17075522616505623,
low_y_side__quarter_2__b050_p01000_s250,low_y_side__quarter_2__p01000_s250,games8_possessions92_source4370615271_grid20x10_trajectory142_outcome242_baseline0.10_mc100_alpha0.05_min100_profiles2b1671cb4b,games8_possessions92_source4370615271_grid20x10_trajectory142_outcome242_baseline0.10_mc100_alpha0.05_min100_profiles2b1671cb4b_plandc0cd9facf,low_y_side,quarter_2,2,b050_p01000_s250,p01000_s250,selected_ranked_validation,50,1000,250,755582009,1026192366,17.53647325736187,nested_prefix_median_v1,ok,whole_grid_cosine_dual_leakage_penalty_v2,35,165,-0.040130721405148506,0.5,1.0,0.9565240248738701,0.9959820382775547,0.07766486550126761,0.9186292272330501,0.8822357151333098,0.9117267769863762,0.07677159294927459,0.1729467622935772,
low_y_side__quarter_2__b100_p01000_s250,low_y_side__quarter_2__p01000_s250,games8_possessions92_source4370615271_grid20x10_trajectory142_outcome242_baseline0.10_mc100_alpha0.05_min100_profiles2b1671cb4b,games8_possessions92_source4370615271_grid20x10_trajectory142_outcome242_baseline0.10_mc100_alpha0.05_min100_profiles2b1671cb4b_plandc0cd9facf,low_y_side,quarter_2,5,b100_p01000_s250,p01000_s250,selected_ranked_validation,100,1000,250,755582009,1026192366,17.53647325736187,nested_prefix_median_v1,ok,whole_grid_cosine_dual_leakage_penalty_v2,35,165,-0.03781938925385475,0.5,1.0,0.9533365110532798,0.996288651038099,0.0843656314156421,0.9122361299210313,0.8729076743466845,0.8571089094288948,0.07897315436918213,0.16961722448468208,
low_y_side__quarter_2__b050_p02500_s250,low_y_side__quarter_2__p02500_s250,games8_possessions92_source4370615271_grid20x10_trajectory142_outcome242_baseline0.10_mc100_alpha0.05_min100_profiles2b1671cb4b,games8_possessions92_source4370615271_grid20x10_trajectory142_outcome242_baseline0.10_mc100_alpha0.05_min100_profiles2b1671cb4b_plandc0cd9facf,low_y_side,quarter_2,1,b050_p02500_s250,p02500_s250,selected_ranked_validation,50,2500,250,1961067986,3083661330,27.02011798818087,nested_prefix_median_v1,ok,whole_grid_cosine_dual_leakage_penalty_v2,35,165,-0.016092076431959867,0.5,1.0,0.8639235194375585,0.959657947173666,0.18956597415934187,0.7777394535579358,0.7001530158762106,0.8165754186760814,0.1910024872849286,0.22759162299335003,
low_y_side__quarter_2__b100_p02500_s250,low_y_side__quarter_2__p02500_s250,games8_possessions92_source4370615271_grid20x10_trajectory142_outcome242_baseline0.10_mc100_alpha0.05_min100_profiles2b1671cb4b,games8_possessions92_source4370615271_grid20x10_trajectory142_outcome242_baseline0.10_mc100_alpha0.05_min100_profiles2b1671cb4b_plandc0cd9facf,low_y_side,quarter_2,4,b100_p02500_s250,p02500_s250,selected_ranked_validation,100,2500,250,1961067986,3083661330,27.02011798818087,nested_prefix_median_v1,ok,whole_grid_cosine_dual_leakage_penalty_v2,35,165,-0.014144369401037693,0.5,1.0,0.855267995786006,0.9560176375725438,0.19966348345232543,0.7651358258129473,0.6845022084620832,0.8009626271664008,0.19981968203201864,0.2234538346529007,
low_y_side__quarter_3__b500_p01000_s100,low_y_side__quarter_3__p01000_s100,games8_possessions92_source4370615271_grid20x10_trajectory142_outcome242_baseline0.10_mc100_alpha0.05_min100_profiles2b1671cb4b,games8_possessions92_source4370615271_grid20x10_trajectory142_outcome242_baseline0.10_mc100_alpha0.05_min100_profiles2b1671cb4b_plandc0cd9facf,low_y_side,quarter_3,0,b500_p01000_s100,p01000_s100,selected_ranked_validation,500,1000,100,3547676325,2906569472,13.03093487807471,nested_prefix_median_v1,ok,whole_grid_cosine_dual_leakage_penalty_v2,35,165,-0.06214800290763378,0.5,1.0,0.9851514533208741,0.9974013940566954,0.024412868884290582,0.9730519645985805,0.9611010800597832,2.6448715343855205,0.06618465939675046,0.28959523886442184,
low_y_side__quarter_3__b100_p01000_s200,low_y_side__quarter_3__p01000_s200,games8_possessions92_source4370615271_grid20x10_trajectory142_outcome242_baseline0.10_mc100_alpha0.05_min100_profiles2b1671cb4b,games8_possessions92_source4370615271_grid20x10_trajectory142_outcome242_baseline0.10_mc100_alpha0.05_min100_profiles2b1671cb4b_plandc0cd9facf,low_y_side,quarter_3,3,b100_p01000_s200,p01000_s200,selected_ranked_validation,100,1000,200,4069831766,3893371882,15.010142754181974,nested_prefix_median_v1,ok,whole_grid_cosine_dual_leakage_penalty_v2,35,165,-0.05396105535328388,0.5,1.0,0.9902811519481517,0.998830536163643,0.017045525007088867,0.9818049452816217,0.9734012898085707,2.123821124210172,0.036829422932907606,0.25571550242602825,
low_y_side__quarter_3__b050_p01000_s250,low_y_side__quarter_3__p01000_s250,games8_possessions92_source4370615271_grid20x10_trajectory142_outcome242_baseline0.10_mc100_alpha0.05_min100_profiles2b1671cb4b,games8_possessions92_source4370615271_grid20x10_trajectory142_outcome242_baseline0.10_mc100_alpha0.05_min100_profiles2b1671cb4b_plandc0cd9facf,low_y_side,quarter_3,2,b050_p01000_s250,p01000_s250,selected_ranked_validation,50,1000,250,508326812,2662183159,17.890426284010868,nested_prefix_median_v1,ok,whole_grid_cosine_dual_leakage_penalty_v2,35,165,-0.05177133157849312,0.5,1.0,0.9954389149704868,0.9999697213578178,0.009041357706592342,0.9909286374112604,0.9864387956651764,1.9467770750075823,0.017762101422720694,0.23871415108442307,
low_y_side__quarter_3__b100_p01000_s250,low_y_side__quarter_3__p01000_s250,games8_possessions92_source4370615271_grid20x10_trajectory142_outcome242_baseline0.10_mc100_alpha0.05_min100_profiles2b1671cb4b,games8_possessions92_source4370615271_grid20x10_trajectory142_outcome242_baseline0.10_mc100_alpha0.05_min100_profiles2b1671cb4b_plandc0cd9facf,low_y_side,quarter_3,5,b100_p01000_s250,p01000_s250,selected_ranked_validation,100,1000,250,508326812,2662183159,17.890426284010868,nested_prefix_median_v1,ok,whole_grid_cosine_dual_leakage_penalty_v2,35,165,-0.05241301655769348,0.5,1.0,0.9941207164909108,0.9999383383979402,0.011602112407195674,0.988336941395583,0.9825868161918614,1.9405860034224265,0.02277918359616445,0.23766855895519257,
low_y_side__quarter_3__b050_p02500_s250,low_y_side__quarter_3__p02500_s250,games8_possessions92_source4370615271_grid20x10_trajectory142_outcome242_baseline0.10_mc100_alpha0.05_min100_profiles2b1671cb4b,games8_possessions92_source4370615271_grid20x10_trajectory142_outcome242_baseline0.10_mc100_alpha0.05_min100_profiles2b1671cb4b_plandc0cd9facf,low_y_side,quarter_3,1,b050_p02500_s250,p02500_s250,selected_ranked_validation,50,2500,250,3975477869,2014069685,25.110531823638343,nested_prefix_median_v1,ok,whole_grid_cosine_dual_leakage_penalty_v2,35,165,-0.06270406767725945,0.5,1.0,0.9709994681650801,0.9904079506765952,0.038808884347293175,0.9519713230621475,0.9333160621037784,2.5118470757927027,0.10141789814227466,0.2917202115058899,
low_y_side__quarter_3__b100_p02500_s250,low_y_side__quarter_3__p02500_s250,games8_possessions92_source4370615271_grid20x10_trajectory142_outcome242_baseline0.10_mc100_alpha0.05_min100_profiles2b1671cb4b,games8_possessions92_source4370615271_grid20x10_trajectory142_outcome242_baseline0.10_mc100_alpha0.05_min100_profiles2b1671cb4b_plandc0cd9facf,low_y_side,quarter_3,4,b100_p02500_s250,p02500_s250,selected_ranked_validation,100,2500,250,3975477869,2014069685,25.110531823638343,nested_prefix_median_v1,ok,whole_grid_cosine_dual_leakage_penalty_v2,35,165,-0.0636330284178257,0.5,1.0,0.9700231155734704,0.9900983111253011,0.04014080900714305,0.9503549639201253,0.9310856029587219,2.5257015536684473,0.10562351710148293,0.2917202079668641,
low_y_side__quarter_4__b500_p01000_s100,low_y_side__quarter_4__p01000_s100,games8_possessions92_source4370615271_grid20x10_trajectory142_outcome242_baseline0.10_mc100_alpha0.05_min100_profiles2b1671cb4b,games8_possessions92_source4370615271_grid20x10_trajectory142_outcome242_baseline0.10_mc100_alpha0.05_min100_profiles2b1671cb4b_plandc0cd9facf,low_y_side,quarter_4,0,b500_p01000_s100,p01000_s100,selected_ranked_validation,500,1000,100,4207142198,3373251164,15.95795114511503,nested_prefix_median_v1,ok,whole_grid_cosine_dual_leakage_penalty_v2,35,165,-0.07847779616713524,0.5,1.0,0.919689130612971,0.9522975160584718,0.06731110797627983,0.8881973151295167,0.8577838362376704,3.1116675874382542,0.22456554887223829,0.3550608679652214,
low_y_side__quarter_4__b100_p01000_s200,low_y_side__quarter_4__p01000_s200,games8_possessions92_source4370615271_grid20x10_trajectory142_outcome242_baseline0.10_mc100_alpha0.05_min100_profiles2b1671cb4b,games8_possessions92_source4370615271_grid20x10_trajectory142_outcome242_baseline0.10_mc100_alpha0.05_min100_profiles2b1671cb4b_plandc0cd9facf,low_y_side,quarter_4,3,b100_p01000_s200,p01000_s200,selected_ranked_validation,100,1000,200,2157421387,402461895,16.671694435938473,nested_prefix_median_v1,ok,whole_grid_cosine_dual_leakage_penalty_v2,35,165,-0.07845571264624596,0.5,1.0,0.9148696502484497,0.9549359879880092,0.08215378770992235,0.8764843795542772,0.8397096432196877,2.8372844823727954,0.25395721409137795,0.34045637771487236,
low_y_side__quarter_4__b050_p01000_s250,low_y_side__quarter_4__p01000_s250,games8_possessions92_source4370615271_grid20x10_trajectory142_outcome242_baseline0.10_mc100_alpha0.05_min100_profiles2b1671cb4b,games8_possessions92_source4370615271_grid20x10_trajectory142_outcome242_baseline0.10_mc100_alpha0.05_min100_profiles2b1671cb4b_plandc0cd9facf,low_y_side,quarter_4,2,b050_p01000_s250,p01000_s250,selected_ranked_validation,50,1000,250,2162539403,3051675550,17.801339488952518,nested_prefix_median_v1,ok,whole_grid_cosine_dual_leakage_penalty_v2,35,165,-0.07786517217755318,0.5,1.0,0.9144534381597698,0.955719664622935,0.0844919862596364,0.8749690118515496,0.8371894508276972,2.67644132913524,0.24700804429020537,0.33041488006711006,
low_y_side__quarter_4__b100_p01000_s250,low_y_side__quarter_4__p01000_s250,games8_possessions92_source4370615271_grid20x10_trajectory142_outcome242_baseline0.10_mc100_alpha0.05_min100_profiles2b1671cb4b,games8_possessions92_source4370615271_grid20x10_trajectory142_outcome242_baseline0.10_mc100_alpha0.05_min100_profiles2b1671cb4b_plandc0cd9facf,low_y_side,quarter_4,5,b100_p01000_s250,p01000_s250,selected_ranked_validation,100,1000,250,2162539403,3051675550,17.801339488952518,nested_prefix_median_v1,ok,whole_grid_cosine_dual_leakage_penalty_v2,35,165,-0.07569260150194168,0.5,1.0,0.9168833499483289,0.9559626835529667,0.0800879810215331,0.8794015622952827,0.8434520136187074,2.67422531088514,0.23281933655275555,0.3293864503502846,
low_y_side__quarter_4__b050_p02500_s250,low_y_side__quarter_4__p02500_s250,games8_possessions92_source4370615271_grid20x10_trajectory142_outcome242_baseline0.10_mc100_alpha0.05_min100_profiles2b1671cb4b,games8_possessions92_source4370615271_grid20x10_trajectory142_outcome242_baseline0.10_mc100_alpha0.05_min100_profiles2b1671cb4b_plandc0cd9facf,low_y_side,quarter_4,1,b050_p02500_s250,p02500_s250,selected_ranked_validation,50,2500,250,3709580814,2634131056,26.181785055583173,nested_prefix_median_v1,ok,whole_grid_cosine_dual_leakage_penalty_v2,35,165,-0.09451479464769363,0.5,1.0,0.8798982747770867,0.9297880952361873,0.10443529404933968,0.8326854021066207,0.7880058397172349,4.006881372887328,0.467258068141605,0.4386959828436374,
low_y_side__quarter_4__b100_p02500_s250,low_y_side__quarter_4__p02500_s250,games8_possessions92_source4370615271_grid20x10_trajectory142_outcome242_baseline0.10_mc100_alpha0.05_min100_profiles2b1671cb4b,games8_possessions92_source4370615271_grid20x10_trajectory142_outcome242_baseline0.10_mc100_alpha0.05_min100_profiles2b1671cb4b_plandc0cd9facf,low_y_side,quarter_4,4,b100_p02500_s250,p02500_s250,selected_ranked_validation,100,2500,250,3709580814,2634131056,26.181785055583173,nested_prefix_median_v1,ok,whole_grid_cosine_dual_leakage_penalty_v2,35,165,-0.09264618158340454,0.5,1.0,0.881249294726739,0.9303766856727234,0.10281929051683879,0.834716014938446,0.7906398674744711,3.9418013428905696,0.4517408958422746,0.4354118824005127,
perimeter__full_game__b500_p01000_s100,perimeter__full_game__p01000_s100,games8_possessions92_source4370615271_grid20x10_trajectory142_outcome242_baseline0.10_mc100_alpha0.05_min100_profiles2b1671cb4b,games8_possessions92_source4370615271_grid20x10_trajectory142_outcome242_baseline0.10_mc100_alpha0.05_min100_profiles2b1671cb4b_plandc0cd9facf,perimeter,full_game,0,b500_p01000_s100,p01000_s100,selected_ranked_validation,500,1000,100,1920414983,280781331,15.398342959435489,nested_prefix_median_v1,ok,whole_grid_cosine_dual_leakage_penalty_v2,54,146,-0.050424790009856224,0.5,1.0,0.7878064598225094,0.9541345561033545,0.3182583536757878,0.6504732630927224,0.5370804729042469,0.5963422667452642,0.2783912484515835,0.12810114119201899,
perimeter__full_game__b100_p01000_s200,perimeter__full_game__p01000_s200,games8_possessions92_source4370615271_grid20x10_trajectory142_outcome242_baseline0.10_mc100_alpha0.05_min100_profiles2b1671cb4b,games8_possessions92_source4370615271_grid20x10_trajectory142_outcome242_baseline0.10_mc100_alpha0.05_min100_profiles2b1671cb4b_plandc0cd9facf,perimeter,full_game,3,b100_p01000_s200,p01000_s200,selected_ranked_validation,100,1000,200,2842462570,1339056384,17.438255940333093,nested_prefix_median_v1,ok,whole_grid_cosine_dual_leakage_penalty_v2,54,146,-0.047354163601994514,0.5,1.0,0.7933315779246877,0.9626914377432181,0.32089760143505525,0.6537660644493547,0.5387533774259677,0.5340666414455847,0.2523635678632846,0.12121041305363178,
perimeter__full_game__b050_p01000_s250,perimeter__full_game__p01000_s250,games8_possessions92_source4370615271_grid20x10_trajectory142_outcome242_baseline0.10_mc100_alpha0.05_min100_profiles2b1671cb4b,games8_possessions92_source4370615271_grid20x10_trajectory142_outcome242_baseline0.10_mc100_alpha0.05_min100_profiles2b1671cb4b_plandc0cd9facf,perimeter,full_game,2,b050_p01000_s250,p01000_s250,selected_ranked_validation,50,1000,250,2271573849,2082721286,16.627137589274117,nested_prefix_median_v1,ok,whole_grid_cosine_dual_leakage_penalty_v2,54,146,-0.0476093553006649,0.5,1.0,0.809533622364223,0.9717245582599529,0.30596172040669467,0.6744140406533025,0.5618473225386018,0.5975786134298751,0.2634381791597873,0.1300499314442277,
perimeter__full_game__b100_p01000_s250,perimeter__full_game__p01000_s250,games8_possessions92_source4370615271_grid20x10_trajectory142_outcome242_baseline0.10_mc100_alpha0.05_min100_profiles2b1671cb4b,games8_possessions92_source4370615271_grid20x10_trajectory142_outcome242_baseline0.10_mc100_alpha0.05_min100_profiles2b1671cb4b_plandc0cd9facf,perimeter,full_game,5,b100_p01000_s250,p01000_s250,selected_ranked_validation,100,1000,250,2271573849,2082721286,16.627137589274117,nested_prefix_median_v1,ok,whole_grid_cosine_dual_leakage_penalty_v2,54,146,-0.04815618693828583,0.5,1.0,0.8107363181505297,0.9741244433835891,0.30732362660626694,0.6747529866771333,0.5615778926350967,0.5983318101809257,0.2654652430510607,0.1284935064613819,
perimeter__full_game__b050_p02500_s250,perimeter__full_game__p02500_s250,games8_possessions92_source4370615271_grid20x10_trajectory142_outcome242_baseline0.10_mc100_alpha0.05_min100_profiles2b1671cb4b,games8_possessions92_source4370615271_grid20x10_trajectory142_outcome242_baseline0.10_mc100_alpha0.05_min100_profiles2b1671cb4b_plandc0cd9facf,perimeter,full_game,1,b050_p02500_s250,p02500_s250,selected_ranked_validation,50,2500,250,2735250012,3564574245,28.581723187227382,nested_prefix_median_v1,ok,whole_grid_cosine_dual_leakage_penalty_v2,54,146,-0.05639834888279438,0.5,1.0,0.8807892789366433,0.9906118161622369,0.20943600458745396,0.7831420352880966,0.6963202914726883,1.0948375041206904,0.29004406204444083,0.1909468650817871,
perimeter__full_game__b100_p02500_s250,perimeter__full_game__p02500_s250,games8_possessions92_source4370615271_grid20x10_trajectory142_outcome242_baseline0.10_mc100_alpha0.05_min100_profiles2b1671cb4b,games8_possessions92_source4370615271_grid20x10_trajectory142_outcome242_baseline0.10_mc100_alpha0.05_min100_profiles2b1671cb4b_plandc0cd9facf,perimeter,full_game,4,b100_p02500_s250,p02500_s250,selected_ranked_validation,100,2500,250,2735250012,3564574245,28.581723187227382,nested_prefix_median_v1,ok,whole_grid_cosine_dual_leakage_penalty_v2,54,146,-0.05716481804847717,0.5,1.0,0.8779861825165263,0.9912342026267125,0.21544606618502923,0.7776766930027332,0.6888275133285295,1.1195327227189131,0.3074344677648246,0.19070593640208244,
perimeter__quarter_1__b500_p01000_s100,perimeter__quarter_1__p01000_s100,games8_possessions92_source4370615271_grid20x10_trajectory142_outcome242_baseline0.10_mc100_alpha0.05_min100_profiles2b1671cb4b,games8_possessions92_source4370615271_grid20x10_trajectory142_outcome242_baseline0.10_mc100_alpha0.05_min100_profiles2b1671cb4b_plandc0cd9facf,perimeter,quarter_1,0,b500_p01000_s100,p01000_s100,selected_ranked_validation,500,1000,100,2647238433,3859393548,15.842575428117554,nested_prefix_median_v1,ok,whole_grid_cosine_dual_leakage_penalty_v2,54,146,-0.05936581268906593,0.5,1.0,0.7262906699987322,0.8409380697259033,0.25407888148643165,0.6272734655705869,0.5417555489314232,1.0066399301674631,0.3428860521152765,0.1687418581917882,
perimeter__quarter_1__b100_p01000_s200,perimeter__quarter_1__p01000_s200,games8_possessions92_source4370615271_grid20x10_trajectory142_outcome242_baseline0.10_mc100_alpha0.05_min100_profiles2b1671cb4b,games8_possessions92_source4370615271_grid20x10_trajectory142_outcome242_baseline0.10_mc100_alpha0.05_min100_profiles2b1671cb4b_plandc0cd9facf,perimeter,quarter_1,3,b100_p01000_s200,p01000_s200,selected_ranked_validation,100,1000,200,1046329125,3038450395,20.088075809816072,nested_prefix_median_v1,ok,whole_grid_cosine_dual_leakage_penalty_v2,54,146,-0.055083656683564186,0.5,1.0,0.7149824397890798,0.8266868371129134,0.2519877577816396,0.6183718746412347,0.5348156179333834,0.7853093030850391,0.26455226168837664,0.14146720618009567,
perimeter__quarter_1__b050_p01000_s250,perimeter__quarter_1__p01000_s250,games8_possessions92_source4370615271_grid20x10_trajectory142_outcome242_baseline0.10_mc100_alpha0.05_min100_profiles2b1671cb4b,games8_possessions92_source4370615271_grid20x10_trajectory142_outcome242_baseline0.10_mc100_alpha0.05_min100_profiles2b1671cb4b_plandc0cd9facf,perimeter,quarter_1,2,b050_p01000_s250,p01000_s250,selected_ranked_validation,50,1000,250,3078264424,597212090,17.78929351842621,nested_prefix_median_v1,ok,whole_grid_cosine_dual_leakage_penalty_v2,54,146,-0.05143250711262226,0.5,1.0,0.7323893129602631,0.851722309396872,0.26058552039360366,0.6297758081718462,0.5415392627117991,0.8192962290860505,0.28873756208636014,0.15293346717953682,
perimeter__quarter_1__b100_p01000_s250,perimeter__quarter_1__p01000_s250,games8_possessions92_source4370615271_grid20x10_trajectory142_outcome242_baseline0.10_mc100_alpha0.05_min100_profiles2b1671cb4b,games8_possessions92_source4370615271_grid20x10_trajectory142_outcome242_baseline0.10_mc100_alpha0.05_min100_profiles2b1671cb4b_plandc0cd9facf,perimeter,quarter_1,5,b100_p01000_s250,p01000_s250,selected_ranked_validation,100,1000,250,3078264424,597212090,17.78929351842621,nested_prefix_median_v1,ok,whole_grid_cosine_dual_leakage_penalty_v2,54,146,-0.056569529697299004,0.5,1.0,0.7292786328036915,0.8435464932405612,0.2525727457091307,0.630489639309484,0.5450827261294623,0.9202879662448314,0.3109863296302445,0.15477460622787476,
perimeter__quarter_1__b050_p02500_s250,perimeter__quarter_1__p02500_s250,games8_possessions92_source4370615271_grid20x10_trajectory142_outcome242_baseline0.10_mc100_alpha0.05_min100_profiles2b1671cb4b,games8_possessions92_source4370615271_grid20x10_trajectory142_outcome242_baseline0.10_mc100_alpha0.05_min100_profiles2b1671cb4b_plandc0cd9facf,perimeter,quarter_1,1,b050_p02500_s250,p02500_s250,selected_ranked_validation,50,2500,250,3759287628,792432185,28.352442142215303,nested_prefix_median_v1,ok,whole_grid_cosine_dual_leakage_penalty_v2,54,146,-0.05348323844373226,0.5,1.0,0.7426650766465734,0.8619614488813985,0.25764725465690486,0.6398794479570181,0.551319458519024,1.232329606240998,0.42770278937094114,0.1862349547445774,
perimeter__quarter_1__b100_p02500_s250,perimeter__quarter_1__p02500_s250,games8_possessions92_source4370615271_grid20x10_trajectory142_outcome242_baseline0.10_mc100_alpha0.05_min100_profiles2b1671cb4b,games8_possessions92_source4370615271_grid20x10_trajectory142_outcome242_baseline0.10_mc100_alpha0.05_min100_profiles2b1671cb4b_plandc0cd9facf,perimeter,quarter_1,4,b100_p02500_s250,p02500_s250,selected_ranked_validation,100,2500,250,3759287628,792432185,28.352442142215303,nested_prefix_median_v1,ok,whole_grid_cosine_dual_leakage_penalty_v2,54,146,-0.05511135794222355,0.5,1.0,0.7423738453826693,0.8608794906880666,0.2563636633568907,0.6401812707464596,0.5520561668000262,1.257357870643621,0.43346573316187764,0.18601135909557343,
perimeter__quarter_2__b500_p01000_s100,perimeter__quarter_2__p01000_s100,games8_possessions92_source4370615271_grid20x10_trajectory142_outcome242_baseline0.10_mc100_alpha0.05_min100_profiles2b1671cb4b,games8_possessions92_source4370615271_grid20x10_trajectory142_outcome242_baseline0.10_mc100_alpha0.05_min100_profiles2b1671cb4b_plandc0cd9facf,perimeter,quarter_2,0,b500_p01000_s100,p01000_s100,selected_ranked_validation,500,1000,100,2774607307,2339567970,14.120473439506377,nested_prefix_median_v1,ok,whole_grid_cosine_dual_leakage_penalty_v2,54,146,-0.01234933640807867,0.5,1.0,0.7792256594623186,0.8495984936861024,0.1588004670902815,0.7146818560495497,0.6554842607709698,0.6037325345979663,0.11397178046465478,0.2383242927491665,
perimeter__quarter_2__b100_p01000_s200,perimeter__quarter_2__p01000_s200,games8_possessions92_source4370615271_grid20x10_trajectory142_outcome242_baseline0.10_mc100_alpha0.05_min100_profiles2b1671cb4b,games8_possessions92_source4370615271_grid20x10_trajectory142_outcome242_baseline0.10_mc100_alpha0.05_min100_profiles2b1671cb4b_plandc0cd9facf,perimeter,quarter_2,3,b100_p01000_s200,p01000_s200,selected_ranked_validation,100,1000,200,2801856142,1999621726,18.693839843348904,nested_prefix_median_v1,ok,whole_grid_cosine_dual_leakage_penalty_v2,54,146,-0.006066811271011829,0.5,1.0,0.7551554257689674,0.8206812521876249,0.1533114837390504,0.6948613917379183,0.6393814269907327,0.3307082578550737,0.059881966889570565,0.18326354771852493,
perimeter__quarter_2__b050_p01000_s250,perimeter__quarter_2__p01000_s250,games8_possessions92_source4370615271_grid20x10_trajectory142_outcome242_baseline0.10_mc100_alpha0.05_min100_profiles2b1671cb4b,games8_possessions92_source4370615271_grid20x10_trajectory142_outcome242_baseline0.10_mc100_alpha0.05_min100_profiles2b1671cb4b_plandc0cd9facf,perimeter,quarter_2,2,b050_p01000_s250,p01000_s250,selected_ranked_validation,50,1000,250,755582009,275020147,17.699832970892547,nested_prefix_median_v1,ok,whole_grid_cosine_dual_leakage_penalty_v2,54,146,-0.012152550276368856,0.5,1.0,0.7806648134159083,0.8621995858025111,0.18018928499259987,0.7068404589158409,0.6399973788676144,0.4164894297609897,0.09154178053763418,0.19719727002084256,
perimeter__quarter_2__b100_p01000_s250,perimeter__quarter_2__p01000_s250,games8_possessions92_source4370615271_grid20x10_trajectory142_outcome242_baseline0.10_mc100_alpha0.05_min100_profiles2b1671cb4b,games8_possessions92_source4370615271_grid20x10_trajectory142_outcome242_baseline0.10_mc100_alpha0.05_min100_profiles2b1671cb4b_plandc0cd9facf,perimeter,quarter_2,5,b100_p01000_s250,p01000_s250,selected_ranked_validation,100,1000,250,755582009,275020147,17.699832970892547,nested_prefix_median_v1,ok,whole_grid_cosine_dual_leakage_penalty_v2,54,146,-0.011630880180746317,0.5,1.0,0.782291566220625,0.8578672936219235,0.16843332770349043,0.7133738506291958,0.6505275944877097,0.4103520091434698,0.08311655184420727,0.19694059267640113,
perimeter__quarter_2__b050_p02500_s250,perimeter__quarter_2__p02500_s250,games8_possessions92_source4370615271_grid20x10_trajectory142_outcome242_baseline0.10_mc100_alpha0.05_min100_profiles2b1671cb4b,games8_possessions92_source4370615271_grid20x10_trajectory142_outcome242_baseline0.10_mc100_alpha0.05_min100_profiles2b1671cb4b_plandc0cd9facf,perimeter,quarter_2,1,b050_p02500_s250,p02500_s250,selected_ranked_validation,50,2500,250,1961067986,2301902216,30.02267172653905,nested_prefix_median_v1,ok,whole_grid_cosine_dual_leakage_penalty_v2,54,146,-0.016801408492028713,0.5,1.0,0.7826047661525607,0.8713233894622925,0.19327366851969546,0.7029195215138999,0.631347871997257,0.9842271695811956,0.23579891754947413,0.3002975508570671,
perimeter__quarter_2__b100_p02500_s250,perimeter__quarter_2__p02500_s250,games8_possessions92_source4370615271_grid20x10_trajectory142_outcome242_baseline0.10_mc100_alpha0.05_min100_profiles2b1671cb4b,games8_possessions92_source4370615271_grid20x10_trajectory142_outcome242_baseline0.10_mc100_alpha0.05_min100_profiles2b1671cb4b_plandc0cd9facf,perimeter,quarter_2,4,b100_p02500_s250,p02500_s250,selected_ranked_validation,100,2500,250,1961067986,2301902216,30.02267172653905,nested_prefix_median_v1,ok,whole_grid_cosine_dual_leakage_penalty_v2,54,146,-0.01724510733038187,0.5,1.0,0.784328906631873,0.8720589195426866,0.19108146674015947,0.7054246221126313,0.6344581887459492,0.995096568991402,0.23506015022887256,0.3038921281695366,
perimeter__quarter_3__b500_p01000_s100,perimeter__quarter_3__p01000_s100,games8_possessions92_source4370615271_grid20x10_trajectory142_outcome242_baseline0.10_mc100_alpha0.05_min100_profiles2b1671cb4b,games8_possessions92_source4370615271_grid20x10_trajectory142_outcome242_baseline0.10_mc100_alpha0.05_min100_profiles2b1671cb4b_plandc0cd9facf,perimeter,quarter_3,0,b500_p01000_s100,p01000_s100,selected_ranked_validation,500,1000,100,3547676325,446550163,14.542945629880515,nested_prefix_median_v1,ok,whole_grid_cosine_dual_leakage_penalty_v2,54,146,-0.07328478991985321,0.5,1.0,0.7639990964107827,0.91984710258432,0.31015042600559634,0.6345561318577797,0.5270444511910878,1.1243472379218231,0.5054968328827263,0.17305444329977035,
perimeter__quarter_3__b100_p01000_s200,perimeter__quarter_3__p01000_s200,games8_possessions92_source4370615271_grid20x10_trajectory142_outcome242_baseline0.10_mc100_alpha0.05_min100_profiles2b1671cb4b,games8_possessions92_source4370615271_grid20x10_trajectory142_outcome242_baseline0.10_mc100_alpha0.05_min100_profiles2b1671cb4b_plandc0cd9facf,perimeter,quarter_3,3,b100_p01000_s200,p01000_s200,selected_ranked_validation,100,1000,200,4069831766,2198903694,17.113689487683224,nested_prefix_median_v1,ok,whole_grid_cosine_dual_leakage_penalty_v2,54,146,-0.06814108043909073,0.5,1.0,0.7586657730622032,0.9151166710162192,0.3126973020828284,0.628962156898428,0.5214330326430688,0.9779416161116693,0.4449272582216645,0.1634860783815384,
perimeter__quarter_3__b050_p01000_s250,perimeter__quarter_3__p01000_s250,games8_possessions92_source4370615271_grid20x10_trajectory142_outcome242_baseline0.10_mc100_alpha0.05_min100_profiles2b1671cb4b,games8_possessions92_source4370615271_grid20x10_trajectory142_outcome242_baseline0.10_mc100_alpha0.05_min100_profiles2b1671cb4b_plandc0cd9facf,perimeter,quarter_3,2,b050_p01000_s250,p01000_s250,selected_ranked_validation,50,1000,250,508326812,4106047398,17.243075890429726,nested_prefix_median_v1,ok,whole_grid_cosine_dual_leakage_penalty_v2,54,146,-0.06905872002243996,0.5,1.0,0.76571757533061,0.9254545737534012,0.3154155680383213,0.6335517936793097,0.5241983313507796,0.9784818043595991,0.4508259021504024,0.16481512412428856,
perimeter__quarter_3__b100_p01000_s250,perimeter__quarter_3__p01000_s250,games8_possessions92_source4370615271_grid20x10_trajectory142_outcome242_baseline0.10_mc100_alpha0.05_min100_profiles2b1671cb4b,games8_possessions92_source4370615271_grid20x10_trajectory142_outcome242_baseline0.10_mc100_alpha0.05_min100_profiles2b1671cb4b_plandc0cd9facf,perimeter,quarter_3,5,b100_p01000_s250,p01000_s250,selected_ranked_validation,100,1000,250,508326812,4106047398,17.243075890429726,nested_prefix_median_v1,ok,whole_grid_cosine_dual_leakage_penalty_v2,54,146,-0.06909891963005066,0.5,1.0,0.762898280608341,0.9205543738344252,0.31319352551116225,0.6322427040685012,0.5239634784982108,0.9962460446749638,0.4543023727907123,0.16485532000660896,
perimeter__quarter_3__b050_p02500_s250,perimeter__quarter_3__p02500_s250,games8_possessions92_source4370615271_grid20x10_trajectory142_outcome242_baseline0.10_mc100_alpha0.05_min100_profiles2b1671cb4b,games8_possessions92_source4370615271_grid20x10_trajectory142_outcome242_baseline0.10_mc100_alpha0.05_min100_profiles2b1671cb4b_plandc0cd9facf,perimeter,quarter_3,1,b050_p02500_s250,p02500_s250,selected_ranked_validation,50,2500,250,3975477869,1565032616,28.66865815433122,nested_prefix_median_v1,ok,whole_grid_cosine_dual_leakage_penalty_v2,54,146,-0.07724430784583092,0.5,1.0,0.8159153203413159,0.9646195978316485,0.28455209938695336,0.6901350661588542,0.5837449030162158,1.612720268148572,0.6414204830740937,0.21391069516539574,
perimeter__quarter_3__b100_p02500_s250,perimeter__quarter_3__p02500_s250,games8_possessions92_source4370615271_grid20x10_trajectory142_outcome242_baseline0.10_mc100_alpha0.05_min100_profiles2b1671cb4b,games8_possessions92_source4370615271_grid20x10_trajectory142_outcome242_baseline0.10_mc100_alpha0.05_min100_profiles2b1671cb4b_plandc0cd9facf,perimeter,quarter_3,4,b100_p02500_s250,p02500_s250,selected_ranked_validation,100,2500,250,3975477869,1565032616,28.66865815433122,nested_prefix_median_v1,ok,whole_grid_cosine_dual_leakage_penalty_v2,54,146,-0.07756706327199936,0.5,1.0,0.8139852605335093,0.9630152790205696,0.28555841305324625,0.6880181641974267,0.5815449212868272,1.6139776951715286,0.6450980986509494,0.21385395899415016,
perimeter__quarter_4__b500_p01000_s100,perimeter__quarter_4__p01000_s100,games8_possessions92_source4370615271_grid20x10_trajectory142_outcome242_baseline0.10_mc100_alpha0.05_min100_profiles2b1671cb4b,games8_possessions92_source4370615271_grid20x10_trajectory142_outcome242_baseline0.10_mc100_alpha0.05_min100_profiles2b1671cb4b_plandc0cd9facf,perimeter,quarter_4,0,b500_p01000_s100,p01000_s100,selected_ranked_validation,500,1000,100,4207142198,1381080092,14.534281863990724,nested_prefix_median_v1,ok,whole_grid_cosine_dual_leakage_penalty_v2,54,146,-0.06200797110795975,0.5,1.0,0.8265928260459182,0.954041175730465,0.2493300593607599,0.716170032752979,0.6204983876607111,1.0913651196500025,0.36248971130358565,0.1897786669433117,
perimeter__quarter_4__b100_p01000_s200,perimeter__quarter_4__p01000_s200,games8_possessions92_source4370615271_grid20x10_trajectory142_outcome242_baseline0.10_mc100_alpha0.05_min100_profiles2b1671cb4b,games8_possessions92_source4370615271_grid20x10_trajectory142_outcome242_baseline0.10_mc100_alpha0.05_min100_profiles2b1671cb4b_plandc0cd9facf,perimeter,quarter_4,3,b100_p01000_s200,p01000_s200,selected_ranked_validation,100,1000,200,2157421387,578117023,14.148304747179562,nested_prefix_median_v1,ok,whole_grid_cosine_dual_leakage_penalty_v2,54,146,-0.06229170970618725,0.5,1.0,0.8648387100510913,0.9713575617951249,0.2072942838808301,0.7700006916305754,0.6855625889786294,1.3144713708207876,0.34373714728604926,0.20614393055438995,
perimeter__quarter_4__b050_p01000_s250,perimeter__quarter_4__p01000_s250,games8_possessions92_source4370615271_grid20x10_trajectory142_outcome242_baseline0.10_mc100_alpha0.05_min100_profiles2b1671cb4b,games8_possessions92_source4370615271_grid20x10_trajectory142_outcome242_baseline0.10_mc100_alpha0.05_min100_profiles2b1671cb4b_plandc0cd9facf,perimeter,quarter_4,2,b050_p01000_s250,p01000_s250,selected_ranked_validation,50,1000,250,2162539403,2005585555,15.81340872809481,nested_prefix_median_v1,ok,whole_grid_cosine_dual_leakage_penalty_v2,54,146,-0.06360913440585136,0.5,1.0,0.8431860301291041,0.9649964159903346,0.2365239738359648,0.736751628942837,0.6437523195999969,1.1611371729732922,0.3597189288315577,0.18740995600819588,
perimeter__quarter_4__b100_p01000_s250,perimeter__quarter_4__p01000_s250,games8_possessions92_source4370615271_grid20x10_trajectory142_outcome242_baseline0.10_mc100_alpha0.05_min100_profiles2b1671cb4b,games8_possessions92_source4370615271_grid20x10_trajectory142_outcome242_baseline0.10_mc100_alpha0.05_min100_profiles2b1671cb4b_plandc0cd9facf,perimeter,quarter_4,5,b100_p01000_s250,p01000_s250,selected_ranked_validation,100,1000,250,2162539403,2005585555,15.81340872809481,nested_prefix_median_v1,ok,whole_grid_cosine_dual_leakage_penalty_v2,54,146,-0.062017910182476044,0.5,1.0,0.8459130856480153,0.9678972506200163,0.23617657359795816,0.7393025943736968,0.6461282315179909,1.1576201963715322,0.35793975682924023,0.18706590496003628,
perimeter__quarter_4__b050_p02500_s250,perimeter__quarter_4__p02500_s250,games8_possessions92_source4370615271_grid20x10_trajectory142_outcome242_baseline0.10_mc100_alpha0.05_min100_profiles2b1671cb4b,games8_possessions92_source4370615271_grid20x10_trajectory142_outcome242_baseline0.10_mc100_alpha0.05_min100_profiles2b1671cb4b_plandc0cd9facf,perimeter,quarter_4,1,b050_p02500_s250,p02500_s250,selected_ranked_validation,50,2500,250,3709580814,1097998799,26.53572274261033,nested_prefix_median_v1,ok,whole_grid_cosine_dual_leakage_penalty_v2,54,146,-0.07288161292672157,0.5,1.0,0.8792730590660368,0.9647137008041197,0.16928770106459448,0.8013995362094734,0.730422944288714,2.0961870683618384,0.4271739930407611,0.26645011454820633,
perimeter__quarter_4__b100_p02500_s250,perimeter__quarter_4__p02500_s250,games8_possessions92_source4370615271_grid20x10_trajectory142_outcome242_baseline0.10_mc100_alpha0.05_min100_profiles2b1671cb4b,games8_possessions92_source4370615271_grid20x10_trajectory142_outcome242_baseline0.10_mc100_alpha0.05_min100_profiles2b1671cb4b_plandc0cd9facf,perimeter,quarter_4,4,b100_p02500_s250,p02500_s250,selected_ranked_validation,100,2500,250,3709580814,1097998799,26.53572274261033,nested_prefix_median_v1,ok,whole_grid_cosine_dual_leakage_penalty_v2,54,146,-0.0719635970890522,0.5,1.0,0.8804380945597824,0.9640231461465492,0.16589115292095213,0.8041002349898145,0.7343812039777338,2.0863871988713725,0.41494965443938864,0.26548847183585167,
reference__full_game__b500_p01000_s100,reference__full_game__p01000_s100,games8_possessions92_source4370615271_grid20x10_trajectory142_outcome242_baseline0.10_mc100_alpha0.05_min100_profiles2b1671cb4b,games8_possessions92_source4370615271_grid20x10_trajectory142_outcome242_baseline0.10_mc100_alpha0.05_min100_profiles2b1671cb4b_plandc0cd9facf,reference,full_game,0,b500_p01000_s100,p01000_s100,selected_ranked_validation,500,1000,100,1920414983,612237591,15.532817727173946,nested_prefix_median_v1,ok,whole_grid_cosine_dual_leakage_penalty_v2,50,150,-0.0417854618281126,0.5,1.0,0.9022011616460087,0.9560220216563963,0.10942403233934246,0.8514102370415431,0.8034786725574635,1.4097080531544233,0.1732091873112147,0.22011790983378887,
reference__full_game__b100_p01000_s200,reference__full_game__p01000_s200,games8_possessions92_source4370615271_grid20x10_trajectory142_outcome242_baseline0.10_mc100_alpha0.05_min100_profiles2b1671cb4b,games8_possessions92_source4370615271_grid20x10_trajectory142_outcome242_baseline0.10_mc100_alpha0.05_min100_profiles2b1671cb4b_plandc0cd9facf,reference,full_game,3,b100_p01000_s200,p01000_s200,selected_ranked_validation,100,1000,200,2842462570,48234548,14.75469716654366,nested_prefix_median_v1,ok,whole_grid_cosine_dual_leakage_penalty_v2,50,150,-0.04728605039417744,0.5,1.0,0.9077370015612187,0.9590119654570517,0.10407423595159557,0.8592035278836709,0.8132649666787426,1.5143827857530145,0.17591661908829612,0.22814796306192875,
reference__full_game__b050_p01000_s250,reference__full_game__p01000_s250,games8_possessions92_source4370615271_grid20x10_trajectory142_outcome242_baseline0.10_mc100_alpha0.05_min100_profiles2b1671cb4b,games8_possessions92_source4370615271_grid20x10_trajectory142_outcome242_baseline0.10_mc100_alpha0.05_min100_profiles2b1671cb4b_plandc0cd9facf,reference,full_game,2,b050_p01000_s250,p01000_s250,selected_ranked_validation,50,1000,250,2271573849,2673878194,16.40347269573192,nested_prefix_median_v1,ok,whole_grid_cosine_dual_leakage_penalty_v2,50,150,-0.045483265072107315,0.5,1.0,0.9090816318092237,0.9649298268243373,0.11240611075062823,0.8564658178437363,0.8068953012227144,1.375150174800603,0.17415090923857637,0.21321487054228783,
reference__full_game__b100_p01000_s250,reference__full_game__p01000_s250,games8_possessions92_source4370615271_grid20x10_trajectory142_outcome242_baseline0.10_mc100_alpha0.05_min100_profiles2b1671cb4b,games8_possessions92_source4370615271_grid20x10_trajectory142_outcome242_baseline0.10_mc100_alpha0.05_min100_profiles2b1671cb4b_plandc0cd9facf,reference,full_game,5,b100_p01000_s250,p01000_s250,selected_ranked_validation,100,1000,250,2271573849,2673878194,16.40347269573192,nested_prefix_median_v1,ok,whole_grid_cosine_dual_leakage_penalty_v2,50,150,-0.045231059193611145,0.5,1.0,0.9100442517965998,0.9642648049392382,0.10929807583796076,0.8588725171611129,0.8105781661478347,1.3795334117328923,0.16928261112541618,0.21368281543254852,
reference__full_game__b050_p02500_s250,reference__full_game__p02500_s250,games8_possessions92_source4370615271_grid20x10_trajectory142_outcome242_baseline0.10_mc100_alpha0.05_min100_profiles2b1671cb4b,games8_possessions92_source4370615271_grid20x10_trajectory142_outcome242_baseline0.10_mc100_alpha0.05_min100_profiles2b1671cb4b_plandc0cd9facf,reference,full_game,1,b050_p02500_s250,p02500_s250,selected_ranked_validation,50,2500,250,2735250012,928702301,22.764780477174646,nested_prefix_median_v1,ok,whole_grid_cosine_dual_leakage_penalty_v2,50,150,-0.06109292060136795,0.5,1.0,0.9260925464125871,0.9631340724970552,0.0754396097324075,0.8904756139478931,0.85622848613513,2.477616649983969,0.20216141109744995,0.2881607208400965,
reference__full_game__b100_p02500_s250,reference__full_game__p02500_s250,games8_possessions92_source4370615271_grid20x10_trajectory142_outcome242_baseline0.10_mc100_alpha0.05_min100_profiles2b1671cb4b,games8_possessions92_source4370615271_grid20x10_trajectory142_outcome242_baseline0.10_mc100_alpha0.05_min100_profiles2b1671cb4b_plandc0cd9facf,reference,full_game,4,b100_p02500_s250,p02500_s250,selected_ranked_validation,100,2500,250,2735250012,928702301,22.764780477174646,nested_prefix_median_v1,ok,whole_grid_cosine_dual_leakage_penalty_v2,50,150,-0.060727695003151894,0.5,1.0,0.9251452353061359,0.9621372727057609,0.07541731863656581,0.8895754594379939,0.8553732623099524,2.4451949822895465,0.19945219916505758,0.2862591277807951,
reference__quarter_1__b500_p01000_s100,reference__quarter_1__p01000_s100,games8_possessions92_source4370615271_grid20x10_trajectory142_outcome242_baseline0.10_mc100_alpha0.05_min100_profiles2b1671cb4b,games8_possessions92_source4370615271_grid20x10_trajectory142_outcome242_baseline0.10_mc100_alpha0.05_min100_profiles2b1671cb4b_plandc0cd9facf,reference,quarter_1,0,b500_p01000_s100,p01000_s100,selected_ranked_validation,500,1000,100,2647238433,1777477109,14.406613756290708,nested_prefix_median_v1,ok,whole_grid_cosine_dual_leakage_penalty_v2,50,150,-0.05885582976043224,0.5,1.0,0.8459295429000526,0.9515316963421216,0.2096456179884271,0.7520472458269012,0.6685841211041035,1.7821986084755121,0.4727374670853569,0.22381861247122278,
reference__quarter_1__b100_p01000_s200,reference__quarter_1__p01000_s200,games8_possessions92_source4370615271_grid20x10_trajectory142_outcome242_baseline0.10_mc100_alpha0.05_min100_profiles2b1671cb4b,games8_possessions92_source4370615271_grid20x10_trajectory142_outcome242_baseline0.10_mc100_alpha0.05_min100_profiles2b1671cb4b_plandc0cd9facf,reference,quarter_1,3,b100_p01000_s200,p01000_s200,selected_ranked_validation,100,1000,200,1046329125,1667196297,15.437597916206862,nested_prefix_median_v1,ok,whole_grid_cosine_dual_leakage_penalty_v2,50,150,-0.05800039507448673,0.5,1.0,0.8437333460000654,0.9516697676960001,0.21397224545223534,0.74803885057308,0.6631978273935036,1.5781354966223575,0.4295995833308005,0.2035075519233941,
reference__quarter_1__b050_p01000_s250,reference__quarter_1__p01000_s250,games8_possessions92_source4370615271_grid20x10_trajectory142_outcome242_baseline0.10_mc100_alpha0.05_min100_profiles2b1671cb4b,games8_possessions92_source4370615271_grid20x10_trajectory142_outcome242_baseline0.10_mc100_alpha0.05_min100_profiles2b1671cb4b_plandc0cd9facf,reference,quarter_1,2,b050_p01000_s250,p01000_s250,selected_ranked_validation,50,1000,250,3078264424,3254893211,16.124496391488062,nested_prefix_median_v1,ok,whole_grid_cosine_dual_leakage_penalty_v2,50,150,-0.05740864761173725,0.5,1.0,0.8451292054319164,0.9548328221326416,0.2165856157323865,0.7480297674295514,0.6620863761000223,1.50184752154926,0.4152062774479135,0.20129620954394334,
reference__quarter_1__b100_p01000_s250,reference__quarter_1__p01000_s250,games8_possessions92_source4370615271_grid20x10_trajectory142_outcome242_baseline0.10_mc100_alpha0.05_min100_profiles2b1671cb4b,games8_possessions92_source4370615271_grid20x10_trajectory142_outcome242_baseline0.10_mc100_alpha0.05_min100_profiles2b1671cb4b_plandc0cd9facf,reference,quarter_1,5,b100_p01000_s250,p01000_s250,selected_ranked_validation,100,1000,250,3078264424,3254893211,16.124496391488062,nested_prefix_median_v1,ok,whole_grid_cosine_dual_leakage_penalty_v2,50,150,-0.057254038751125336,0.5,1.0,0.8493600793846489,0.956268360847168,0.21109607636832534,0.754403861917161,0.6700634992026601,1.5133592750828369,0.40494690866153205,0.19875559248030183,
reference__quarter_1__b050_p02500_s250,reference__quarter_1__p02500_s250,games8_possessions92_source4370615271_grid20x10_trajectory142_outcome242_baseline0.10_mc100_alpha0.05_min100_profiles2b1671cb4b,games8_possessions92_source4370615271_grid20x10_trajectory142_outcome242_baseline0.10_mc100_alpha0.05_min100_profiles2b1671cb4b_plandc0cd9facf,reference,quarter_1,1,b050_p02500_s250,p02500_s250,selected_ranked_validation,50,2500,250,3759287628,2519541765,25.670110713753715,nested_prefix_median_v1,ok,whole_grid_cosine_dual_leakage_penalty_v2,50,150,-0.06293396279215813,0.5,1.0,0.8461314720391254,0.9193499958500153,0.15294045395432107,0.7787441901418107,0.7167237406004237,2.417914675811234,0.43656549278938583,0.26985209062695503,
reference__quarter_1__b100_p02500_s250,reference__quarter_1__p02500_s250,games8_possessions92_source4370615271_grid20x10_trajectory142_outcome242_baseline0.10_mc100_alpha0.05_min100_profiles2b1671cb4b,games8_possessions92_source4370615271_grid20x10_trajectory142_outcome242_baseline0.10_mc100_alpha0.05_min100_profiles2b1671cb4b_plandc0cd9facf,reference,quarter_1,4,b100_p02500_s250,p02500_s250,selected_ranked_validation,100,2500,250,3759287628,2519541765,25.670110713753715,nested_prefix_median_v1,ok,whole_grid_cosine_dual_leakage_penalty_v2,50,150,-0.06270864978432655,0.5,1.0,0.8485594597618673,0.9205385816544179,0.15027075038551396,0.7822085582303918,0.7210457929967252,2.4349890940756924,0.43061673881804813,0.27406512573361397,
reference__quarter_2__b500_p01000_s100,reference__quarter_2__p01000_s100,games8_possessions92_source4370615271_grid20x10_trajectory142_outcome242_baseline0.10_mc100_alpha0.05_min100_profiles2b1671cb4b,games8_possessions92_source4370615271_grid20x10_trajectory142_outcome242_baseline0.10_mc100_alpha0.05_min100_profiles2b1671cb4b_plandc0cd9facf,reference,quarter_2,0,b500_p01000_s100,p01000_s100,selected_ranked_validation,500,1000,100,2774607307,2540404719,15.106952111822316,nested_prefix_median_v1,ok,whole_grid_cosine_dual_leakage_penalty_v2,50,150,-0.0307634761556983,0.5,1.0,0.8465828770875607,0.8813134054594999,0.07726242028351342,0.8132209987253934,0.7811738350331957,1.3633346478880886,0.11415437808934754,0.24104426801204681,
reference__quarter_2__b100_p01000_s200,reference__quarter_2__p01000_s200,games8_possessions92_source4370615271_grid20x10_trajectory142_outcome242_baseline0.10_mc100_alpha0.05_min100_profiles2b1671cb4b,games8_possessions92_source4370615271_grid20x10_trajectory142_outcome242_baseline0.10_mc100_alpha0.05_min100_profiles2b1671cb4b_plandc0cd9facf,reference,quarter_2,3,b100_p01000_s200,p01000_s200,selected_ranked_validation,100,1000,200,2801856142,87811921,16.018127360809956,nested_prefix_median_v1,ok,whole_grid_cosine_dual_leakage_penalty_v2,50,150,-0.030904801096767187,0.5,1.0,0.8574469634019116,0.8955955099570749,0.08337706811274997,0.8209233821219107,0.7859555495312799,1.137977811490184,0.10351176061465388,0.21703881211578846,
reference__quarter_2__b050_p01000_s250,reference__quarter_2__p01000_s250,games8_possessions92_source4370615271_grid20x10_trajectory142_outcome242_baseline0.10_mc100_alpha0.05_min100_profiles2b1671cb4b,games8_possessions92_source4370615271_grid20x10_trajectory142_outcome242_baseline0.10_mc100_alpha0.05_min100_profiles2b1671cb4b_plandc0cd9facf,reference,quarter_2,2,b050_p01000_s250,p01000_s250,selected_ranked_validation,50,1000,250,755582009,175039312,16.80626619913406,nested_prefix_median_v1,ok,whole_grid_cosine_dual_leakage_penalty_v2,50,150,-0.03330163657665253,0.5,1.0,0.8600397779541665,0.9053641956444326,0.09761795422906297,0.8169843950333824,0.7760844542746632,1.1058600044266653,0.11962980846282968,0.2103206366300583,
reference__quarter_2__b100_p01000_s250,reference__quarter_2__p01000_s250,games8_possessions92_source4370615271_grid20x10_trajectory142_outcome242_baseline0.10_mc100_alpha0.05_min100_profiles2b1671cb4b,games8_possessions92_source4370615271_grid20x10_trajectory142_outcome242_baseline0.10_mc100_alpha0.05_min100_profiles2b1671cb4b_plandc0cd9facf,reference,quarter_2,5,b100_p01000_s250,p01000_s250,selected_ranked_validation,100,1000,250,755582009,175039312,16.80626619913406,nested_prefix_median_v1,ok,whole_grid_cosine_dual_leakage_penalty_v2,50,150,-0.030303264036774635,0.5,1.0,0.8586083648250096,0.8999756743083439,0.0898170653063686,0.8191425003948485,0.7814906812489274,1.0607137154842345,0.10467147803323343,0.2078895252197981,
reference__quarter_2__b050_p02500_s250,reference__quarter_2__p02500_s250,games8_possessions92_source4370615271_grid20x10_trajectory142_outcome242_baseline0.10_mc100_alpha0.05_min100_profiles2b1671cb4b,games8_possessions92_source4370615271_grid20x10_trajectory142_outcome242_baseline0.10_mc100_alpha0.05_min100_profiles2b1671cb4b_plandc0cd9facf,reference,quarter_2,1,b050_p02500_s250,p02500_s250,selected_ranked_validation,50,2500,250,1961067986,2125811393,25.4784663633813,nested_prefix_median_v1,ok,whole_grid_cosine_dual_leakage_penalty_v2,50,150,-0.030613458715379238,0.5,1.0,0.8119975435333943,0.8346417480107264,0.05352483463815281,0.7899676864663534,0.768535509289183,2.048246410712163,0.11583193563208295,0.300914216786623,
reference__quarter_2__b100_p02500_s250,reference__quarter_2__p02500_s250,games8_possessions92_source4370615271_grid20x10_trajectory142_outcome242_baseline0.10_mc100_alpha0.05_min100_profiles2b1671cb4b,games8_possessions92_source4370615271_grid20x10_trajectory142_outcome242_baseline0.10_mc100_alpha0.05_min100_profiles2b1671cb4b_plandc0cd9facf,reference,quarter_2,4,b100_p02500_s250,p02500_s250,selected_ranked_validation,100,2500,250,1961067986,2125811393,25.4784663633813,nested_prefix_median_v1,ok,whole_grid_cosine_dual_leakage_penalty_v2,50,150,-0.03130907192826271,0.5,1.0,0.8157728837848971,0.8394720292994922,0.0556650353083798,0.7927427891481386,0.7703628574053919,2.030780470627543,0.11970695868278641,0.30049000307917595,
reference__quarter_3__b500_p01000_s100,reference__quarter_3__p01000_s100,games8_possessions92_source4370615271_grid20x10_trajectory142_outcome242_baseline0.10_mc100_alpha0.05_min100_profiles2b1671cb4b,games8_possessions92_source4370615271_grid20x10_trajectory142_outcome242_baseline0.10_mc100_alpha0.05_min100_profiles2b1671cb4b_plandc0cd9facf,reference,quarter_3,0,b500_p01000_s100,p01000_s100,selected_ranked_validation,500,1000,100,3547676325,2126377929,13.763016443108125,nested_prefix_median_v1,ok,whole_grid_cosine_dual_leakage_penalty_v2,50,150,-0.041777603328228,0.5,1.0,0.9125393140665958,0.9292637524369137,0.035671119552902295,0.896115874027558,0.8799880150978029,2.3461075151343413,0.08678396276747277,0.3032996580004692,
reference__quarter_3__b100_p01000_s200,reference__quarter_3__p01000_s200,games8_possessions92_source4370615271_grid20x10_trajectory142_outcome242_baseline0.10_mc100_alpha0.05_min100_profiles2b1671cb4b,games8_possessions92_source4370615271_grid20x10_trajectory142_outcome242_baseline0.10_mc100_alpha0.05_min100_profiles2b1671cb4b_plandc0cd9facf,reference,quarter_3,3,b100_p01000_s200,p01000_s200,selected_ranked_validation,100,1000,200,4069831766,3926508488,15.662313084073432,nested_prefix_median_v1,ok,whole_grid_cosine_dual_leakage_penalty_v2,50,150,-0.042922694236040115,0.5,1.0,0.9138595037012799,0.9338443312775689,0.042343211344265434,0.8943023633956386,0.8751637575970911,2.0769422027978135,0.09183290264807689,0.28429138474166393,
reference__quarter_3__b050_p01000_s250,reference__quarter_3__p01000_s250,games8_possessions92_source4370615271_grid20x10_trajectory142_outcome242_baseline0.10_mc100_alpha0.05_min100_profiles2b1671cb4b,games8_possessions92_source4370615271_grid20x10_trajectory142_outcome242_baseline0.10_mc100_alpha0.05_min100_profiles2b1671cb4b_plandc0cd9facf,reference,quarter_3,2,b050_p01000_s250,p01000_s250,selected_ranked_validation,50,1000,250,508326812,1234101256,16.713475511632907,nested_prefix_median_v1,ok,whole_grid_cosine_dual_leakage_penalty_v2,50,150,-0.04468782804906368,0.5,1.0,0.9143890774398838,0.9390759481386387,0.05188585802147098,0.8903511868221388,0.8669452155914542,1.8975284449430472,0.10384286778020357,0.2669378351420164,
reference__quarter_3__b100_p01000_s250,reference__quarter_3__p01000_s250,games8_possessions92_source4370615271_grid20x10_trajectory142_outcome242_baseline0.10_mc100_alpha0.05_min100_profiles2b1671cb4b,games8_possessions92_source4370615271_grid20x10_trajectory142_outcome242_baseline0.10_mc100_alpha0.05_min100_profiles2b1671cb4b_plandc0cd9facf,reference,quarter_3,5,b100_p01000_s250,p01000_s250,selected_ranked_validation,100,1000,250,508326812,1234101256,16.713475511632907,nested_prefix_median_v1,ok,whole_grid_cosine_dual_leakage_penalty_v2,50,150,-0.044149113819003105,0.5,1.0,0.9132200554204924,0.935981345748019,0.048044834939872265,0.8910122764847557,0.869344548594034,1.9669395361286186,0.09927073124713753,0.274718614295125,
reference__quarter_3__b050_p02500_s250,reference__quarter_3__p02500_s250,games8_possessions92_source4370615271_grid20x10_trajectory142_outcome242_baseline0.10_mc100_alpha0.05_min100_profiles2b1671cb4b,games8_possessions92_source4370615271_grid20x10_trajectory142_outcome242_baseline0.10_mc100_alpha0.05_min100_profiles2b1671cb4b_plandc0cd9facf,reference,quarter_3,1,b050_p02500_s250,p02500_s250,selected_ranked_validation,50,2500,250,3975477869,2952128745,26.909655630503067,nested_prefix_median_v1,ok,whole_grid_cosine_dual_leakage_penalty_v2,50,150,-0.05557334516197443,0.5,1.0,0.8989643320052744,0.9179936850520208,0.041028867428462575,0.8803294438478556,0.8620808436045135,3.374515129714527,0.14437612269008548,0.37843358516693115,
reference__quarter_3__b100_p02500_s250,reference__quarter_3__p02500_s250,games8_possessions92_source4370615271_grid20x10_trajectory142_outcome242_baseline0.10_mc100_alpha0.05_min100_profiles2b1671cb4b,games8_possessions92_source4370615271_grid20x10_trajectory142_outcome242_baseline0.10_mc100_alpha0.05_min100_profiles2b1671cb4b_plandc0cd9facf,reference,quarter_3,4,b100_p02500_s250,p02500_s250,selected_ranked_validation,100,2500,250,3975477869,2952128745,26.909655630503067,nested_prefix_median_v1,ok,whole_grid_cosine_dual_leakage_penalty_v2,50,150,-0.05502006225287914,0.5,1.0,0.8992160430844554,0.9187189835825598,0.04200616872769258,0.8801271189448564,0.8614434222560017,3.333520996759037,0.14616842079368603,0.373462799936533,
reference__quarter_4__b500_p01000_s100,reference__quarter_4__p01000_s100,games8_possessions92_source4370615271_grid20x10_trajectory142_outcome242_baseline0.10_mc100_alpha0.05_min100_profiles2b1671cb4b,games8_possessions92_source4370615271_grid20x10_trajectory142_outcome242_baseline0.10_mc100_alpha0.05_min100_profiles2b1671cb4b_plandc0cd9facf,reference,quarter_4,0,b500_p01000_s100,p01000_s100,selected_ranked_validation,500,1000,100,4207142198,2604833414,12.627555852933138,nested_prefix_median_v1,ok,whole_grid_cosine_dual_leakage_penalty_v2,50,150,-0.09879245981574059,0.5,1.0,0.8910584677968866,0.9935585651910025,0.1956863112329589,0.7991327545748639,0.7166905231408216,3.527256490653908,0.8581674302804174,0.3070748969912529,
reference__quarter_4__b100_p01000_s200,reference__quarter_4__p01000_s200,games8_possessions92_source4370615271_grid20x10_trajectory142_outcome242_baseline0.10_mc100_alpha0.05_min100_profiles2b1671cb4b,games8_possessions92_source4370615271_grid20x10_trajectory142_outcome242_baseline0.10_mc100_alpha0.05_min100_profiles2b1671cb4b_plandc0cd9facf,reference,quarter_4,3,b100_p01000_s200,p01000_s200,selected_ranked_validation,100,1000,200,2157421387,1991640988,14.988729348630498,nested_prefix_median_v1,ok,whole_grid_cosine_dual_leakage_penalty_v2,50,150,-0.09401480853557587,0.5,1.0,0.8851837248337476,0.9935916592206661,0.20630989428612162,0.7886038690432783,0.7025615641395018,3.0263374603114372,0.7866588697731134,0.28241779282689095,
reference__quarter_4__b050_p01000_s250,reference__quarter_4__p01000_s250,games8_possessions92_source4370615271_grid20x10_trajectory142_outcome242_baseline0.10_mc100_alpha0.05_min100_profiles2b1671cb4b,games8_possessions92_source4370615271_grid20x10_trajectory142_outcome242_baseline0.10_mc100_alpha0.05_min100_profiles2b1671cb4b_plandc0cd9facf,reference,quarter_4,2,b050_p01000_s250,p01000_s250,selected_ranked_validation,50,1000,250,2162539403,516413177,15.796532394330672,nested_prefix_median_v1,ok,whole_grid_cosine_dual_leakage_penalty_v2,50,150,-0.09637117758393288,0.5,1.0,0.8775193249869564,0.9932421388867275,0.21944572641863988,0.7752793962091263,0.6849514592687992,2.9644357924901463,0.833424129394135,0.2738301642239094,
reference__quarter_4__b100_p01000_s250,reference__quarter_4__p01000_s250,games8_possessions92_source4370615271_grid20x10_trajectory142_outcome242_baseline0.10_mc100_alpha0.05_min100_profiles2b1671cb4b,games8_possessions92_source4370615271_grid20x10_trajectory142_outcome242_baseline0.10_mc100_alpha0.05_min100_profiles2b1671cb4b_plandc0cd9facf,reference,quarter_4,5,b100_p01000_s250,p01000_s250,selected_ranked_validation,100,1000,250,2162539403,516413177,15.796532394330672,nested_prefix_median_v1,ok,whole_grid_cosine_dual_leakage_penalty_v2,50,150,-0.09346705675125122,0.5,1.0,0.8773248004175643,0.992928782060675,0.21929922055508294,0.7751802740880613,0.6849281555123488,2.83361908678355,0.7959649502636144,0.2690008915960789,
reference__quarter_4__b050_p02500_s250,reference__quarter_4__p02500_s250,games8_possessions92_source4370615271_grid20x10_trajectory142_outcome242_baseline0.10_mc100_alpha0.05_min100_profiles2b1671cb4b,games8_possessions92_source4370615271_grid20x10_trajectory142_outcome242_baseline0.10_mc100_alpha0.05_min100_profiles2b1671cb4b_plandc0cd9facf,reference,quarter_4,1,b050_p02500_s250,p02500_s250,selected_ranked_validation,50,2500,250,3709580814,2628398393,22.336628326617387,nested_prefix_median_v1,ok,whole_grid_cosine_dual_leakage_penalty_v2,50,150,-0.11846574023365974,0.5,1.0,0.8906877343456489,0.9969713225382699,0.2018479912446292,0.7957346637554187,0.7109042043417497,4.740718843697594,1.1989001658319534,0.38016206696629523,
reference__quarter_4__b100_p02500_s250,reference__quarter_4__p02500_s250,games8_possessions92_source4370615271_grid20x10_trajectory142_outcome242_baseline0.10_mc100_alpha0.05_min100_profiles2b1671cb4b,games8_possessions92_source4370615271_grid20x10_trajectory142_outcome242_baseline0.10_mc100_alpha0.05_min100_profiles2b1671cb4b_plandc0cd9facf,reference,quarter_4,4,b100_p02500_s250,p02500_s250,selected_ranked_validation,100,2500,250,3709580814,2628398393,22.336628326617387,nested_prefix_median_v1,ok,whole_grid_cosine_dual_leakage_penalty_v2,50,150,-0.1189868226647377,0.5,1.0,0.8922272925811362,0.9971763802195786,0.1994157502473994,0.7983237042291051,0.714303117639863,4.81900217706489,1.2003545346791586,0.38017259798944,
